Feature ID	Taxon	Confidence
#q2:types	categorical	categorical
b4ed8ec9d3313b1ae0b929812511444b	d__Bacteria;p__Firmicutes;c__Clostridia;o__Clostridiales;f__Clostridiaceae;g__Clostridium_sensu_stricto_1	0.7054201552368913
9960b20e17a6ebd5bf31b249c3503956	d__Bacteria;p__Firmicutes;c__Clostridia;o__Peptostreptococcales-Tissierellales;f__Peptostreptococcaceae;g__Terrisporobacter	0.9049475063727721
f2cbb29998f80ea0d81f9cde98ee136e	d__Bacteria;p__Firmicutes;c__Clostridia;o__Clostridiales;f__Clostridiaceae;g__Clostridium_sensu_stricto_1	0.9999923994502763
13f7a1ef880f3b73eeffa18951ffe96f	d__Bacteria;p__Firmicutes;c__Bacilli;o__Lactobacillales;f__Streptococcaceae;g__Streptococcus	0.706771461555312
1df90edf6c6c3d64637d8a22cd96166e	d__Bacteria;p__Bacteroidota;c__Bacteroidia;o__Bacteroidales;f__Dysgonomonadaceae;g__Fermentimonas	0.9999362691737801
4f904ebdd10ebd14b54b088e8710dd22	d__Bacteria;p__Firmicutes;c__Bacilli;o__Erysipelotrichales;f__Erysipelotrichaceae;g__Turicibacter	0.9999999999985414
df3d6113f855e22f2a6d44e60f01baa7	d__Bacteria;p__Firmicutes;c__Clostridia;o__Peptostreptococcales-Tissierellales;f__Peptostreptococcaceae;g__Romboutsia	0.9857001335231814
1c9fb50dee8ade165def6107d4b32af4	d__Bacteria;p__Spirochaetota;c__Spirochaetia;o__Spirochaetales;f__Spirochaetaceae;g__Sphaerochaeta	0.9998916511937281
ce47a23d9a6afef369e5cc4c9f17d552	d__Bacteria;p__Bacteroidota;c__Bacteroidia;o__Bacteroidales;f__Dysgonomonadaceae;g__Fermentimonas	0.9998235965725732
d6eb6ac8ab8ea7a5de3ced31fc51500a	d__Bacteria;p__Firmicutes;c__Bacilli;o__Lactobacillales;f__Lactobacillaceae;g__Lactobacillus	0.9603343235816458
e94a9da4bdf2d1d6fd8b6216ea53a5ab	d__Bacteria;p__Firmicutes;c__Bacilli;o__Lactobacillales;f__Lactobacillaceae;g__Lactobacillus	0.8602642975050667
c309c5de1bc33d058b30316c97635d5b	d__Bacteria;p__Firmicutes;c__Bacilli;o__Lactobacillales;f__Lactobacillaceae;g__Lactobacillus	0.954346009292428
e5ed4b3cdfdf7e9ced2b0a8d66f72048	d__Bacteria;p__Spirochaetota;c__Spirochaetia;o__Spirochaetales;f__Spirochaetaceae;g__Sphaerochaeta	0.9992183527874867
26f5fefce8bafd0c1933143ffd471ebc	d__Bacteria;p__Firmicutes;c__Clostridia;o__Clostridiales;f__Clostridiaceae;g__Clostridium_sensu_stricto_1	0.9836051160970116
c9eb1ec1b179d48c1962fe348404dabe	d__Archaea;p__Euryarchaeota;c__Methanobacteria;o__Methanobacteriales;f__Methanobacteriaceae;g__Methanosphaera	0.9444332320041787
563d42fd1749d80d67707669904b25c8	d__Bacteria;p__Bacteroidota;c__Bacteroidia;o__Bacteroidales;f__Rikenellaceae	0.9999999999936592
6f31dbe1fbf78c2b1f4314bb8680c343	d__Bacteria;p__Bacteroidota;c__Bacteroidia;o__Bacteroidales;f__Marinilabiliaceae;g__uncultured	0.9835628697372368
524100b3c4b503048f028016b8903131	d__Bacteria;p__Firmicutes;c__Clostridia;o__Clostridia;f__Hungateiclostridiaceae;g__Fastidiosipila	0.9999992843840746
41dea6c1ccb961bd6de66476c2b2fe13	d__Bacteria;p__Bacteroidota;c__Bacteroidia;o__Bacteroidales;f__Dysgonomonadaceae;g__Fermentimonas	0.9997154812818861
ec5b90eff45ff661d65eb9a634c0ea60	d__Bacteria;p__Firmicutes;c__Bacilli;o__Bacillales;f__Planococcaceae	0.7567884002591403
1b047a01cecc0d5cd6152739d62b856c	d__Bacteria;p__Firmicutes;c__Clostridia;o__Peptostreptococcales-Tissierellales;f__Peptostreptococcales-Tissierellales;g__W5053	0.9957755028649697
320dcff6a1464b48ee454c7bfbde153f	d__Bacteria;p__Firmicutes;c__Bacilli;o__Bacillales;f__Planococcaceae;g__Savagea	0.9999949175486174
b57c482a401424cb223d8b2ec46cc944	d__Bacteria;p__Firmicutes;c__Bacilli;o__Bacillales;f__Planococcaceae;g__Rummeliibacillus	0.9999539136270578
deb76f79d627320e86e65279c22da5bb	d__Bacteria;p__Firmicutes;c__Bacilli;o__Lactobacillales;f__Lactobacillaceae;g__Lactobacillus	0.9796874445439098
ad5cf859fe4a5c609270530fbd001ce2	d__Bacteria;p__Bacteroidota;c__Bacteroidia;o__Bacteroidales;f__Dysgonomonadaceae;g__Proteiniphilum	0.9720330238229731
8d35f4e9aa69be402d0bdd763edd7741	d__Bacteria;p__Bacteroidota;c__Bacteroidia;o__Bacteroidales;f__Dysgonomonadaceae;g__Proteiniphilum	0.9624793007237982
c7189dd7edd5c0785e74f8a7ed2ee6cf	d__Bacteria;p__Firmicutes;c__Clostridia;o__Clostridia;f__Hungateiclostridiaceae;g__Fastidiosipila	0.984945745728569
9a17d75c6cda9f536e153c34ac98f18f	d__Bacteria;p__Bacteroidota;c__Bacteroidia;o__Bacteroidales;f__Dysgonomonadaceae;g__Proteiniphilum	0.7948708658138499
cbb7dae8fe655329747b5da499176504	d__Bacteria;p__Firmicutes;c__Clostridia;o__Peptostreptococcales-Tissierellales;f__Peptostreptococcales-Tissierellales;g__Anaerococcus	0.9999999993545743
4e33f51dc802023215fa73d92d7ee758	d__Bacteria;p__Bacteroidota;c__Bacteroidia;o__Bacteroidales;f__Dysgonomonadaceae;g__Proteiniphilum	0.8569570408387666
2164e40cb22143f4fb8ebe25ee8bb325	d__Bacteria;p__Firmicutes;c__Bacilli;o__Lactobacillales;f__Carnobacteriaceae;g__Trichococcus	0.9424528346444057
7e9534ef630f607790b9913505f77f56	d__Bacteria;p__Firmicutes;c__Bacilli;o__Acholeplasmatales;f__Acholeplasmataceae;g__Acholeplasma	0.9318878084440908
74ff4d97b487e2c9f41f2ba4d4059b80	d__Bacteria;p__Firmicutes;c__Clostridia;o__Peptostreptococcales-Tissierellales;f__Peptostreptococcales-Tissierellales;g__Tissierella	0.9996594612107396
e3abc4b2448c2f89f7120a7eb8df637b	d__Bacteria;p__Firmicutes;c__Clostridia;o__Peptostreptococcales-Tissierellales;f__Peptostreptococcales-Tissierellales;g__Gallicola	0.943222847519027
97d34188a0bfc98ffbd2a06dc7bd8502	d__Bacteria;p__Firmicutes;c__Clostridia;o__Peptostreptococcales-Tissierellales;f__Peptostreptococcaceae;g__Intestinibacter	0.8728667783463572
72a110617e83bcbb94ee9800177c8a1b	d__Bacteria;p__Firmicutes;c__Clostridia;o__Peptostreptococcales-Tissierellales;f__Peptostreptococcaceae;g__Peptostreptococcus	0.8468760496107873
ad2389ee8c419bd1dc43c91737826f55	d__Bacteria;p__Bacteroidota;c__Bacteroidia;o__Bacteroidales;f__Dysgonomonadaceae;g__Proteiniphilum	0.9999615664367634
076c31c940d8d3b4df450311c196a9bf	d__Bacteria;p__Actinobacteriota;c__Actinobacteria;o__Corynebacteriales;f__Corynebacteriaceae;g__Corynebacterium	0.9852652756360051
38d338960e9a9b3bca7af98db3c9ad72	d__Bacteria;p__Proteobacteria;c__Gammaproteobacteria;o__Pseudomonadales;f__Pseudomonadaceae;g__Pseudomonas	0.8245480665765067
533c2f910532668b3ef989e93b091a50	d__Bacteria;p__Spirochaetota;c__Spirochaetia;o__Spirochaetales;f__Spirochaetaceae;g__Sphaerochaeta	0.9999999999910398
14b2250c2278d00f9ee70f9ff7e5b7b4	d__Bacteria;p__Bacteroidota;c__Bacteroidia;o__Bacteroidales;f__Marinifilaceae;g__Odoribacter	0.9998356791778883
77f9131fb4980fd9cea3667014fe5261	d__Bacteria;p__Firmicutes;c__Clostridia;o__Peptostreptococcales-Tissierellales;f__Peptostreptococcaceae;g__Terrisporobacter	0.8665012804892765
fb601a87dba21b7d0e7bf28c41c7140c	d__Bacteria;p__Proteobacteria;c__Gammaproteobacteria;o__Pseudomonadales;f__Pseudomonadaceae;g__Pseudomonas	0.803604955440657
c28b6fa81d5447aee95d589ccfc76875	d__Bacteria;p__Firmicutes;c__Clostridia;o__Peptostreptococcales-Tissierellales;f__Peptostreptococcaceae;g__Terrisporobacter	0.9831778603064125
51f940cfeda0914398c990953360ea22	d__Bacteria;p__Firmicutes;c__Clostridia;o__Clostridiales;f__Clostridiaceae;g__Clostridium_sensu_stricto_1	0.9999872631665631
858f0eeb57288e17fd9fe6ffc21d1c46	d__Bacteria;p__Firmicutes;c__Clostridia;o__Clostridiales;f__Clostridiaceae;g__Clostridium_sensu_stricto_1	0.9999951104908686
0de0769699994c23e2918f59d34a549b	d__Bacteria;p__Firmicutes;c__Bacilli;o__Erysipelotrichales;f__Erysipelatoclostridiaceae;g__UCG-004	0.9998692904253678
a45c3cc679245064925423c5d52149f8	d__Bacteria;p__Proteobacteria;c__Gammaproteobacteria;o__Burkholderiales;f__Alcaligenaceae;g__Paenalcaligenes	0.9992496849060619
6822f32b080fc321bcf9ce45939c209e	d__Bacteria;p__Bacteroidota;c__Bacteroidia;o__Bacteroidales;f__Dysgonomonadaceae;g__Dysgonomonadaceae	0.9824252967634922
6efb201ab9d429ad51a275590457b1e8	d__Bacteria;p__Firmicutes;c__Clostridia;o__Clostridia_UCG-014;f__Clostridia_UCG-014;g__Clostridia_UCG-014	0.9960995010472096
c88516da4914ec39ccdb7791479b12db	d__Bacteria;p__Bacteroidota;c__Bacteroidia;o__Bacteroidales;f__Marinilabiliaceae;g__uncultured	0.9923213244425304
b09101e992b108a63c04e6f9f4c203c1	d__Bacteria;p__Bacteroidota;c__Bacteroidia;o__Bacteroidales;f__Dysgonomonadaceae;g__Fermentimonas	0.9999358261028873
300f3c0e9da78c4ddf97036fd533408c	d__Bacteria;p__Spirochaetota;c__Spirochaetia;o__Spirochaetales;f__Spirochaetaceae;g__Sphaerochaeta	0.999819861540363
e48fc618bd945f11447815370c00ef0c	d__Bacteria;p__Firmicutes;c__Clostridia;o__Eubacteriales;f__Eubacteriaceae;g__Eubacterium	0.9646692863016009
868e22c4537a1823f5bf071efb38c342	d__Bacteria;p__Firmicutes;c__Bacilli;o__Bacillales;f__Bacillaceae	0.9979606913868958
526e379546940f1137370da5672869b0	d__Bacteria;p__Spirochaetota;c__Spirochaetia;o__Spirochaetales;f__Spirochaetaceae;g__Treponema	0.9999997908160984
53161cb4f39c169090e16ce8e0207b80	d__Bacteria;p__Planctomycetota;c__Planctomycetes;o__Pirellulales;f__Pirellulaceae;g__p-1088-a5_gut_group	0.9999995432902059
c434144d606eed3fe8cc9cbe2a2205ce	d__Bacteria;p__Firmicutes;c__Bacilli;o__Lactobacillales;f__Leuconostocaceae;g__Weissella	0.996788021721587
69991b069fd77e02ef3587ecb15c2bb4	d__Bacteria;p__Firmicutes;c__Bacilli;o__Lactobacillales;f__Streptococcaceae;g__Streptococcus	0.9999999933574273
9ee572f974fbeb768ee59e9d8b0ace1d	d__Bacteria;p__Actinobacteriota;c__Actinobacteria;o__Corynebacteriales;f__Corynebacteriaceae;g__Corynebacterium	0.8764584629280459
c5d26d20d0f8083f992dc45ca2bbf92d	d__Archaea;p__Thermoplasmatota;c__Thermoplasmata;o__Methanomassiliicoccales;f__Methanomethylophilaceae;g__Candidatus_Methanoplasma	0.9999951154195581
9aebcf376eef913cff93379d5868bb2a	d__Bacteria;p__Actinobacteriota;c__Actinobacteria;o__Micrococcales;f__Micrococcaceae;g__Yaniella	0.7368161733276749
a336c39af80f0c82eaf05735d763d88c	d__Bacteria;p__Firmicutes;c__Clostridia;o__Clostridiales;f__Clostridiaceae;g__Clostridium_sensu_stricto_1	0.7695048679548293
7c72f393723cb5a088ca016d1966af1b	d__Bacteria;p__Bacteroidota;c__Bacteroidia;o__Bacteroidales;f__Bacteroidaceae;g__Bacteroides	0.9999999862674259
abe94f5a3889cfe91b5599a619efc8da	d__Bacteria;p__Firmicutes;c__Bacilli;o__Acholeplasmatales;f__Acholeplasmataceae;g__Acholeplasma	0.9999999996020574
42de83d71ad56a5295c20a1573c42f2d	d__Bacteria;p__Firmicutes;c__Clostridia;o__Clostridia;f__Hungateiclostridiaceae;g__Fastidiosipila	0.9942924356894035
06dcf783234304094b4a0bba7c4cb229	d__Bacteria;p__Firmicutes;c__Clostridia;o__Peptostreptococcales-Tissierellales;f__Peptostreptococcales-Tissierellales;g__Anaerococcus	0.9999394927652587
c591c776118abe9e24f6276e023c7d72	d__Bacteria;p__Bacteroidota;c__Bacteroidia;o__Bacteroidales;f__Bacteroidaceae;g__Bacteroides	0.9999999999956231
8042fd116dd89698aa378995072694cb	d__Bacteria;p__Bacteroidota;c__Bacteroidia;o__Bacteroidales;f__Dysgonomonadaceae;g__Fermentimonas	0.9996257306928911
fa53975ad707b318489a65b5a648f8a6	d__Bacteria;p__Bacteroidota;c__Bacteroidia;o__Bacteroidales;f__Dysgonomonadaceae;g__Proteiniphilum	0.9999728937433379
d7e90fd6792a6d9f668e5f073a7209a4	d__Bacteria;p__Firmicutes;c__Bacilli;o__Bacillales;f__Planococcaceae;g__Lysinibacillus	0.9856744590939792
f7bf26484ebea8348659d99086c0d1e7	d__Bacteria;p__Firmicutes;c__Clostridia;o__Clostridiales;f__Clostridiaceae;g__Clostridium_sensu_stricto_1	0.9999875151106568
8616c8642aeaa59bb1ce0192024201a8	d__Archaea;p__Euryarchaeota;c__Methanobacteria;o__Methanobacteriales;f__Methanobacteriaceae;g__Methanobrevibacter	0.998808239983134
fa6956a33481d21382e3814e8f144ef6	d__Bacteria;p__Desulfobacterota;c__Desulfovibrionia;o__Desulfovibrionales;f__Desulfovibrionaceae;g__Desulfovibrio	0.9095751081738045
ffbad8938e812e2d01ce161d36abe7af	d__Bacteria;p__Firmicutes;c__Bacilli;o__Lactobacillales;f__Carnobacteriaceae;g__Trichococcus	0.9435471810306457
af894113b8f83ec08f151ed6f4f63b42	d__Bacteria;p__Firmicutes;c__Clostridia;o__Peptostreptococcales-Tissierellales;f__Peptostreptococcales-Tissierellales;g__Alkaliphilus	0.8266940752028351
dc3618a0e1fc967147a47ad312a37e83	d__Bacteria;p__Firmicutes;c__Bacilli;o__Lactobacillales;f__Carnobacteriaceae;g__Atopostipes	0.9976876495294359
43be180652a512de739784c86801cc33	d__Bacteria;p__Bacteroidota;c__Bacteroidia;o__Bacteroidales;f__Marinifilaceae;g__Odoribacter	0.9998914737978567
7ca0d38e85e797d681a43360c4e1879f	d__Bacteria;p__Planctomycetota;c__Planctomycetes;o__Pirellulales;f__Pirellulaceae;g__p-1088-a5_gut_group	0.9999992184590879
daa57ec9ed8ad8e949d6938d95141be7	d__Bacteria;p__Bacteroidota;c__Bacteroidia;o__Bacteroidales;f__Dysgonomonadaceae;g__Proteiniphilum	0.983730774822365
8e5d05e2692c869f9cde525e4b4f917e	d__Bacteria;p__Firmicutes;c__Bacilli;o__Bacillales;f__Planococcaceae;g__Savagea	0.9999993489168008
c33fa293814b1e357153e65dc34e731c	d__Bacteria;p__Firmicutes;c__Bacilli;o__Izemoplasmatales;f__Izemoplasmatales;g__Izemoplasmatales	0.8622548460733129
558f90e48453d2a39746e21f55e1ae49	d__Bacteria;p__Bacteroidota;c__Bacteroidia;o__Bacteroidales;f__Dysgonomonadaceae;g__Dysgonomonadaceae	0.9747702585423591
b6c1a8ba78f65c4a4e96627ccc53ac86	d__Bacteria;p__Firmicutes;c__Bacilli;o__Lactobacillales;f__Lactobacillaceae;g__Lactobacillus	0.9570598172723367
a7d4b04088d6ffb8539e58756ce87ed1	d__Bacteria;p__Spirochaetota;c__Spirochaetia;o__Spirochaetales;f__Spirochaetaceae;g__Sphaerochaeta	0.7668876166947194
d4c4ad783668a5b5b164575afa11cb52	d__Bacteria;p__Actinobacteriota;c__Coriobacteriia;o__Coriobacteriales;f__Eggerthellaceae	0.9996419719632433
5741bc0a461d7a0840a8f23288a1dae9	d__Bacteria;p__Actinobacteriota;c__Actinobacteria;o__Bifidobacteriales;f__Bifidobacteriaceae;g__Bifidobacterium	0.865892620841572
8509730260a77d4d221103a264f4cb26	d__Bacteria;p__Firmicutes;c__Bacilli;o__Bacillales;f__Planococcaceae;g__Savagea	0.9999905953959847
14fd141703224d339c057d06fa4e3e2e	d__Bacteria;p__Firmicutes;c__Clostridia;o__Peptostreptococcales-Tissierellales;f__Anaerovoracaceae	0.9999998219136873
c2ee2adfd97075470b45e61735a63827	d__Bacteria;p__Bacteroidota;c__Bacteroidia;o__Bacteroidales;f__Prevotellaceae;g__Prevotella	0.8793937553274357
b5c6dd166e11b8e5aca3ce7d231f6662	d__Bacteria;p__Proteobacteria;c__Gammaproteobacteria;o__Pseudomonadales;f__Pseudomonadaceae;g__Pseudomonas	0.8371032744580087
5180787727934a1ed2aee1ac12c9b92f	d__Bacteria;p__Firmicutes;c__Clostridia;o__Peptostreptococcales-Tissierellales;f__Peptostreptococcales-Tissierellales;g__Anaerococcus	0.7685223623849878
20d99a2653547c917ca0ed178a83ca8f	d__Bacteria;p__Firmicutes;c__Clostridia;o__Peptostreptococcales-Tissierellales;f__Peptostreptococcales-Tissierellales;g__Anaerosalibacter	0.9797480047599018
b2ef1fbdec64fcbedbcd4920667068d1	d__Bacteria;p__Actinobacteriota;c__Actinobacteria;o__Micrococcales;f__Micrococcaceae;g__Yaniella	0.7913873346050592
eef556a47f236aa10eccc36fb7f8d469	d__Bacteria;p__Firmicutes;c__Clostridia;o__Peptostreptococcales-Tissierellales;f__Peptostreptococcaceae;g__Terrisporobacter	0.8949958206554048
3ef0be83fae828fcee38e042478387db	d__Bacteria;p__Firmicutes;c__Bacilli;o__Acholeplasmatales;f__Acholeplasmataceae;g__Acholeplasma	0.9988054294052098
f07ac29e20b19a686cbe8568318cf34c	d__Bacteria;p__Actinobacteriota;c__Actinobacteria;o__Corynebacteriales;f__Corynebacteriaceae;g__Corynebacterium	0.9999998571762592
cff81aa99a2b8fccb8084dd3cdecb8f8	d__Bacteria;p__Firmicutes;c__Bacilli;o__Lactobacillales;f__Lactobacillaceae;g__Lactobacillus	0.9022093158668046
137593369e7116b9e7f0d55e654f6061	d__Bacteria;p__Desulfobacterota;c__Desulfovibrionia;o__Desulfovibrionales;f__Desulfovibrionaceae;g__Desulfovibrio	0.9999600838267322
1406b379266713223b1fa67842c92256	d__Bacteria;p__Firmicutes;c__Clostridia;o__Peptostreptococcales-Tissierellales;f__Peptostreptococcales-Tissierellales;g__Peptoniphilus	0.9812009011791494
599bcdb533339b06c6e056689c9cf414	d__Bacteria;p__Firmicutes;c__Bacilli;o__Acholeplasmatales;f__Acholeplasmataceae;g__Acholeplasma	0.9998498326803955
581f2b26614892d4398498c95da71d9b	d__Archaea;p__Thermoplasmatota;c__Thermoplasmata;o__Methanomassiliicoccales;f__Methanomethylophilaceae;g__Candidatus_Methanoplasma	0.9956357522778893
58fd3c5287ca3d9e0ce431611b3fcc38	d__Bacteria;p__Bacteroidota;c__Bacteroidia;o__Bacteroidales;f__Prevotellaceae;g__Prevotella	0.8963113405817136
1a0cf7f10eb94d09c89c0eac9ce6044e	d__Bacteria;p__Firmicutes;c__Bacilli;o__Lactobacillales;f__Carnobacteriaceae;g__Jeotgalibaca	0.9743256511868503
def54a79233654c9a1c9d4ef740ae882	d__Bacteria;p__Firmicutes;c__Bacilli;o__Izemoplasmatales;f__Izemoplasmatales;g__Izemoplasmatales	0.9910607320029234
4f7f740508649dd5ea0840cca210c3ac	d__Bacteria;p__Bacteroidota;c__Bacteroidia;o__Bacteroidales;f__Tannerellaceae;g__uncultured	0.8277164813216731
ad67e490b9bc872027d11aede3d8e8ad	d__Bacteria;p__Firmicutes;c__Clostridia;o__Peptostreptococcales-Tissierellales;f__Peptostreptococcales-Tissierellales;g__Peptoniphilus	0.9996786724472592
3c60d42c55ee7a2262aa7b2330a8fef7	d__Bacteria;p__Bacteroidota;c__Bacteroidia;o__Bacteroidales;f__Bacteroidaceae;g__Bacteroides	0.75327296818315
98502dd94629509a5614d70f1afb0d3b	d__Bacteria;p__Firmicutes;c__Clostridia;o__Clostridiales;f__Clostridiaceae;g__Proteiniclasticum	0.9807382463190234
a591a1096a14d0a01871f16397922725	d__Bacteria;p__Actinobacteriota;c__Actinobacteria;o__Corynebacteriales;f__Corynebacteriaceae;g__Corynebacterium	0.9999999645096098
e8d3bd8468bc6f96bcf008d40ad53ef0	d__Bacteria;p__Actinobacteriota;c__Actinobacteria;o__Corynebacteriales;f__Corynebacteriaceae;g__Corynebacterium	0.9999999591303785
a37804e66c00a2051bf0559c97c6ab8a	d__Bacteria;p__Firmicutes;c__Clostridia;o__Clostridia;f__Hungateiclostridiaceae;g__Fastidiosipila	0.9999751022791803
830556417a3661be823a2bc88cbb26d5	d__Bacteria;p__Actinobacteriota;c__Actinobacteria;o__Corynebacteriales;f__Corynebacteriaceae;g__Corynebacterium	0.991407135498637
f84e7eeb5de9e8375bf0fac4cdffe066	d__Bacteria;p__Proteobacteria;c__Gammaproteobacteria;o__Pseudomonadales;f__Pseudomonadaceae;g__Oblitimonas	0.999851164400991
832e56a198a6f62814c1843c94056909	d__Bacteria;p__Firmicutes;c__Bacilli;o__Bacillales;f__Planococcaceae;g__Solibacillus	0.9894464409382843
7454735a4551178a90e4805dc150c718	d__Bacteria;p__Synergistota;c__Synergistia;o__Synergistales;f__Synergistaceae;g__Aminobacterium	0.9918152573400983
4db970d6bb24fccdd52c714835c8f2bb	d__Bacteria;p__Firmicutes;c__Bacilli;o__Bacillales;f__Planococcaceae	0.8216867216978054
966b19a13130d60f05588914768900fe	d__Bacteria;p__Firmicutes;c__Bacilli;o__Lactobacillales;f__Aerococcaceae;g__Facklamia	0.916365485680206
5186328403476205a9871a8a69d40143	d__Bacteria;p__Firmicutes;c__Desulfitobacteriia;o__Desulfitobacteriales;f__Desulfitobacteriaceae;g__Desulfitobacterium	0.9989632204024494
7eeacceba9674d91a65e91ef79cb38ca	d__Bacteria;p__Bacteroidota;c__Bacteroidia;o__Bacteroidales;f__Rikenellaceae;g__Rikenellaceae_RC9_gut_group	0.99975849139234
3c81266577d1fa34d82d8f5159bc391f	d__Bacteria;p__Actinobacteriota;c__Coriobacteriia;o__Coriobacteriales;f__Coriobacteriaceae;g__Collinsella	0.9999999980675899
aabdc5ed41f583e9187aa0a6dec1bb75	d__Bacteria;p__Firmicutes;c__Clostridia;o__Peptostreptococcales-Tissierellales;f__Peptostreptococcales-Tissierellales;g__Helcococcus	0.9999997236266251
2b47498a5f76711aee842a6abc25ce40	d__Bacteria;p__Firmicutes;c__Clostridia;o__Peptostreptococcales-Tissierellales;f__Peptostreptococcales-Tissierellales;g__Anaerococcus	0.9999999999999883
b7dd452b840acdd41ea50f7f07af85d9	d__Bacteria;p__Firmicutes;c__Clostridia;o__Clostridiales;f__Clostridiaceae;g__Clostridium_sensu_stricto_1	0.9998601813472856
35b91b23a4598c139c364dc36ecabb2d	d__Bacteria;p__Firmicutes;c__Bacilli;o__Erysipelotrichales;f__Erysipelatoclostridiaceae;g__Catenibacterium	0.9341203297784554
0497e48917d9c2f857de89b8b4baf1e4	d__Bacteria;p__Firmicutes;c__Bacilli;o__Lactobacillales;f__Enterococcaceae;g__Enterococcus	0.9995265659417089
663d6cd852167d31dbeb61408828103a	d__Bacteria;p__Firmicutes	0.7725290941304485
aa3d8baac2ab695a51375b7d3b29aca4	d__Bacteria;p__Bacteroidota;c__Bacteroidia;o__Bacteroidales;f__Rikenellaceae;g__Rikenellaceae_RC9_gut_group	0.9999361036519883
0c7e34b3f516cbcf84bb645dae7120a3	d__Bacteria;p__Firmicutes;c__Clostridia;o__Clostridiales;f__Clostridiaceae;g__Clostridium_sensu_stricto_1	0.7952526025816625
24f43a0b8964a53e3c72148ff0505ee4	d__Bacteria;p__Firmicutes;c__Bacilli;o__Lactobacillales;f__Enterococcaceae;g__Enterococcus	0.9988565905456209
31504d3655e37ba4fdb9ebe12eb6add2	d__Bacteria;p__Spirochaetota;c__Spirochaetia;o__Spirochaetales;f__Spirochaetaceae;g__Treponema	0.9979772370015482
2ec1c87b9e128a6f84bacac2673fd945	d__Bacteria;p__Bacteroidota;c__Bacteroidia;o__Bacteroidales;f__Bacteroidales_UCG-001;g__Bacteroidales_UCG-001	0.9999993285992426
945656120b2fd80e8f127d92514c2631	d__Bacteria;p__Firmicutes;c__Bacilli;o__Lactobacillales;f__Aerococcaceae;g__Aerococcus	0.9999999999977818
ae1fb3e1abb2e5b3044a158dedf60f0d	d__Bacteria;p__Bacteroidota;c__Bacteroidia;o__Bacteroidales;f__Bacteroidaceae;g__Bacteroides	0.9997303668623536
2a117a7fbaa5be9b64faeb3b6cc4c4dc	d__Archaea;p__Euryarchaeota;c__Methanobacteria;o__Methanobacteriales;f__Methanobacteriaceae;g__Methanobrevibacter	0.9210591344556958
fc640da7fea829e59595578a050d6586	d__Bacteria;p__Spirochaetota;c__Spirochaetia;o__Spirochaetales;f__Spirochaetaceae;g__Treponema	0.9999999383185828
d9ad02ca8fac84415f91f072b3f4f7b5	d__Bacteria;p__Firmicutes	0.7441051453550613
16930229afc353375869439e25cd35e1	d__Bacteria;p__Firmicutes;c__Bacilli;o__Lactobacillales;f__Lactobacillaceae;g__Lactobacillus	0.9982623819787834
ac046ecb3bd39358884833b0cce75edb	d__Bacteria;p__Bacteroidota;c__Bacteroidia;o__Bacteroidales;f__Tannerellaceae	0.9953339391900646
3f4d73521ceac5aa678a264fd9e7c9d2	d__Bacteria;p__Firmicutes;c__Negativicutes;o__Acidaminococcales;f__Acidaminococcaceae;g__Phascolarctobacterium	0.7551095310957349
048b0a94aafe421fe531a40eeee0950b	d__Archaea;p__Euryarchaeota;c__Methanobacteria;o__Methanobacteriales;f__Methanobacteriaceae;g__Methanobrevibacter	0.7145148646806795
22f9285bbfd54d3f0772bd05150d00ef	d__Bacteria;p__Actinobacteriota;c__Actinobacteria;o__Micrococcales;f__Micrococcaceae;g__Enteractinococcus	0.9916900433372922
994c79278c11430321c5bcc338a131a2	d__Bacteria;p__Firmicutes	0.7684015206737866
26639d9f66c6c2106996b1c162605ff8	d__Archaea;p__Euryarchaeota;c__Methanobacteria;o__Methanobacteriales;f__Methanobacteriaceae;g__Methanobrevibacter	0.9548047896681842
eb9f1e09ac1e7043f8a402b20fd9ada4	d__Bacteria;p__Firmicutes;c__Clostridia;o__Oscillospirales;f__Ruminococcaceae;g__Caproiciproducens	0.9999999927728844
a19e56b0b00ee71adac929364b654cf4	d__Bacteria;p__Proteobacteria;c__Gammaproteobacteria;o__Aeromonadales;f__Succinivibrionaceae;g__Succinivibrio	0.9999996791018088
c287da853235f9a98089163fdca87226	d__Bacteria;p__Firmicutes;c__Clostridia;o__Lachnospirales;f__Lachnospiraceae;g__Coprococcus	0.9742270414855371
0a6105de030b02bd1867d1b6fbd7dd09	d__Bacteria;p__Firmicutes;c__Clostridia;o__Peptostreptococcales-Tissierellales;f__Peptostreptococcales-Tissierellales;g__Peptoniphilus	0.8607519701793899
f6e34557ba524f21a4c43a762add2c94	d__Bacteria;p__Firmicutes;c__Bacilli;o__Lactobacillales;f__Lactobacillaceae;g__Lactobacillus	0.999652732016099
d36ace663f090cd44101dc5d6fe5b7e6	d__Bacteria;p__Firmicutes;c__Clostridia;o__Peptostreptococcales-Tissierellales;f__Anaerovoracaceae;g__Family_XIII_AD3011_group	0.8991677964775708
836732a3184afafbc02e64169544bd89	d__Bacteria;p__Firmicutes	0.7423972516303948
ad52bbef279fc1fe7a3ca1c4b1fb9710	d__Bacteria;p__Firmicutes;c__Bacilli;o__Erysipelotrichales;f__Erysipelotrichaceae;g__Holdemanella	0.8474070652369421
940d50e7efd1eab63f7a0600d8b372bd	d__Bacteria;p__Firmicutes;c__Clostridia;o__Peptostreptococcales-Tissierellales;f__Peptostreptococcales-Tissierellales;g__Tissierella	0.9993516282563498
4a33142fc0407804fd37503c9d4ee7d4	d__Bacteria;p__Firmicutes	0.7961597215942594
7793e6c94c77f08fae41afe3b01f1f9d	d__Bacteria;p__Firmicutes;c__Bacilli;o__Erysipelotrichales;f__Erysipelotrichaceae;g__Holdemanella	0.8823245975546385
fd492e0b77b8df17440a86cdee1b1b17	d__Bacteria;p__Firmicutes;c__Clostridia;o__Lachnospirales;f__Lachnospiraceae	0.9999999902593119
8e140fe6cc04f120f80874922a2d1600	d__Bacteria;p__Firmicutes;c__Clostridia;o__Clostridiales;f__Clostridiaceae;g__Clostridium_sensu_stricto_6	0.9999998382263857
6f323da0eca605b133f3270f331d52fa	d__Bacteria;p__Firmicutes;c__Bacilli;o__Lactobacillales;f__Lactobacillaceae;g__Lactobacillus	0.9999075139815807
0117a19ee071b740b9c2b029c390e0a4	d__Bacteria;p__Firmicutes;c__Clostridia;o__Clostridiales;f__Clostridiaceae;g__Sarcina	0.9992315014536104
ad1d2149b327fcc0e3c741ba53bb4f85	d__Bacteria;p__Firmicutes;c__Clostridia;o__Peptostreptococcales-Tissierellales;f__Peptostreptococcales-Tissierellales	0.9886373683224337
c985d9c703fed56a6b285ef5747edf78	d__Bacteria;p__Firmicutes;c__Clostridia;o__Peptostreptococcales-Tissierellales;f__Peptostreptococcales-Tissierellales;g__Peptoniphilus	0.9999970324863886
8f9405ea327b0fa74f4270280f692e72	d__Bacteria;p__Firmicutes;c__Bacilli;o__Lactobacillales;f__Aerococcaceae;g__Aerococcus	0.999999999999589
dcd80ef9fdce63832b0ab24a1fae0d29	d__Bacteria;p__Firmicutes;c__Clostridia;o__Clostridiales;f__Clostridiaceae;g__Clostridium_sensu_stricto_6	0.9999841440387037
63e2edf479486e99b144bd76a1950707	d__Bacteria;p__Firmicutes;c__Clostridia;o__Peptostreptococcales-Tissierellales;f__Peptostreptococcales-Tissierellales;g__Anaerococcus	0.9999999999999131
1091f806c73f1c0b5de7c297bbd70bc6	d__Bacteria;p__Firmicutes;c__Clostridia;o__Peptostreptococcales-Tissierellales;f__Peptostreptococcales-Tissierellales;g__Anaerococcus	1.0000000000000107
4b94723b7b10a1ae04cdd7922d74ce56	d__Bacteria;p__Spirochaetota;c__Spirochaetia;o__Spirochaetales;f__Spirochaetaceae;g__Treponema	0.9915635457523555
762c20336116b7b3237d0c9ecadb8759	d__Bacteria;p__Firmicutes;c__Clostridia;o__Oscillospirales;f__Butyricicoccaceae	0.9999999999917324
b2d1249fd9754c79558be225647e60c4	d__Bacteria;p__Firmicutes;c__Negativicutes;o__Acidaminococcales;f__Acidaminococcaceae;g__Phascolarctobacterium	0.9999999999905418
413577d8a1ab00aae65ae9fee564651b	d__Bacteria;p__Spirochaetota;c__Spirochaetia;o__Spirochaetales;f__Spirochaetaceae;g__Treponema	0.9097753080246377
327fab2398472c30e19079b62743cf59	d__Bacteria;p__Firmicutes;c__Bacilli;o__Lactobacillales;f__Lactobacillaceae;g__Lactobacillus	0.990952518312236
01331825f4a52bf7f98a4db0ce098f53	d__Bacteria;p__Firmicutes;c__Bacilli;o__Lactobacillales;f__Lactobacillaceae;g__Lactobacillus	0.8024487521212447
54c72d63fc66eb838c23aca9643d8c7c	d__Bacteria;p__Firmicutes;c__Clostridia;o__Peptostreptococcales-Tissierellales;f__Peptostreptococcales-Tissierellales;g__W5053	0.9999997228543603
1f7e7409b782f2f210b92b3eb396b2d0	d__Bacteria;p__Firmicutes;c__Bacilli;o__Erysipelotrichales;f__Erysipelotrichaceae;g__Solobacterium	0.903641893230641
b8ddd3dfbf5008ef2ff4cfbd54ecb982	d__Bacteria;p__Bacteroidota;c__Bacteroidia;o__Bacteroidales;f__Marinifilaceae;g__Odoribacter	0.9981296930404207
afb8d50bcec35db8e3486cf2865b8b03	d__Bacteria;p__Bacteroidota;c__Bacteroidia;o__Bacteroidales;f__Dysgonomonadaceae;g__Proteiniphilum	0.9983727020468751
a68fcd5bcbf1a2bd584a3d5538f28517	d__Bacteria;p__Planctomycetota;c__Planctomycetes;o__Pirellulales;f__Pirellulaceae;g__p-1088-a5_gut_group	0.9999997053115671
5edb00426069ac7c79eb685835592645	d__Bacteria;p__Actinobacteriota;c__Coriobacteriia;o__Coriobacteriales;f__Coriobacteriales_Incertae_Sedis;g__Raoultibacter	0.8941883746856465
187975eb8ee8b1700bfd5d32ad989fda	d__Bacteria;p__Firmicutes;c__Clostridia;o__Clostridia;f__Hungateiclostridiaceae;g__Fastidiosipila	0.995527376141825
88faf734bba324be673ea9a3a799a0d2	d__Bacteria;p__Cloacimonadota;c__Cloacimonadia;o__Cloacimonadales;f__Cloacimonadaceae;g__Candidatus_Cloacimonas	0.9151674538203771
f291bf6e0e8fe23836de626a17bc2e68	d__Bacteria;p__Firmicutes;c__Bacilli;o__Lactobacillales;f__Lactobacillaceae;g__Lactobacillus	0.9982492754500847
a8cd34aa601b6ff3e1d6fe02d9406e66	d__Bacteria;p__Bacteroidota;c__Bacteroidia;o__Bacteroidales;f__Rikenellaceae;g__Rikenellaceae_RC9_gut_group	0.9618977646285318
b1f9c5832c538579d80d53c49010edad	d__Bacteria;p__Firmicutes;c__Bacilli;o__Lactobacillales;f__Lactobacillaceae;g__Lactobacillus	0.9271064803665964
8efd4e429ab66520c3e0bb2a6872e975	d__Bacteria;p__Firmicutes;c__Bacilli;o__Lactobacillales;f__Aerococcaceae;g__Aerococcus	0.9999999999999589
83c54bbcfa56f0280a35f26893821ab7	d__Bacteria;p__Firmicutes;c__Bacilli;o__Lactobacillales;f__Lactobacillaceae;g__Lactobacillus	0.9107829691067968
c017ee14fcb7c7cfbf4ff50af39e0788	d__Bacteria;p__Firmicutes;c__Clostridia;o__Oscillospirales;f__Ruminococcaceae;g__Caproiciproducens	0.7913205103991454
d7f221aabe4f53d442eafebb26ba12b7	d__Bacteria;p__Bacteroidota;c__Bacteroidia;o__Bacteroidales;f__Dysgonomonadaceae;g__Proteiniphilum	0.7662484348389398
1993b922b9daa602634d25715f10f95c	d__Bacteria;p__Firmicutes;c__Clostridia;o__Clostridiales;f__Clostridiaceae;g__Clostridium_sensu_stricto_1	0.9999934359133655
3c5239e8b269c7faa9e37933b933503a	d__Bacteria;p__Firmicutes;c__Clostridia;o__Clostridia;f__Hungateiclostridiaceae;g__Fastidiosipila	0.9922143203764949
3534b4be198dac95882f6e730b647c60	d__Bacteria;p__Firmicutes;c__Clostridia;o__Lachnospirales;f__Lachnospiraceae;g__[Eubacterium]_hallii_group	0.9999999603389607
8ff7cf0087ebaa9f0a09192158579455	d__Bacteria;p__Bacteroidota;c__Bacteroidia;o__Bacteroidales;f__Rikenellaceae;g__Rikenellaceae_RC9_gut_group	0.9932548925893362
a7ce7b66a735f27955dd3e674a7925a9	d__Bacteria;p__Firmicutes	0.768786203374872
e1d098412c88700cbd3c119e7c62f2ca	d__Bacteria;p__Firmicutes;c__Bacilli;o__Lactobacillales;f__Aerococcaceae;g__Aerococcus	0.9999999999999563
1a81eeb34907bd8c65fd7fba345dff13	d__Archaea;p__Euryarchaeota;c__Methanobacteria;o__Methanobacteriales;f__Methanobacteriaceae;g__Methanosphaera	0.8351651967690165
2a00f5c563d34a493dccccac34b40886	d__Bacteria;p__Proteobacteria;c__Gammaproteobacteria;o__Pseudomonadales;f__Moraxellaceae;g__Psychrobacter	0.9999999657196498
18b9987b82cd2366880e47218810cbd6	d__Bacteria;p__Verrucomicrobiota;c__Kiritimatiellae;o__WCHB1-41;f__WCHB1-41;g__WCHB1-41	0.9999711903604893
9be1b8ad127467ec474effee10166b34	d__Bacteria;p__Bacteroidota;c__Bacteroidia;o__Bacteroidales;f__Rikenellaceae;g__Rikenellaceae_RC9_gut_group	0.9999744367026544
dc7502deefe4973450fbe150537cd6c6	d__Bacteria;p__Proteobacteria;c__Gammaproteobacteria;o__Burkholderiales;f__Alcaligenaceae;g__Oligella	0.9999999999993315
e51dee5c615ebfc5ba69fa30c86bd04d	d__Bacteria;p__Bacteroidota;c__Bacteroidia;o__Bacteroidales;f__Dysgonomonadaceae;g__Proteiniphilum	0.9726505796087774
478937d11f701442e78a11b99ed5f6da	d__Bacteria;p__Firmicutes;c__Clostridia;o__Peptostreptococcales-Tissierellales;f__Peptostreptococcales-Tissierellales;g__Anaerococcus	0.9999999988170565
4da42e56a2360aa72974f7e24cbfcd2e	d__Bacteria;p__Spirochaetota;c__Spirochaetia;o__Spirochaetales;f__Spirochaetaceae;g__Sphaerochaeta	0.9380953647217288
842c4b034c49f128fd20b9206b8cc072	d__Bacteria;p__Actinobacteriota;c__Actinobacteria;o__Corynebacteriales;f__Dietziaceae;g__Dietzia	0.9999978191663249
920a077b51fa752f2ab5f13e1f80b69a	d__Bacteria;p__Proteobacteria;c__Gammaproteobacteria;o__Aeromonadales;f__Succinivibrionaceae;g__Succinivibrio	0.9993328158872861
f0239b7b4e420d76c14111f03315a3f9	d__Bacteria;p__Bacteroidota;c__Bacteroidia;o__Bacteroidales;f__Prevotellaceae;g__Alloprevotella	0.9999999017165684
3ac4ec9202a6606e7a630fd5b43ec123	d__Bacteria;p__Firmicutes;c__Bacilli;o__Lactobacillales	0.9996062042054994
d9e88afb3063c680069dd7f24c349ded	d__Bacteria;p__Firmicutes;c__Bacilli;o__Mycoplasmatales;f__Mycoplasmataceae;g__Mycoplasma	0.9999999571965305
01e62829e219185598d5a46d0231b3eb	d__Bacteria;p__Firmicutes;c__Clostridia;o__Lachnospirales;f__Lachnospiraceae;g__[Eubacterium]_ventriosum_group	0.8591766216368139
038f26906e03e7b5b534a667b3ce13b3	d__Bacteria;p__Firmicutes;c__Clostridia;o__Lachnospirales;f__Lachnospiraceae;g__Lachnospiraceae_UCG-007	0.9875704336613459
59b4ffe9dde7c21d8b237ec9ba4f2a17	d__Bacteria;p__Firmicutes;c__Clostridia;o__Oscillospirales;f__Ruminococcaceae;g__Subdoligranulum	0.9999545443771841
260a23e64cd951fc6c2c1ddaf774cf90	d__Bacteria;p__Firmicutes;c__Clostridia;o__Lachnospirales;f__Lachnospiraceae;g__uncultured	0.9351782255858101
1fcb06c384e90bdf825ccba920555d28	d__Bacteria;p__Firmicutes;c__Clostridia;o__Clostridia;f__Hungateiclostridiaceae	0.9946577964898828
7782d252fe95750b503c3b4e8c1b4729	d__Bacteria;p__Bacteroidota;c__Bacteroidia;o__Bacteroidales;f__Rikenellaceae;g__dgA-11_gut_group	0.9999999461463475
51077305d62471dfc2ee896b961d43e0	d__Bacteria;p__Firmicutes;c__Bacilli;o__Bacillales;f__Planococcaceae;g__Rummeliibacillus	0.9999094955195063
81bd495cefca2f7123375668a7aae4f3	d__Bacteria;p__Spirochaetota;c__Spirochaetia;o__Spirochaetales;f__Spirochaetaceae;g__Treponema	0.7549675500393187
d6677fb52d372b1967054ecd95dd6c20	d__Bacteria;p__Firmicutes;c__Bacilli;o__Izemoplasmatales;f__Izemoplasmatales;g__Izemoplasmatales	0.9986521202529379
7ce8d5cf10a39fe2f339ec339fa4c8f5	d__Bacteria;p__Firmicutes	0.7593653203427
8cdd2060f69ab0f6bfc96f66c5bb97a7	d__Bacteria;p__Firmicutes;c__Bacilli;o__Lactobacillales;f__Carnobacteriaceae;g__Atopostipes	0.7983078179145806
0cec7bba2ac242fe4300d6bf401216cb	d__Bacteria;p__Bacteroidota;c__Bacteroidia;o__Bacteroidales;f__p-2534-18B5_gut_group;g__p-2534-18B5_gut_group	0.9999999958617991
81b149a9d79a8dd57c9e688bf21954fe	d__Bacteria;p__Firmicutes;c__Clostridia;o__Clostridia_UCG-014;f__Clostridia_UCG-014;g__Clostridia_UCG-014	0.9926248908869186
f063701ba4d369353c68025605da3eaa	d__Bacteria;p__Firmicutes;c__Clostridia;o__Peptostreptococcales-Tissierellales;f__Peptostreptococcales-Tissierellales;g__Gallicola	0.9997845987106323
fe7d7f4c06352712262a4a0c31c9127e	d__Bacteria;p__Bacteroidota;c__Bacteroidia;o__Bacteroidales;f__Rikenellaceae;g__Rikenellaceae_RC9_gut_group	0.9988218860173669
1e3903ccda711b07ee806ecc2de82982	d__Bacteria;p__Bacteroidota;c__Bacteroidia;o__Bacteroidales;f__Dysgonomonadaceae;g__Fermentimonas	0.9969700119327647
901b23e30967818c2723e35bafdc0c2f	d__Bacteria;p__Firmicutes;c__Clostridia;o__Peptostreptococcales-Tissierellales;f__Peptostreptococcales-Tissierellales;g__Tepidimicrobium	0.8846983862712986
70205361f3de3c66adc9044861733c68	d__Bacteria;p__Spirochaetota;c__Spirochaetia;o__Spirochaetales;f__Spirochaetaceae;g__Sphaerochaeta	0.9656978666754504
c86b79e8b64a3ea441aa428b2898726d	d__Bacteria;p__Firmicutes;c__Clostridia;o__Clostridia;f__Hungateiclostridiaceae;g__Fastidiosipila	0.9791309442527563
8ab392e9727550d0e8144c9aef943203	d__Bacteria;p__Firmicutes;c__Clostridia;o__Clostridiales;f__Clostridiaceae;g__Clostridium_sensu_stricto_1	0.9998085475964628
530f1f9a60c4f1e757e39850f184a825	d__Bacteria;p__Firmicutes;c__Clostridia;o__Peptostreptococcales-Tissierellales;f__Peptostreptococcales-Tissierellales;g__Tissierella	0.9991544389142883
a82db45c1677b132c8352ac43ddbf226	d__Bacteria;p__Firmicutes;c__Bacilli;o__Lactobacillales;f__Aerococcaceae;g__Aerococcus	0.9992428968378447
b9192737a49504afb248300c2ef3f3ec	d__Bacteria;p__Firmicutes;c__Clostridia;o__Peptostreptococcales-Tissierellales;f__Peptostreptococcales-Tissierellales;g__Anaerococcus	0.9999999999777514
2a9858c3df0984155edaf6a64e47b787	d__Bacteria;p__Firmicutes;c__Bacilli;o__Acholeplasmatales;f__Acholeplasmataceae;g__Acholeplasma	0.9999634812640701
1e844f4879af35b72763404e4a13c659	d__Bacteria;p__Bacteroidota;c__Bacteroidia;o__Bacteroidales;f__Dysgonomonadaceae;g__Proteiniphilum	0.9302251543745027
ca41797a8ddf49b13fe4a1777222cb85	d__Bacteria;p__Actinobacteriota;c__Actinobacteria;o__Micrococcales;f__Micrococcaceae;g__Enteractinococcus	0.7960108705042599
ab4ee24270b33df8e821893abcaaf063	d__Bacteria;p__Bacteroidota;c__Bacteroidia;o__Bacteroidales;f__Rikenellaceae;g__Rikenellaceae_RC9_gut_group	0.9897026573810568
6e1a5e7126d263ed92711640bcbd03df	d__Bacteria;p__Firmicutes;c__Clostridia;o__Eubacteriales;f__Eubacteriaceae;g__Eubacterium	0.9670154326742304
78c863fd8a275cc397c695c30c89763d	d__Bacteria;p__Actinobacteriota;c__Actinobacteria;o__Micrococcales;f__Micrococcaceae;g__Enteractinococcus	0.9543387412758321
b6a1cfc87c3ffa7f96227d4a372d8dd7	d__Bacteria;p__Firmicutes;c__Clostridia;o__Oscillospirales;f__Ruminococcaceae;g__Subdoligranulum	0.7170763859570318
b26060d4c5407ff6f8db0cac55d42286	d__Bacteria;p__Firmicutes;c__Clostridia;o__Clostridiales;f__Clostridiaceae;g__Clostridium_sensu_stricto_1	0.8762204974600528
335d957c841c918964fd8fdaf6574b31	d__Bacteria;p__Bacteroidota;c__Bacteroidia;o__Bacteroidales;f__Muribaculaceae;g__CAG-873	0.9999999979287111
49c3958dc84f332b80e8fcf205a3c3ea	d__Bacteria;p__Spirochaetota;c__Spirochaetia;o__Spirochaetales;f__Spirochaetaceae;g__Treponema	0.9928084851463935
56d073b8bb467bbaba6c26eabe290540	d__Bacteria;p__Firmicutes;c__Bacilli;o__Acholeplasmatales;f__Acholeplasmataceae;g__Acholeplasma	0.9999806377026451
4b6055da38dbb7f4261bd7c8fc3b2c5d	d__Bacteria;p__Firmicutes;c__Clostridia;o__Peptostreptococcales-Tissierellales;f__Peptostreptococcales-Tissierellales;g__W5053	0.9999999999636552
4ccbf028ebc7cd450014ee9bbc2eb737	d__Bacteria;p__Actinobacteriota;c__Actinobacteria;o__Micrococcales;f__Micrococcaceae;g__Enteractinococcus	0.7405195120770801
2a8687d13b2341a4d4f40e1aeb7f6dd3	d__Bacteria;p__Firmicutes;c__Clostridia;o__Lachnospirales;f__Lachnospiraceae;g__Cellulosilyticum	0.9844069092652474
e7758ff9770dec3a0f0709fd61bc8dff	d__Bacteria;p__Firmicutes;c__Clostridia	0.7631281935169015
c79b9faea2539423c5014027780e60ab	d__Bacteria;p__Actinobacteriota;c__Coriobacteriia;o__Coriobacteriales;f__Atopobiaceae;g__uncultured	1.0
9dc4abd49b354353b0a96106944f3bae	d__Bacteria;p__Firmicutes;c__Bacilli;o__Lactobacillales;f__Enterococcaceae	0.8427991970861614
ff77567ac67d68cb978ae5a352464678	d__Bacteria;p__Firmicutes;c__Clostridia;o__Peptococcales;f__Peptococcaceae;g__Peptococcus	0.9937133994847731
4bc3793f98b17cdbfc4340eae46767b6	d__Bacteria;p__Firmicutes	0.7622464046032424
429d64bc986ce498af8fe4fea6fee888	d__Bacteria;p__Bacteroidota;c__Bacteroidia;o__Bacteroidales;f__Rikenellaceae;g__Anaerocella	0.9947874245910859
eb6c3df8d83bdc33ca13e405d77f592a	d__Bacteria;p__Firmicutes;c__Bacilli;o__Erysipelotrichales;f__Erysipelatoclostridiaceae;g__UCG-004	0.9979910111454527
9cab3fd5d3409b6478e4d29a5d46f545	d__Bacteria;p__Synergistota;c__Synergistia;o__Synergistales;f__Synergistaceae;g__uncultured	0.9998707790354514
ca50dd348de71b9804e93de629a6a2f8	d__Bacteria;p__Spirochaetota;c__Spirochaetia;o__Spirochaetales;f__Spirochaetaceae;g__Sphaerochaeta	0.7210559072805124
144c79eff0771721a66bb856fe4b20bb	d__Bacteria;p__Spirochaetota;c__Spirochaetia;o__Spirochaetales;f__Spirochaetaceae;g__Treponema	0.9999999999934346
b005e4b9f690529ef55595f7a3745a4a	d__Bacteria;p__Firmicutes;c__Bacilli;o__Lactobacillales;f__Lactobacillaceae;g__Lactobacillus	0.9999984801449185
7752d1f427910a59200a5fcf7799d5af	d__Bacteria;p__Firmicutes;c__Clostridia;o__Oscillospirales;f__Oscillospiraceae;g__NK4A214_group	0.9177328894841643
bf9f099fa19eaa49543fa7da5f0a7db2	d__Bacteria;p__Bacteroidota;c__Bacteroidia;o__Bacteroidales;f__Tannerellaceae;g__Parabacteroides	0.999850404891602
7accf8b2ffcf27bfb75e456d35dd8a99	d__Bacteria;p__Firmicutes;c__Clostridia;o__Clostridia;f__Hungateiclostridiaceae;g__Fastidiosipila	0.999860784269974
ae020cd737bf515fbb0d5ce9a719e3f9	d__Bacteria;p__Bacteroidota;c__Bacteroidia;o__Bacteroidales;f__Rikenellaceae;g__dgA-11_gut_group	0.9999999999851354
9788ac3a98c6b326eb4a37415bff572f	d__Bacteria;p__Bacteroidota;c__Bacteroidia;o__Bacteroidales;f__Rikenellaceae;g__Rikenellaceae_RC9_gut_group	0.9999999987000063
66f5fead500c4c553a816da63d9afb85	d__Bacteria;p__Firmicutes;c__Clostridia;o__Peptostreptococcales-Tissierellales;f__Peptostreptococcales-Tissierellales;g__Anaerosphaera	0.9930621591807809
ee172a20303d59b6643822878baba11e	d__Bacteria;p__Firmicutes;c__Clostridia;o__Oscillospirales;f__Ruminococcaceae;g__Ruminococcus	0.797565206384964
7031e251e8fcbbef9b0d850ae63fdb0b	d__Bacteria;p__Firmicutes;c__Clostridia;o__Christensenellales;f__Christensenellaceae;g__Christensenellaceae_R-7_group	0.9990205224506978
b4c89f39dbb30151fe26cba821312f6f	d__Bacteria;p__Bacteroidota;c__Bacteroidia;o__Bacteroidales;f__Prevotellaceae;g__Alloprevotella	0.7768040977279753
8effe6909c611f74f4693508b4890f7c	d__Bacteria;p__Firmicutes;c__Bacilli;o__Lactobacillales;f__Lactobacillaceae;g__Lactobacillus	0.9080031300707458
55ba7bd9600e560a542ab846218cba50	d__Bacteria;p__Firmicutes;c__Bacilli;o__Lactobacillales;f__Aerococcaceae;g__Ignavigranum	0.9999999937735993
19a8d370b557a8f1b4abab2b44ab5dc0	d__Bacteria;p__Spirochaetota;c__Spirochaetia;o__Spirochaetales;f__Spirochaetaceae;g__Treponema	0.999999999745095
c097d8141009c0b676012047d5c86378	d__Bacteria;p__Bacteroidota;c__Bacteroidia;o__Bacteroidales;f__Dysgonomonadaceae;g__uncultured	0.9900857644650044
9b88635c6ed256c70be686d8ec8d75f2	d__Bacteria;p__Firmicutes;c__Bacilli;o__Erysipelotrichales;f__Erysipelatoclostridiaceae;g__UCG-004	0.9988858127568595
8f6e2a91e20994c00566a5ff2b49506e	d__Bacteria;p__Firmicutes;c__Clostridia;o__Lachnospirales;f__Lachnospiraceae;g__Blautia	0.9990477172373968
fec0a3414bbfd3b34e5a11200d740d42	d__Bacteria;p__Firmicutes;c__Clostridia;o__Clostridiales;f__Clostridiaceae;g__Clostridiaceae	0.9999990087745029
3ccb001711e1d00a820fc6528da1ccda	d__Bacteria;p__Bacteroidota;c__Bacteroidia;o__Bacteroidales;f__Rikenellaceae;g__Rikenellaceae_RC9_gut_group	0.9993445392682527
cd03f7a7fa83dd0b58ee513879a99ea8	d__Bacteria;p__Firmicutes;c__Clostridia;o__Clostridia;f__Hungateiclostridiaceae;g__UCG-012	0.9832616687604591
00d37a4b89e19b0558b529fd49576ae8	d__Bacteria;p__Actinobacteriota;c__Coriobacteriia;o__Coriobacteriales;f__Eggerthellaceae;g__Eggerthella	0.9999952280067774
134d27c5f6a976ed0421b8e0581d4696	d__Bacteria;p__Actinobacteriota;c__Coriobacteriia;o__Coriobacteriales;f__Eggerthellaceae;g__Enterorhabdus	0.9999997556643635
cd7b8ab5e807dd833b703d7905f66160	d__Bacteria;p__Bacteroidota;c__Bacteroidia;o__Bacteroidales;f__Bacteroidaceae;g__Bacteroides	0.9996753188639438
fd5bc1f9d95e9dcb3d67999ae191ce64	d__Bacteria;p__Firmicutes;c__Clostridia;o__Peptostreptococcales-Tissierellales;f__Peptostreptococcales-Tissierellales;g__Tissierella	0.9833755273010644
f26113db5a6ba3281edccb0a84c253e6	d__Bacteria;p__Bacteroidota;c__Bacteroidia;o__Bacteroidales;f__Rikenellaceae;g__Rikenellaceae_RC9_gut_group	0.9999460818020893
c4075489df9d6eb953cbf862ff922853	d__Bacteria;p__Bacteroidota;c__Bacteroidia;o__Bacteroidales;f__Rikenellaceae;g__Rikenellaceae_RC9_gut_group	0.9946387756887353
d2fc5051d35d0d02fa2d6ab8a36376a2	d__Bacteria;p__Firmicutes;c__Clostridia;o__Lachnospirales;f__Lachnospiraceae;g__Hespellia	0.8838733857844401
4a0a2f214b0297aa10bd4c0a4498d00e	d__Bacteria;p__Firmicutes	0.7913357374464365
a66c1f4873dd98c56510f4f4c23f878e	d__Archaea;p__Euryarchaeota;c__Methanobacteria;o__Methanobacteriales;f__Methanobacteriaceae;g__Methanobrevibacter	0.8376404486113534
cf0c49ef013bb11a398e651d0d0ee8ef	d__Bacteria;p__Firmicutes;c__Bacilli;o__Erysipelotrichales;f__Erysipelotrichaceae;g__Catenisphaera	0.8569164900300082
ea529482eeb3f6f1d2440aca51401c94	d__Bacteria;p__Firmicutes;c__Bacilli;o__Acholeplasmatales;f__Acholeplasmataceae;g__Acholeplasma	0.9999988159909964
e416b40ce10c14102aa4bdec93781b68	d__Bacteria;p__Firmicutes;c__Bacilli;o__Lactobacillales;f__Lactobacillaceae;g__Lactobacillus	0.9999984678939966
1e501ded778f1a10876d4ae4d47cd89d	d__Bacteria;p__Campilobacterota;c__Campylobacteria;o__Campylobacterales;f__Campylobacteraceae;g__Campylobacter	0.8316031920050901
d58fc8ac48290ce4439f7cbe90ab4515	d__Bacteria;p__Firmicutes;c__Clostridia;o__Peptostreptococcales-Tissierellales;f__Peptostreptococcales-Tissierellales;g__Alkaliphilus	0.817853198246407
128f052692d1bba9e6048e06148753bf	d__Bacteria;p__Firmicutes;c__Clostridia;o__Peptostreptococcales-Tissierellales;f__Peptostreptococcales-Tissierellales;g__Tissierella	0.9771164298578221
2f581987158ab864704295b25308b6e2	d__Bacteria;p__Actinobacteriota;c__Actinobacteria;o__Corynebacteriales;f__Corynebacteriaceae;g__Corynebacterium	0.7635506264613611
73e2d880f535b271322d64001dcc53d1	d__Bacteria;p__Firmicutes;c__Clostridia;o__Clostridia;f__Hungateiclostridiaceae;g__Fastidiosipila	0.9877993662932386
9fcb4f994d3d3f917bdc0e974ca2ba65	d__Bacteria;p__Bacteroidota;c__Bacteroidia;o__Bacteroidales;f__Prevotellaceae;g__Prevotella	0.9909528670420684
02fcbcde8a30e5bc93d2e578851cbd25	d__Bacteria;p__Firmicutes;c__Clostridia;o__Peptostreptococcales-Tissierellales;f__Peptostreptococcales-Tissierellales;g__Tissierella	0.999964371221018
d1d9637a651a06b944c9ab6370120f27	d__Bacteria;p__Bacteroidota;c__Bacteroidia;o__Bacteroidales;f__Dysgonomonadaceae;g__uncultured	0.9956736062112317
3d60ffda9dab190e42b752fcd13ade3f	d__Bacteria;p__Firmicutes;c__Bacilli;o__Erysipelotrichales;f__Erysipelotrichaceae;g__Catenisphaera	0.9999999586107444
52e77431888c0b30fccf67734c786d53	d__Bacteria;p__Bacteroidota;c__Bacteroidia;o__Bacteroidales;f__Marinilabiliaceae;g__uncultured	0.9948814742110061
25d0dbd17dca0fdfba06a6e6047fd979	d__Bacteria;p__Firmicutes;c__Bacilli;o__Bacillales;f__Bacillaceae;g__Bacillus	0.700527571113122
e55ef0d15f6cdeb90255ff0366132e79	d__Bacteria;p__Bacteroidota;c__Bacteroidia;o__Bacteroidales;f__Prevotellaceae	0.9999999987270912
e461fce6d1b7a69c08e6243e43868cd4	d__Bacteria;p__Proteobacteria;c__Gammaproteobacteria;o__Burkholderiales;f__Alcaligenaceae;g__Paenalcaligenes	0.998003537842146
13269ef812cf57d23f012292531af1f4	d__Bacteria;p__Firmicutes;c__Bacilli;o__Bacillales;f__Bacillaceae;g__Pseudogracilibacillus	0.990980226646753
c68acc8576bf0ba1398c8f92005fc480	d__Bacteria	0.9753408246883069
893e1b5e88980f862256459a70a88b1b	d__Bacteria;p__Firmicutes;c__Clostridia;o__Lachnospirales;f__Lachnospiraceae	0.9999541987160169
df23d756c45e56fe40b7bf27ed607d15	d__Bacteria;p__Bacteroidota;c__Bacteroidia;o__Bacteroidales;f__Tannerellaceae;g__Parabacteroides	0.9999397528239431
daca0ca61fb25e1916693672b76f2003	d__Bacteria;p__Firmicutes;c__Clostridia;o__Oscillospirales;f__Oscillospiraceae;g__UCG-005	0.9999692578312955
82e5115a8f1ead595da52c79fe587645	d__Bacteria;p__Firmicutes;c__Bacilli;o__Erysipelotrichales;f__Erysipelotrichaceae;g__Solobacterium	0.8927449283630594
47f0faa244d9cb8ce680227085108f95	d__Bacteria;p__Proteobacteria;c__Gammaproteobacteria;o__Pseudomonadales;f__Pseudomonadaceae;g__Pseudomonas	0.8016247727503096
60b504fa2d1166cdd271421db9e9334b	d__Bacteria;p__Firmicutes;c__Bacilli;o__Lactobacillales;f__Lactobacillaceae;g__Lactobacillus	0.9070663100629354
4b336ee6ba9e38d307a6fd3a19a6366c	d__Bacteria;p__Spirochaetota;c__Spirochaetia;o__Spirochaetales;f__Spirochaetaceae;g__Treponema	0.9511462690545632
e68544ddc3244c17fb4d593b8c66fe12	d__Bacteria;p__Bacteroidota;c__Bacteroidia;o__Bacteroidales;f__Dysgonomonadaceae;g__Fermentimonas	0.8019498899914561
a9226096e2b15605a1084af00345760f	d__Bacteria;p__Actinobacteriota;c__Actinobacteria;o__Micrococcales;f__Micrococcaceae	0.9987234953467478
a12c3044ef43ecbb76a7d3010d2c5523	d__Bacteria;p__Actinobacteriota;c__Coriobacteriia;o__Coriobacteriales;f__Eggerthellaceae;g__uncultured	0.9997683966008126
d6e6b2021b412b01e5e8102ed0f4858f	d__Bacteria;p__Bacteroidota;c__Bacteroidia;o__Bacteroidales;f__Bacteroidaceae;g__Bacteroides	0.9847490525047435
321ecf16053c7075ae264ac3d1267d4a	d__Bacteria;p__Bacteroidota;c__Bacteroidia;o__Bacteroidales;f__Rikenellaceae;g__Rikenellaceae_RC9_gut_group	0.9921581829926883
07222076a57a78030f585c7896a1350e	d__Bacteria;p__Firmicutes;c__Bacilli;o__Erysipelotrichales;f__Erysipelatoclostridiaceae;g__UCG-004	0.9999999964614801
f58b8409fe44e08c2928fa5e93b72244	d__Bacteria;p__Firmicutes;c__Clostridia;o__Peptostreptococcales-Tissierellales;f__Peptostreptococcales-Tissierellales;g__Tissierella	0.9756508373953239
d91ade5204a19aba73e23e5b2152a2ee	d__Bacteria;p__Actinobacteriota;c__Coriobacteriia;o__Coriobacteriales;f__Eggerthellaceae;g__uncultured	0.9999941033024328
2580d0d2867a07225b55dfd2bb667ea3	d__Bacteria;p__Spirochaetota;c__Spirochaetia;o__Spirochaetales;f__Spirochaetaceae;g__Treponema	0.9173502332972592
119a9b43a50f45e08ec1a78c5660353b	d__Bacteria;p__Desulfobacterota;c__Desulfovibrionia;o__Desulfovibrionales;f__Desulfovibrionaceae;g__Desulfovibrio	0.951278337110575
4ae05f65c3849de2c0e444ce3902b05a	d__Bacteria;p__Firmicutes;c__Bacilli;o__Lactobacillales;f__Enterococcaceae;g__Enterococcus	0.9034385340431388
7aca60cf09d8c639eb96af32a0fedda9	d__Bacteria;p__Firmicutes;c__Clostridia;o__Peptostreptococcales-Tissierellales;f__Peptostreptococcales-Tissierellales;g__Anaerosalibacter	0.9722078678025173
62fc71ef52314b82314775cc44fb5ad6	d__Bacteria;p__Firmicutes;c__Bacilli;o__Bacillales;f__Bacillaceae;g__Pseudogracilibacillus	0.9936033993923078
dff1de3f32161385c6f93bb3e5ebee0c	d__Bacteria;p__Firmicutes	0.8129143990854181
bc463e726508507dc14620af5f64520d	d__Bacteria;p__Proteobacteria;c__Gammaproteobacteria;o__Aeromonadales;f__Succinivibrionaceae;g__Succinivibrio	0.9996088452118373
a635a6101ce4a5d278e45e97c691f3ef	d__Bacteria;p__Bacteroidota;c__Bacteroidia;o__Bacteroidales;f__Dysgonomonadaceae;g__Proteiniphilum	0.8632854867215415
953f7aa06769ed9d32db2e98c98d18aa	d__Bacteria;p__Firmicutes	0.7242141920588572
d32ccfe07a95550abeb684f43c5587ed	d__Bacteria;p__Bacteroidota;c__Bacteroidia;o__Bacteroidales;f__Marinifilaceae;g__Sanguibacteroides	0.9999978112244401
ead034c20ec389f7f9d1c917cdc9d39c	d__Bacteria;p__Firmicutes;c__Clostridia;o__Peptostreptococcales-Tissierellales;f__Peptostreptococcales-Tissierellales;g__Anaerococcus	0.8583438163324588
e9ccc0b34a16a24961d9eb39a0eeabef	d__Bacteria;p__Firmicutes;c__Clostridia;o__Clostridia;f__Hungateiclostridiaceae;g__Fastidiosipila	0.8800233013628878
7d70b496dce445f42566896a7d0bec94	d__Bacteria;p__Bacteroidota;c__Bacteroidia;o__Bacteroidales;f__Bacteroidaceae;g__Bacteroides	0.9421126761157734
3729213ca13dac4619d4fe26d61e28d5	d__Bacteria;p__Proteobacteria;c__Gammaproteobacteria;o__Pseudomonadales;f__Pseudomonadaceae;g__Pseudomonas	0.7548270068051494
d1bdd1e5626149d3d52a383c70b531c6	d__Bacteria;p__Firmicutes;c__Bacilli;o__Lactobacillales;f__Carnobacteriaceae;g__uncultured	0.9999874310198101
a64ac285e3067b805a98834f966e243c	d__Bacteria;p__Bacteroidota;c__Bacteroidia;o__Bacteroidales;f__Muribaculaceae;g__Muribaculaceae	0.9998410992675121
e56cc5411512d332d51ca84ccc099402	d__Bacteria;p__Proteobacteria;c__Gammaproteobacteria;o__Aeromonadales;f__Succinivibrionaceae;g__Succinivibrio	0.9995960788217757
d05e34c8dc568cc210248f2370f93909	d__Bacteria;p__Firmicutes;c__Clostridia;o__Peptostreptococcales-Tissierellales;f__Sedimentibacteraceae;g__Sedimentibacter	0.999999996047001
6428b4d4f63c6f91080f12ef7bb90001	d__Bacteria;p__Firmicutes;c__Clostridia;o__Lachnospirales;f__Lachnospiraceae;g__[Eubacterium]_hallii_group	0.9998533587114897
394f9b401b302d5fe23176cb9bb852c3	d__Bacteria;p__Firmicutes;c__Clostridia;o__Clostridiales;f__Clostridiaceae;g__Clostridium_sensu_stricto_15	0.9250107126123591
4b16d5d2d5a56bb611c3249338bc1f82	d__Bacteria;p__Actinobacteriota;c__Actinobacteria;o__Corynebacteriales;f__Corynebacteriaceae;g__Corynebacterium	0.8713679655588147
654c133403863059963bb76fa02aa7e4	d__Bacteria;p__Firmicutes;c__Bacilli;o__Lactobacillales;f__Lactobacillaceae;g__Lactobacillus	0.9943493818151353
0f06bc73534321814ff0e341f4846fac	d__Bacteria;p__Firmicutes;c__Clostridia;o__Oscillospirales;f__Oscillospiraceae;g__UCG-002	0.9997117410405154
818959af3a1b124cfc366d7fde10bfc2	d__Bacteria;p__Actinobacteriota;c__Actinobacteria;o__Micrococcales;f__Micrococcaceae;g__Yaniella	0.7733181324645148
2eedf896e95f02090d22dd3e68742ce7	d__Bacteria;p__Firmicutes;c__Clostridia;o__Lachnospirales;f__Lachnospiraceae;g__Blautia	0.9974498726525474
3ff7fa8f95e3288f46cbe6cc2edac5e0	d__Bacteria;p__Firmicutes;c__Clostridia;o__Peptostreptococcales-Tissierellales;f__Peptostreptococcales-Tissierellales;g__Gallicola	0.9999993224104196
d6c3017fa466d274c3e2b876d96fb503	d__Bacteria;p__Firmicutes	0.7958727968995083
d0de2956c30e1b8e64f9fb42a27a92ad	d__Bacteria;p__Desulfobacterota;c__Desulfovibrionia;o__Desulfovibrionales;f__Desulfovibrionaceae;g__Desulfovibrio	0.999501386203615
607407413df22e672bf29ba15414c8c5	d__Bacteria;p__Bacteroidota;c__Bacteroidia;o__Bacteroidales;f__Rikenellaceae;g__Rikenellaceae_RC9_gut_group	0.997852888383323
676889b91de85e58669f088eb3ef8aac	d__Bacteria;p__Bacteroidota;c__Bacteroidia;o__Bacteroidales;f__Dysgonomonadaceae;g__Fermentimonas	0.8358304508683267
ffc36e27c82042664a16bcd4d380b286	d__Bacteria;p__Proteobacteria;c__Gammaproteobacteria;o__Enterobacterales;f__Enterobacteriaceae;g__Escherichia-Shigella	0.9972165985587036
81c664bdc79851d4ed45ec4fb6ea9c76	d__Bacteria;p__Spirochaetota;c__Spirochaetia;o__Spirochaetales;f__Spirochaetaceae;g__Treponema	0.9744647468722017
ca58aaad0f134852da0c77025783eb4f	d__Bacteria;p__Firmicutes;c__Bacilli;o__Bacillales;f__Planococcaceae;g__Lysinibacillus	0.9864639136282765
b9c8676db4e6c98240c873d3739f7d38	d__Bacteria;p__Proteobacteria;c__Gammaproteobacteria;o__Burkholderiales;f__Alcaligenaceae;g__Oligella	0.9545167239067125
26b9abb021e89eab7644862adde7652e	d__Bacteria;p__Patescibacteria;c__Saccharimonadia;o__Saccharimonadales;f__Saccharimonadaceae;g__Candidatus_Saccharimonas	0.999999950465788
f270fde577ddd95206273f429652799a	d__Bacteria;p__Firmicutes;c__Clostridia;o__Peptostreptococcales-Tissierellales;f__Peptostreptococcales-Tissierellales;g__Tissierella	0.9906520207368146
23f5c841465cab646c35b11ebdd25e99	d__Bacteria;p__Firmicutes;c__Bacilli;o__Izemoplasmatales;f__Izemoplasmatales;g__Izemoplasmatales	0.9111902693521489
a118f3cfca431931d46f856b35cd9f94	d__Bacteria;p__Spirochaetota;c__Spirochaetia;o__Spirochaetales;f__Spirochaetaceae;g__Sphaerochaeta	0.9999974465028943
0a453b715264e42d612098f6969e3fd5	d__Bacteria;p__Firmicutes;c__Bacilli;o__Bacillales;f__Planococcaceae;g__Lysinibacillus	0.9763338840620028
05e480f4f4df299f81f085cc6dc5525c	d__Bacteria;p__Spirochaetota;c__Spirochaetia;o__Spirochaetales;f__Spirochaetaceae;g__Treponema	0.9917401555688955
a3a2886eb140ac3b163b42068132a211	d__Bacteria;p__Firmicutes;c__Clostridia;o__Oscillospirales;f__Oscillospiraceae;g__UCG-005	0.8709286136278639
8e1c530f69c7e1ebb1377b68a5069ce9	d__Bacteria;p__Firmicutes;c__Clostridia;o__Lachnospirales;f__Lachnospiraceae;g__[Eubacterium]_hallii_group	0.976578512352609
1ea755d983666c4b02aa48de3aba85b2	d__Bacteria;p__Firmicutes;c__Clostridia;o__Clostridia;f__Hungateiclostridiaceae;g__HN-HF0106	0.9642031104262604
3c386be97517c638b262caca9fbe4017	d__Bacteria;p__Firmicutes;c__Clostridia;o__Lachnospirales;f__Lachnospiraceae;g__Lachnospiraceae_NK3A20_group	0.9451829785573674
8146deefacadef2055916d06c19a3abd	d__Bacteria;p__Firmicutes;c__Bacilli;o__Staphylococcales;f__Staphylococcaceae;g__Jeotgalicoccus	0.9999989167050997
c5d8316af81e9a52973febcd78a2f2c5	d__Bacteria;p__Firmicutes;c__Clostridia;o__Lachnospirales;f__Lachnospiraceae;g__Herbinix	0.9372455021054465
3c5811cd3c3d9d774fe4ab88bcaa4121	d__Bacteria;p__Bacteroidota;c__Bacteroidia;o__Bacteroidales;f__Rikenellaceae;g__Rikenellaceae_RC9_gut_group	0.9968363812624058
acaf04f46b920effa278715725f06979	d__Bacteria;p__Bacteroidota;c__Bacteroidia;o__Bacteroidales;f__Prevotellaceae;g__Prevotella	0.9999995197954542
1ee498f5a4df79e4153f374aa350eec5	d__Bacteria;p__Firmicutes;c__Bacilli;o__Lactobacillales;f__Lactobacillaceae;g__Lactobacillus	0.996893594626404
7cc00b26fcd877e58b9e8d6de3beb6fa	d__Bacteria;p__Firmicutes	0.7436234063798061
86b43fe59b698c6e41d35a53d866a941	d__Bacteria;p__Bacteroidota;c__Bacteroidia;o__Bacteroidales;f__Dysgonomonadaceae;g__Proteiniphilum	0.7075007930024257
651f057c7f00e880266bca81ca907a65	d__Bacteria;p__Proteobacteria;c__Gammaproteobacteria;o__Cardiobacteriales;f__Wohlfahrtiimonadaceae;g__Ignatzschineria	0.99425836146136
974d9e9fc0f0da7893246dc58b19f44f	d__Bacteria;p__Actinobacteriota;c__Actinobacteria;o__Corynebacteriales;f__Corynebacteriaceae;g__Corynebacterium	0.9999935276526533
6d1901f64fd20467e3b3c30539003212	d__Bacteria;p__Firmicutes;c__Clostridia;o__Peptostreptococcales-Tissierellales;f__Peptostreptococcaceae;g__Intestinibacter	0.9398594838419482
4abf5782e208e11e90cad6ebeb3a3c7e	d__Bacteria;p__Firmicutes;c__Bacilli;o__Lactobacillales;f__Carnobacteriaceae;g__uncultured	0.9752213578474958
e748702577abd09b13ce2443346b69d9	d__Bacteria;p__Firmicutes;c__Clostridia;o__Peptostreptococcales-Tissierellales;f__Peptostreptococcales-Tissierellales;g__Anaerococcus	0.9999999999078981
080428281fc2ca672e2a5fea7c132613	d__Bacteria;p__Actinobacteriota;c__Actinobacteria;o__Micrococcales;f__Micrococcaceae;g__Enteractinococcus	0.790797018683035
f8593f847aeea580a30a8e3d6864d9f9	d__Bacteria;p__Firmicutes;c__Clostridia;o__Peptostreptococcales-Tissierellales;f__Peptostreptococcales-Tissierellales;g__Tepidimicrobium	0.9809628208758019
416efe3189c4335c6c6cb8bdf4e20261	d__Bacteria;p__Spirochaetota;c__Spirochaetia;o__Spirochaetales;f__Spirochaetaceae;g__Sphaerochaeta	0.9166678286372667
8d478879084ed7c88660c8b0c4b24923	d__Bacteria;p__Firmicutes;c__Clostridia;o__Oscillospirales;f__Ruminococcaceae	0.9996005798345307
ed63216df09a3cc9a20a0ce7435f7962	d__Bacteria;p__Actinobacteriota;c__Actinobacteria;o__Micrococcales;f__Micrococcaceae	0.9999999969884781
3e6f34527236758f6119afd4405bbdec	d__Bacteria;p__Proteobacteria;c__Gammaproteobacteria;o__Burkholderiales;f__Alcaligenaceae;g__Paenalcaligenes	0.9888399097849959
14a90cca574bdc35785cbb4747856b49	d__Bacteria;p__Spirochaetota;c__Spirochaetia;o__Spirochaetales;f__Spirochaetaceae;g__Treponema	0.9355707722005463
09e1e6e4f13d9e8596d200a3e315b3d3	d__Bacteria;p__Proteobacteria;c__Gammaproteobacteria;o__Pseudomonadales;f__Moraxellaceae;g__Psychrobacter	0.9999996831703698
b65a769da7f4bf6f04a47a23c2e2211e	d__Bacteria;p__Firmicutes;c__Bacilli;o__Lactobacillales;f__Carnobacteriaceae;g__Atopostipes	0.8492250544572626
08a2e03329e38122852af81306ef218a	d__Bacteria;p__Actinobacteriota;c__Actinobacteria;o__Corynebacteriales;f__Corynebacteriaceae;g__Corynebacterium	0.8059655211890726
51f18628f3f711d07695fa36f8b6d623	d__Bacteria;p__Bacteroidota;c__Bacteroidia;o__Bacteroidales;f__Bacteroidales_RF16_group;g__Bacteroidales_RF16_group	0.9990180709724837
2d4fc0cf0398958e9699c7e0000250f5	d__Bacteria;p__Bacteroidota;c__Bacteroidia;o__Bacteroidales;f__Porphyromonadaceae;g__Porphyromonas	0.8295826880649856
4403a014db620e5cd2842e3de273eebd	d__Bacteria;p__Bacteroidota;c__Bacteroidia;o__Bacteroidales;f__Prevotellaceae;g__Prevotellaceae_NK3B31_group	0.9716985145792548
85800b72559ef27b842570badc2f9f15	d__Bacteria;p__Proteobacteria;c__Gammaproteobacteria;o__Burkholderiales;f__Alcaligenaceae;g__Paenalcaligenes	0.9991183251483682
ca42eb8f891ecb560c50e11e71454f71	d__Bacteria;p__Synergistota;c__Synergistia;o__Synergistales;f__Synergistaceae;g__uncultured	0.9999105621184485
cc852668bb7d53b7d7a86f362eab7879	d__Archaea;p__Thermoplasmatota;c__Thermoplasmata;o__Methanomassiliicoccales;f__Methanomethylophilaceae;g__RumEn_M2	0.9974548339204066
aea9b61b23ab8a8a88bf767f7984b096	d__Bacteria;p__Firmicutes;c__Bacilli;o__Lactobacillales;f__Lactobacillaceae;g__Lactobacillus	0.9300103997662917
a06db26a32ca2dc07230b5e4e525e758	d__Bacteria;p__Firmicutes;c__Clostridia;o__Oscillospirales;f__Butyricicoccaceae;g__UCG-008	0.9999846851273221
d70026f00d0e3fe7bffd95db342ad48d	d__Bacteria;p__Firmicutes	0.7526168241317795
4e606bed45a7f847bacd1820362435ad	d__Bacteria;p__Proteobacteria;c__Gammaproteobacteria;o__Pseudomonadales;f__Moraxellaceae;g__Psychrobacter	0.9999999996436071
adb564d1df010f5ac1d69a369c32b8b1	d__Bacteria;p__Actinobacteriota;c__Actinobacteria;o__Corynebacteriales;f__Corynebacteriaceae;g__Corynebacterium	0.9667193130554791
c3188521b26db0b2781c6a51419154b4	d__Bacteria;p__Desulfobacterota;c__Desulfovibrionia;o__Desulfovibrionales;f__Desulfovibrionaceae;g__Desulfovibrio	0.9999116238916766
d28dd7690ec8adbc3e58eb7075797055	d__Bacteria;p__Spirochaetota;c__Spirochaetia;o__Spirochaetales;f__Spirochaetaceae;g__Treponema	0.9999999985843431
829eb09f73c9a0b55d38aa322c3f3d15	d__Bacteria;p__Firmicutes;c__Bacilli;o__Bacillales;f__Planococcaceae	0.7629115499843377
89a449ec5fad6aa425f73d4e73243fa8	d__Bacteria;p__Firmicutes;c__Clostridia;o__Clostridia;f__Hungateiclostridiaceae;g__Fastidiosipila	0.8495765632679294
b94dc9792041d3d474467f9cac7e9ad7	d__Bacteria;p__Actinobacteriota;c__Actinobacteria;o__Corynebacteriales;f__Corynebacteriaceae;g__Corynebacterium	0.9999847684021254
ad89a9d5fec4408fafb73e7225f44d08	d__Bacteria;p__Firmicutes;c__Clostridia;o__Lachnospirales;f__Lachnospiraceae;g__Dorea	0.9046994662707574
25f027f72118e3a7e13c3b96b45c84c7	d__Bacteria;p__Firmicutes;c__Clostridia;o__Oscillospirales;f__Ruminococcaceae;g__Subdoligranulum	0.7969783941917729
a6dd1e306ac0f1281a051ac6f0146cf9	d__Bacteria;p__Firmicutes;c__Clostridia;o__Lachnospirales;f__Lachnospiraceae;g__Cellulosilyticum	0.9887034728287767
6d578b04587215364d727af42a72a510	d__Bacteria;p__Spirochaetota;c__Spirochaetia;o__Spirochaetales;f__Spirochaetaceae;g__Treponema	0.9643271221001931
10c942e97cde356db1d649ec7e9530a4	d__Bacteria;p__Desulfobacterota;c__Desulfovibrionia;o__Desulfovibrionales;f__Desulfovibrionaceae;g__Lawsonia	0.9999921886120388
b264ac8ff5f9aff74f0b9aa084d9a9f0	d__Bacteria;p__Firmicutes;c__Clostridia;o__Lachnospirales;f__Lachnospiraceae;g__Agathobacter	0.9911841086764583
b2317178600911964414bf4110638852	d__Bacteria;p__Actinobacteriota;c__Coriobacteriia;o__Coriobacteriales;f__uncultured;g__uncultured	0.9512515990925418
ac5fb5b9be46b5b9bf8de40f1e5ca845	d__Bacteria;p__Firmicutes;c__Bacilli;o__Acholeplasmatales;f__Acholeplasmataceae;g__Acholeplasma	0.9995619218770946
e1fea570c8367586d378609a07afb0fb	d__Bacteria;p__Firmicutes;c__Clostridia;o__Clostridia;f__Hungateiclostridiaceae;g__Fastidiosipila	0.999140223902073
ae77eafc7dc1ad6c282b67d3cb981294	d__Bacteria;p__Spirochaetota;c__Spirochaetia;o__Spirochaetales;f__Spirochaetaceae;g__Treponema	0.9999999999289302
53d870a9110a5ae134cd26c19be6b705	d__Bacteria;p__Bacteroidota;c__Bacteroidia;o__Bacteroidales;f__Rikenellaceae;g__uncultured	0.9999999474601124
1553d57e5e644a3e01af385b0e2e5e77	d__Bacteria;p__Firmicutes;c__Clostridia;o__Clostridia_vadinBB60_group;f__Clostridia_vadinBB60_group;g__Clostridia_vadinBB60_group	0.8789816606420086
f01a05aa3faecc17873cf01d56420571	d__Bacteria;p__Spirochaetota;c__Spirochaetia;o__Spirochaetales;f__Spirochaetaceae;g__Treponema	0.8938377867805403
5f244771f6998cc330b1990b928f69b5	d__Bacteria;p__Firmicutes;c__Clostridia;o__Clostridia_UCG-014;f__Clostridia_UCG-014;g__Clostridia_UCG-014	0.9999999999996161
4c173a22d4ee03de4beb74f990a32646	d__Bacteria	0.8280437833495833
edc06e5f20535c71071803ccc27290d8	d__Bacteria;p__Firmicutes;c__Clostridia;o__Lachnospirales;f__Lachnospiraceae;g__Dorea	0.8326027639983393
f1d1f874e145524d2bc5c10679f75184	d__Bacteria;p__Bacteroidota;c__Bacteroidia;o__Bacteroidales;f__Rikenellaceae;g__Rikenellaceae_RC9_gut_group	0.9999509687438071
eaf7be456ff6d0e6a1f29d0b49ebd629	d__Bacteria;p__Bacteroidota;c__Bacteroidia;o__Bacteroidales;f__Rikenellaceae;g__Rikenellaceae_RC9_gut_group	0.9771068968124913
a0af910cdbf88968776abf7fe3b0010b	d__Bacteria;p__Firmicutes;c__Clostridia;o__Peptococcales;f__Peptococcaceae;g__Peptococcus	0.9998100008816942
e52ba2a9bc8651f6933f93a88542683c	d__Bacteria;p__Firmicutes;c__Clostridia;o__Peptostreptococcales-Tissierellales;f__Peptostreptococcales-Tissierellales;g__Tissierella	0.9937442354953824
c75b211edcbd3b9473cfdb9fa28c5932	d__Bacteria;p__Spirochaetota;c__Spirochaetia;o__Spirochaetales;f__Spirochaetaceae;g__Treponema	0.8679053083616878
3f19c7149ad7bbe2bc58e81122962d65	d__Bacteria;p__Firmicutes;c__Bacilli;o__Bacillales;f__Planococcaceae;g__Solibacillus	0.9871173137710401
5456f35fe432bfc76747d332b3d47fa0	d__Bacteria;p__Bacteroidota;c__Bacteroidia;o__Bacteroidales;f__Tannerellaceae;g__Parabacteroides	0.9996806787628919
f75c9739b501bbe20e7c5ff520b2aac2	d__Bacteria;p__Bacteroidota;c__Bacteroidia;o__Bacteroidales;f__Prevotellaceae;g__Prevotellaceae_NK3B31_group	0.7442038065499325
4801fde466e65e4b5e0520895edbce20	d__Bacteria;p__Proteobacteria;c__Gammaproteobacteria;o__Burkholderiales;f__Alcaligenaceae;g__Oligella	0.9999999999995686
1d01f6d949dda2960ffea0d9fc63a3f8	d__Bacteria;p__Firmicutes	0.7899639530795566
5e0673bde6e3a4692e3d9328e848137a	d__Bacteria;p__Firmicutes;c__Clostridia;o__Oscillospirales;f__Ruminococcaceae;g__Incertae_Sedis	0.9999994495398695
7bb8b979b308b35f0cbdbea20229d314	d__Bacteria;p__Cloacimonadota;c__Cloacimonadia;o__Cloacimonadales;f__Cloacimonadaceae;g__LNR_A2-18	0.7211401961116017
0ef63eb5855e5c9a8156c0a9f10b458a	d__Bacteria;p__Firmicutes;c__Bacilli;o__Erysipelotrichales;f__Erysipelatoclostridiaceae;g__UCG-004	0.9660637952481193
ebdff8df849ee7d1236f68a4baa4d7ca	d__Bacteria;p__Firmicutes;c__Bacilli;o__Lactobacillales;f__Carnobacteriaceae;g__Atopostipes	0.9510234790339694
23b0bc25c489701776cd0c649d734071	d__Bacteria;p__Verrucomicrobiota;c__Kiritimatiellae;o__WCHB1-41;f__WCHB1-41;g__WCHB1-41	0.9829174393363033
3f7ac12533fff0e5e66fce30d1c78ba2	d__Bacteria;p__Firmicutes;c__Clostridia;o__Clostridiales;f__Clostridiaceae;g__Clostridium_sensu_stricto_15	0.9591406493616661
12f4fbb50a6ca6d88967a640e90bb261	d__Bacteria;p__Firmicutes;c__Bacilli;o__Acholeplasmatales;f__Acholeplasmataceae;g__Acholeplasma	0.9997462095643401
f44c7de06be4c6f9cbe32fa9ffbb30b9	d__Bacteria;p__Actinobacteriota;c__Coriobacteriia;o__Coriobacteriales;f__Atopobiaceae;g__Olsenella	0.9999999956506869
a77e708951114ffb7af2549792904934	d__Bacteria;p__Firmicutes;c__Bacilli;o__Lactobacillales;f__Lactobacillaceae;g__Lactobacillus	0.9999999999999989
05a288f0f5a9b062f2177b015f70caac	d__Bacteria;p__Spirochaetota;c__Spirochaetia;o__Spirochaetales;f__Spirochaetaceae;g__Sphaerochaeta	0.9953193271614458
29e1d7cb0e776b057206d57fd329c761	d__Bacteria;p__Firmicutes;c__Negativicutes;o__Veillonellales-Selenomonadales;f__Veillonellaceae;g__Dialister	0.9583393257973135
15946e2596e6f595df919e6fc0f43ba2	d__Bacteria;p__Bacteroidota;c__Bacteroidia;o__Bacteroidales;f__Rikenellaceae;g__Rikenellaceae_RC9_gut_group	0.9164497179465225
4749ce9da5106517c19c5a657e9d849d	d__Bacteria;p__Firmicutes;c__Bacilli;o__Lactobacillales;f__Lactobacillaceae;g__Lactobacillus	0.999978219180403
ec5ee1d9ae158630c2b037f07fdc0a69	d__Bacteria;p__Firmicutes;c__Bacilli;o__Lactobacillales;f__Lactobacillaceae;g__Lactobacillus	0.9997706262492226
372004d21bdb91d94e97e2c87b36042c	d__Bacteria;p__Spirochaetota;c__Spirochaetia;o__Spirochaetales;f__Spirochaetaceae;g__Sphaerochaeta	0.9995340962284349
a37a7ced01f0fac882d8d15082c9a4dc	d__Bacteria;p__Bacteroidota;c__Bacteroidia;o__Bacteroidales;f__Tannerellaceae;g__Parabacteroides	0.9998372189572676
72157344ecdef30f86f6e64f550ff841	d__Bacteria;p__Firmicutes;c__Clostridia;o__Peptostreptococcales-Tissierellales;f__Peptostreptococcales-Tissierellales;g__W5053	0.9999755875888784
f219520601b217933490135f20526d50	d__Bacteria;p__Actinobacteriota;c__Actinobacteria;o__Actinomycetales;f__Actinomycetaceae;g__Trueperella	0.9996756098289423
31e78d394e5ab61f6ef9da25b5165b2e	d__Bacteria;p__Bacteroidota;c__Bacteroidia;o__Bacteroidales;f__Rikenellaceae;g__Rikenellaceae_RC9_gut_group	0.9999875577263558
f968b54af000505a55b8304010c72cc3	d__Bacteria;p__Firmicutes;c__Bacilli;o__Lactobacillales;f__Lactobacillaceae;g__Lactobacillus	0.9995666259540105
99dd3fa5a3fc43fa51776c3959ffb156	d__Bacteria;p__Bacteroidota;c__Bacteroidia;o__Bacteroidales;f__Tannerellaceae;g__Parabacteroides	0.999825563095226
e23b763533a8078f78c46c0cdce83c46	d__Bacteria;p__Firmicutes;c__Clostridia;o__Oscillospirales;f__Oscillospiraceae;g__NK4A214_group	0.705297797956611
4de2c31c43345330cb54bcd073bcbeb6	d__Bacteria;p__Firmicutes;c__Clostridia;o__Peptostreptococcales-Tissierellales;f__Peptostreptococcales-Tissierellales;g__Soehngenia	0.8750879556525297
4f2d630e9ad1d168e74edeff151a5314	d__Bacteria;p__Actinobacteriota;c__Actinobacteria;o__Corynebacteriales;f__Corynebacteriaceae;g__Corynebacterium	0.7028454884397574
ba36ca11664fc9f2bf1fa0b3a20b84c4	d__Bacteria;p__Verrucomicrobiota;c__Kiritimatiellae;o__WCHB1-41;f__WCHB1-41;g__WCHB1-41	0.7933991075158425
df2c9bc905a77a621e8308ba03ff8016	d__Bacteria;p__Firmicutes;c__Clostridia;o__Peptostreptococcales-Tissierellales;f__Sedimentibacteraceae;g__Sedimentibacter	0.9999999991714915
f4f67b7823e38eea0aa6827068809dfb	d__Bacteria;p__Firmicutes;c__Bacilli;o__Lactobacillales;f__Lactobacillaceae;g__Lactobacillus	0.9978641052254142
1c5e97c5a3c57c662f293459f3e0bd82	d__Bacteria;p__Actinobacteriota;c__Coriobacteriia;o__Coriobacteriales;f__Atopobiaceae;g__Olsenella	0.7984615912152416
153bf34b2ca40900333b08d749968bfc	d__Bacteria;p__Firmicutes;c__Clostridia;o__Lachnospirales;f__Lachnospiraceae;g__uncultured	0.7949511483181173
56ccfa9733e8ee1c021b72457e67ed3e	d__Bacteria;p__Bacteroidota;c__Bacteroidia;o__Bacteroidales;f__Dysgonomonadaceae;g__uncultured	0.9994786199565224
6472ddeb9024f9335f2d655d367ab506	d__Bacteria;p__Patescibacteria;c__Saccharimonadia;o__Saccharimonadales;f__Saccharimonadaceae;g__Candidatus_Saccharimonas	0.9962408723542769
ebaef4f2a48678d07ad7f42a4c5d1d28	d__Bacteria;p__Desulfobacterota;c__Desulfovibrionia;o__Desulfovibrionales;f__Desulfovibrionaceae;g__Desulfovibrio	0.9996535894353796
e3fb0b67923bfe72abc9b3008cdc0795	d__Bacteria;p__Spirochaetota;c__Spirochaetia;o__Spirochaetales;f__Spirochaetaceae;g__Treponema	0.9999996704789057
6b7d96f41597ebb5238cf1d6be8af044	d__Bacteria;p__Firmicutes;c__Bacilli;o__Acholeplasmatales;f__Acholeplasmataceae;g__Anaeroplasma	0.9999352181233737
3b398f076dfe3adf7b281694d7686ff1	d__Bacteria;p__Spirochaetota;c__Spirochaetia;o__Spirochaetales;f__Spirochaetaceae;g__Treponema	0.9999999994380624
33c6279114ca8b8212188da1203db563	d__Bacteria;p__Bacteroidota;c__Bacteroidia;o__Bacteroidales;f__Rikenellaceae;g__Rikenellaceae_RC9_gut_group	0.9997186311430415
0e7fb59d0562602f6fbd4b49cdb6b374	d__Bacteria;p__Firmicutes;c__Clostridia;o__Oscillospirales;f__Oscillospiraceae;g__NK4A214_group	0.7389246251935233
3e5026582fdd22ec90d518c353f896a2	d__Bacteria;p__Actinobacteriota;c__Actinobacteria;o__Micrococcales;f__Micrococcaceae;g__Enteractinococcus	0.9577523313973743
87874a8719ec86e0f01de7ca862a3113	d__Bacteria;p__Spirochaetota;c__Spirochaetia;o__Spirochaetales;f__Spirochaetaceae;g__Treponema	0.999999999922295
163cfd30a4b170cc3d5bd03676489895	d__Bacteria;p__Firmicutes;c__Bacilli;o__Acholeplasmatales;f__Acholeplasmataceae;g__Acholeplasma	0.835050933564121
52ba52e30f9d5544bdace0dc6dd18956	d__Bacteria;p__Firmicutes;c__Clostridia;o__Lachnospirales;f__Lachnospiraceae;g__[Eubacterium]_hallii_group	0.99999996170082
9ed84245da070fe0ce2b2df74b0bb774	d__Bacteria;p__Firmicutes;c__Clostridia;o__Lachnospirales;f__Lachnospiraceae;g__Anaerosporobacter	0.766086337878981
e868379a81d2ebec74d5be1b6ac2d029	d__Bacteria;p__Bacteroidota;c__Bacteroidia;o__Bacteroidales;f__Rikenellaceae;g__Rikenellaceae_RC9_gut_group	0.9908045488836078
ed2acaccb60960a752f8e63495e135d0	d__Bacteria;p__Firmicutes;c__Clostridia;o__Peptostreptococcales-Tissierellales;f__Peptostreptococcales-Tissierellales;g__Alkaliphilus	0.8062286327016627
24306a0c5d7cc0d3a2084221a00c59d9	d__Bacteria;p__Firmicutes;c__Clostridia;o__Lachnospirales;f__Lachnospiraceae;g__[Eubacterium]_ventriosum_group	0.8365393953343406
2947042076460b5398b292ed5a291b59	d__Bacteria;p__Firmicutes;c__Clostridia;o__Clostridia;f__Hungateiclostridiaceae;g__Fastidiosipila	0.7897237065343036
023c6e86c146a0f51c33d7bcb528cead	d__Bacteria;p__Firmicutes;c__Clostridia;o__Peptostreptococcales-Tissierellales;f__Peptostreptococcales-Tissierellales;g__uncultured	0.8803788136368879
dad651f54101ed2efce722ae4a85805b	d__Bacteria;p__Firmicutes;c__Clostridia;o__Clostridia_vadinBB60_group;f__Clostridia_vadinBB60_group;g__Clostridia_vadinBB60_group	0.9875622275261853
c54dde2205f9b262ca14397f99d0baa9	d__Bacteria;p__Firmicutes;c__Bacilli;o__Izemoplasmatales;f__Izemoplasmatales;g__Izemoplasmatales	0.9946041788915916
1d9e56ad5a4c2c850e84703aaab0b939	d__Bacteria;p__Verrucomicrobiota;c__Kiritimatiellae;o__WCHB1-41;f__WCHB1-41;g__WCHB1-41	0.9981792033752023
d6fb5a6d274b2864d58729b26b6573e5	d__Bacteria;p__Firmicutes;c__Clostridia;o__Clostridia_UCG-014;f__Clostridia_UCG-014;g__Clostridia_UCG-014	0.9999999999970872
51103ebbf864ac4395da27d8d5dba4d7	d__Bacteria;p__Firmicutes;c__Bacilli;o__Acholeplasmatales;f__Acholeplasmataceae;g__Acholeplasma	0.7504607804482853
2d05fffdb109f0ebe647864eed97a132	d__Bacteria;p__Firmicutes;c__Bacilli;o__Erysipelotrichales;f__Erysipelatoclostridiaceae;g__UCG-004	0.9705266529689258
87e4542fb5ff7730c1202e7b2f97a83d	d__Bacteria;p__Firmicutes;c__Negativicutes;o__Acidaminococcales;f__Acidaminococcaceae;g__uncultured	0.9547784268378168
f6bea811a0e624f01bbe51db2846dd48	d__Bacteria;p__Firmicutes;c__Clostridia;o__Lachnospirales;f__Lachnospiraceae;g__Agathobacter	0.9514169199361495
a644729ce74634b944a213b601366382	d__Bacteria;p__Firmicutes;c__Clostridia;o__Peptostreptococcales-Tissierellales;f__Peptostreptococcales-Tissierellales;g__uncultured	0.7018931123219933
48e2bfa3401f9cce1520779312e9cf2b	d__Bacteria;p__Bacteroidota;c__Bacteroidia;o__Bacteroidales;f__Prevotellaceae;g__Prevotellaceae_NK3B31_group	0.8511595695064526
5835911cb68679bd6c01913b338af705	d__Bacteria;p__Bacteroidota;c__Bacteroidia;o__Bacteroidales;f__Tannerellaceae;g__Parabacteroides	0.9998468714379091
294317c5c86253028c5d4c1d5ad9bc91	d__Bacteria;p__Proteobacteria;c__Gammaproteobacteria;o__Cardiobacteriales;f__Wohlfahrtiimonadaceae;g__Ignatzschineria	0.9138494709371984
a8d2565f991ade3ddb10af5683402e36	d__Bacteria;p__Firmicutes;c__Bacilli;o__Lactobacillales;f__Lactobacillaceae;g__Lactobacillus	0.9991605248705324
2c2b6351ef592dab59e2f50465e35834	d__Bacteria;p__Actinobacteriota;c__Actinobacteria;o__Micrococcales;f__Micrococcaceae;g__Enteractinococcus	0.97871725921135
4307479de1d116492f5203bff29b49bd	d__Bacteria;p__Actinobacteriota;c__Actinobacteria;o__Actinomycetales;f__Actinomycetaceae;g__Trueperella	0.9999749134564143
631f02cfa769a21142f336a5a881b81d	d__Bacteria;p__Actinobacteriota;c__Coriobacteriia;o__Coriobacteriales;f__Coriobacteriaceae;g__Collinsella	0.9917156517467811
24505882d9b3ba86ce1206f2b9a22123	d__Bacteria;p__Firmicutes;c__Clostridia;o__Lachnospirales;f__Lachnospiraceae	0.9999908456496037
20bbad4093535a9239bf397fd6291ea3	d__Bacteria;p__Bacteroidota;c__Bacteroidia;o__Bacteroidales;f__Rikenellaceae;g__Rikenellaceae_RC9_gut_group	0.9963755628576267
b978450e75ae38f47e8e4fadc48bbd0b	d__Bacteria;p__Firmicutes;c__Clostridia;o__Lachnospirales;f__Lachnospiraceae;g__[Ruminococcus]_gauvreauii_group	0.9878039987750462
06646f00f752b0908cd53a1754bac8d0	d__Bacteria;p__Firmicutes;c__Clostridia;o__Oscillospirales;f__Oscillospiraceae;g__NK4A214_group	0.8468895240993086
9d559e18868de69d082cb86b8b23676a	d__Bacteria;p__Firmicutes;c__Clostridia	0.7039295688462538
d9bb3ea8df6aa9e66e06316c68ea93b6	d__Bacteria;p__Firmicutes;c__Clostridia;o__Peptostreptococcales-Tissierellales;f__Anaerovoracaceae;g__Mogibacterium	0.9999907405571468
02e55be6d22f4237d4cf9d334fe64670	d__Bacteria;p__Bacteroidota;c__Bacteroidia;o__Bacteroidales	0.8329116215293404
5a154a9c4e88bbaa85b3236fa07b9aaa	d__Bacteria;p__Firmicutes;c__Clostridia;o__Oscillospirales;f__Ruminococcaceae;g__Subdoligranulum	0.9997752530499386
97196cffc57c55b29d621f3370a10356	d__Bacteria;p__Firmicutes;c__Clostridia;o__Lachnospirales;f__Lachnospiraceae	0.9999997393861079
3ad1de350b50d8168e888361fbc8d3fe	d__Bacteria;p__Firmicutes;c__Bacilli;o__Lactobacillales;f__Streptococcaceae;g__Streptococcus	0.9997781771466862
96e7a7e5330ff4a1c3a47516841435d4	d__Bacteria;p__Proteobacteria;c__Gammaproteobacteria;o__Cardiobacteriales;f__Wohlfahrtiimonadaceae;g__Ignatzschineria	0.9999999216631497
93b58b0ba0d326e9c8d1a81f8672c16a	d__Bacteria;p__Firmicutes;c__Clostridia;o__Lachnospirales;f__Lachnospiraceae;g__[Ruminococcus]_torques_group	0.9977408546003435
f26d55bbd0a5bd32017ffd1b7e54775b	d__Bacteria;p__Bacteroidota;c__Bacteroidia;o__Bacteroidales;f__Rikenellaceae;g__Rikenellaceae_RC9_gut_group	0.9621888789367921
80a576f12dbb37fb5afc069384c6dfe0	d__Bacteria;p__Actinobacteriota;c__Coriobacteriia;o__Coriobacteriales;f__uncultured;g__uncultured	0.999999308508433
59e9d9b2790038720738d92981fa2083	d__Bacteria;p__Campilobacterota;c__Campylobacteria;o__Campylobacterales;f__Campylobacteraceae;g__Campylobacter	0.9999999999998245
b5adf495b3a1233886b366a1b719bf5f	d__Bacteria;p__Firmicutes;c__Clostridia;o__Clostridia;f__Hungateiclostridiaceae;g__Fastidiosipila	0.9999999999993867
5269c935c3e94158f036a00670a9ed6c	d__Bacteria;p__Firmicutes;c__Clostridia;o__Caldicoprobacterales;f__Caldicoprobacteraceae;g__Caldicoprobacter	0.7297629636150075
2571e34b8568f303986aba6984c20cbd	d__Bacteria;p__Proteobacteria;c__Gammaproteobacteria;o__Pseudomonadales;f__Pseudomonadaceae;g__Thiopseudomonas	0.9323803102649516
1277f813479333f57806f0ef9498fd31	d__Bacteria;p__Firmicutes;c__Clostridia;o__Lachnospirales;f__Lachnospiraceae;g__Lachnospiraceae_AC2044_group	0.9662427432157941
a494cef3f037d265dc219cd3582d5208	d__Bacteria;p__Firmicutes;c__Clostridia;o__Oscillospirales;f__Oscillospiraceae;g__UCG-005	0.9999087338861744
59d5b48ae8f9f1f0a0cd9ee1eddcc5d9	d__Bacteria	0.7606186406812278
78d8649dc3a8d303e31e1682249ecf40	d__Bacteria;p__Firmicutes;c__Clostridia;o__Clostridiales;f__uncultured;g__uncultured	0.9451936421200935
95e7d9d85d58f9d244534165c6f95b5c	d__Bacteria;p__Bacteroidota;c__Bacteroidia;o__Bacteroidales;f__Muribaculaceae;g__Muribaculaceae	0.8804010657845581
8bcabe968754bb6798ba0064f496aafe	d__Bacteria;p__Firmicutes;c__Bacilli;o__Acholeplasmatales;f__Acholeplasmataceae;g__Acholeplasma	0.9918870074758764
4e833ca0974ac6ce1e1c7cdfb5dd4f1d	d__Bacteria;p__Bacteroidota;c__Bacteroidia;o__Bacteroidales;f__Rikenellaceae;g__Rikenellaceae_RC9_gut_group	0.9999352046329455
0bb47f6e088c63eec1cf288aebc80ab3	d__Bacteria;p__Firmicutes;c__Bacilli;o__Lactobacillales;f__Lactobacillaceae;g__Lactobacillus	0.9998277663068327
151416e23166ef366fbb66754cd75af7	d__Bacteria;p__Firmicutes;c__Clostridia;o__Peptostreptococcales-Tissierellales;f__Peptostreptococcales-Tissierellales;g__uncultured	0.9061744094138924
9a5588251b2f285fa0e5dcc09728b74b	d__Bacteria;p__Spirochaetota;c__Spirochaetia;o__Spirochaetales;f__Spirochaetaceae;g__Treponema	0.9973139800985986
c9c4d96739be83097d3386bf5a0c1cd1	d__Bacteria;p__Firmicutes;c__Clostridia;o__Oscillospirales;f__UCG-010;g__UCG-010	0.9021733573790269
235360f68e2473e5c5d6cc37b9547a7d	d__Bacteria;p__Firmicutes;c__Clostridia;o__Oscillospirales;f__Ruminococcaceae;g__Ruminococcus	0.9726992064133287
f5a0ef280ee1aff6b2074862cde33112	d__Bacteria;p__Verrucomicrobiota;c__Kiritimatiellae;o__WCHB1-41;f__WCHB1-41;g__WCHB1-41	0.711822816368591
acd8e9fbf3ac9220d789d9a7950c4fab	d__Bacteria;p__Bacteroidota;c__Bacteroidia;o__Bacteroidales;f__Prevotellaceae;g__Prevotella	0.7747047659026698
8063ded95790c2de864284a8acb904ca	d__Bacteria;p__Firmicutes;c__Clostridia;o__Lachnospirales;f__Lachnospiraceae	0.9999992463226803
c2927a1b1116556b1d09c502fa02d20c	d__Bacteria;p__Bacteroidota;c__Bacteroidia;o__Bacteroidales;f__Bacteroidaceae;g__Bacteroides	0.7554498950359307
d971e76fbb4ab848c318d244e4e0a788	d__Bacteria;p__Firmicutes;c__Clostridia;o__Peptococcales;f__Peptococcaceae;g__Desulfonispora	0.9102410655615227
bd334cca9fbbddcac5a9cd0de42fb8e3	d__Bacteria;p__Actinobacteriota;c__Actinobacteria;o__Micrococcales;f__Micrococcaceae	0.9986041956465405
b6144b05339dfc0a48330efc947084c7	d__Bacteria;p__Bacteroidota;c__Bacteroidia;o__Bacteroidales;f__Bacteroidaceae;g__Bacteroides	0.9992075515430106
d5043dd47b0768fb2069a7f340ca7ee8	d__Bacteria;p__Firmicutes;c__Clostridia;o__Peptostreptococcales-Tissierellales;f__Peptostreptococcales-Tissierellales;g__W5053	0.9999234859892486
bde82bd1d862f3c3a0f643bdd1156609	d__Bacteria;p__Bacteroidota;c__Bacteroidia;o__Bacteroidales;f__Rikenellaceae;g__Rikenellaceae_RC9_gut_group	0.9664626182913574
967443781e1d3e793fe1e9bc857a43e6	d__Bacteria;p__Actinobacteriota;c__Coriobacteriia;o__Coriobacteriales;f__uncultured;g__uncultured	0.9959546608159867
0ba1cc3754ed648603f4c161d7fbc8d1	d__Bacteria;p__Firmicutes;c__Clostridia;o__Peptostreptococcales-Tissierellales;f__Peptostreptococcales-Tissierellales;g__Anaerococcus	0.9999999999879516
693c85706af11f32f9fc8887fae15f83	d__Bacteria;p__Firmicutes;c__Clostridia;o__Lachnospirales;f__Lachnospiraceae	0.9999999318525754
661bd0518aeeb6d03b83848d9d9e647b	d__Bacteria;p__Firmicutes;c__Bacilli;o__Lactobacillales;f__Enterococcaceae;g__Enterococcus	0.9949904722947834
9002efc8d0aae0e00570a0ef34a8f2f4	d__Bacteria;p__Cyanobacteria;c__Cyanobacteriia;o__Chloroplast;f__Chloroplast;g__Chloroplast	1.0000000000000044
cf4ab3ed89da87805f765fc3b0f43dc8	d__Bacteria;p__Firmicutes;c__Bacilli;o__Bacillales;f__Planococcaceae;g__Sporosarcina	0.9999460460947862
d96caa7d104ff9e1fb38c3df08272b87	d__Bacteria;p__Firmicutes;c__Bacilli;o__Erysipelotrichales;f__Erysipelotrichaceae;g__Solobacterium	0.9992369441693605
4e55fc347321aae7a4186775d7d4f23d	d__Bacteria;p__Cloacimonadota;c__Cloacimonadia;o__Cloacimonadales;f__LK-44f;g__LK-44f	1.0
f098c935a22f615eaabec3398145be6f	d__Bacteria;p__Firmicutes;c__Bacilli;o__Erysipelotrichales;f__Erysipelatoclostridiaceae;g__UCG-004	0.9920329407009092
31b9228e48fe82fa9f3c9b9f1cf8027a	d__Bacteria;p__Firmicutes;c__Limnochordia;o__uncultured;f__uncultured;g__uncultured	0.9999999112433254
4516aa60a483dd8c7bbc57098c45f1a5	d__Bacteria;p__Firmicutes;c__Clostridia;o__Oscillospirales;f__Ruminococcaceae;g__Faecalibacterium	0.9999986502051922
084232aa20efde336ab705517df50154	d__Bacteria;p__Spirochaetota;c__Spirochaetia;o__Spirochaetales;f__Spirochaetaceae;g__Treponema	0.922206614329428
1622c4085f6eef25aa3f80f39385da24	d__Bacteria;p__Proteobacteria;c__Gammaproteobacteria;o__Burkholderiales;f__Alcaligenaceae;g__Advenella	0.9998039657469658
d1e88ff3b4987bd12729bdb930f196f4	d__Bacteria;p__Firmicutes;c__Clostridia;o__Lachnospirales;f__Lachnospiraceae;g__Cellulosilyticum	0.9227630476777533
32c0c47cebcd84efd0e8321d593edb85	d__Bacteria;p__Bacteroidota;c__Bacteroidia;o__Bacteroidales;f__Rikenellaceae;g__Rikenellaceae_RC9_gut_group	0.9999909352427652
ac9ea1b3ce3e9bb9f81cce734d8f7393	d__Bacteria;p__Actinobacteriota;c__Actinobacteria;o__Corynebacteriales;f__Corynebacteriaceae;g__Corynebacterium	0.9470167358047084
94319a22b3cefe0cd05c2e0c56fd8691	d__Bacteria;p__Firmicutes	0.7983385880580611
0b2ec59fc3fd4e4979baa8e7f1e15ad0	d__Bacteria;p__Firmicutes;c__Clostridia;o__Clostridiales;f__Clostridiaceae;g__Clostridium_sensu_stricto_1	0.9198223412862995
5fb84f312675094e62c63203933f02a1	d__Bacteria;p__Bacteroidota;c__Bacteroidia;o__Bacteroidales;f__Dysgonomonadaceae;g__Fermentimonas	0.9999610257692939
461cf8b4dd946c0412d6dd09508e49cd	d__Bacteria;p__Cloacimonadota;c__Cloacimonadia;o__Cloacimonadales;f__LK-44f;g__LK-44f	0.9999999999999716
b9395921a2ae776d0adae10ac7efe642	d__Bacteria;p__Bacteroidota;c__Bacteroidia;o__Bacteroidales;f__Prevotellaceae;g__Prevotellaceae_NK3B31_group	0.9859750357593261
ec425872f2a540229c5f519c06929cb8	d__Bacteria;p__Firmicutes;c__Clostridia;o__Peptococcales;f__Peptococcaceae;g__Peptococcus	0.9999999405836224
7963cfd62bc5a8ca00ef0c46580664e1	d__Bacteria;p__Firmicutes;c__Bacilli;o__Lactobacillales;f__Streptococcaceae;g__Streptococcus	0.9999999922169458
e824ea2d350803af5a109f4e1b575e80	d__Bacteria;p__Firmicutes;c__Clostridia;o__Clostridia;f__Hungateiclostridiaceae;g__Fastidiosipila	0.9877205958207216
591ddfb7334708208961a239845e1713	d__Bacteria;p__Bacteroidota;c__Bacteroidia;o__Bacteroidales;f__Prevotellaceae;g__Prevotellaceae_NK3B31_group	0.791604279235685
fbf875491783302c2e64ccff7603ff75	d__Bacteria;p__Bacteroidota;c__Bacteroidia;o__Bacteroidales;f__Paludibacteraceae;g__uncultured	0.9953617142380242
6cecaf9aa6e706843f84d18854a503df	d__Bacteria;p__Bacteroidota;c__Bacteroidia;o__Bacteroidales;f__Tannerellaceae;g__Parabacteroides	0.9999024479165065
e0037f35a86e8efaf05aabe92a9f86f6	d__Bacteria;p__Firmicutes;c__Clostridia;o__Oscillospirales;f__UCG-010;g__UCG-010	0.999964425559871
292c604f530b6210f9c6a9c22c373705	Unassigned	0.4146859993065656
6a8cdfe4f53e006ed80e70ee1208a849	d__Bacteria;p__Bacteroidota;c__Bacteroidia;o__Bacteroidales;f__p-251-o5;g__p-251-o5	0.9999981215972887
ba28dee0aaf6af0d08a0445b460f274d	d__Bacteria;p__Bacteroidota;c__Bacteroidia;o__Bacteroidales;f__Bacteroidales_RF16_group;g__Bacteroidales_RF16_group	0.9990673015965154
4820f265007d0ddb7fbc0f44d112dbb1	d__Bacteria;p__Firmicutes;c__Bacilli;o__Mycoplasmatales;f__Mycoplasmataceae;g__Mycoplasma	0.9999999489463973
71e01e2489abb54ebc7ef1d291e9be78	d__Bacteria;p__Proteobacteria;c__Gammaproteobacteria;o__Cardiobacteriales;f__Wohlfahrtiimonadaceae;g__Ignatzschineria	0.8013884597520777
0d319cf83e6ec25f2276ac2ad9506d9a	d__Bacteria;p__Proteobacteria;c__Gammaproteobacteria;o__Aeromonadales;f__Aeromonadaceae;g__Oceanisphaera	0.9861609602536954
bc9350a59b80d8d6ba12aa3b47ef571d	d__Bacteria;p__Firmicutes;c__Clostridia;o__Lachnospirales;f__Lachnospiraceae;g__Coprococcus	0.97460728173295
031387361c202fae215ba68922621046	d__Bacteria;p__Firmicutes;c__Clostridia;o__Peptostreptococcales-Tissierellales;f__Peptostreptococcales-Tissierellales;g__Tissierella	0.8216921008027673
700af58234b20e04b438312784d68eb7	d__Bacteria;p__Firmicutes;c__Bacilli;o__Acholeplasmatales;f__Acholeplasmataceae;g__Acholeplasma	0.8948372608350924
4d5c7efbe741a367514e43c364516be7	d__Bacteria;p__Firmicutes;c__Negativicutes;o__Acidaminococcales;f__Acidaminococcaceae;g__Acidaminococcus	0.7680417381699147
700033a38ae6c4eedb3f79f6ce66a55f	d__Bacteria;p__Spirochaetota;c__Spirochaetia;o__Spirochaetales;f__Spirochaetaceae;g__Treponema	0.9826664504968226
85fcb01175f384f70cd330e4e6543fbc	d__Bacteria;p__Actinobacteriota;c__Actinobacteria;o__Bifidobacteriales;f__Bifidobacteriaceae;g__Bifidobacteriaceae	0.704298585814043
1e01af67b1ddc35368ffa574c7c1599e	d__Bacteria;p__Bacteroidota;c__Bacteroidia;o__Bacteroidales;f__Prevotellaceae;g__Prevotellaceae_NK3B31_group	0.8569073572505688
bf20566f1e7857538dde53287705fe45	d__Bacteria;p__Proteobacteria;c__Gammaproteobacteria;o__Pseudomonadales;f__Pseudomonadaceae;g__Thiopseudomonas	0.897768151315313
c42a120908248f61fc6343a3029ee282	d__Bacteria;p__Firmicutes;c__Clostridia;o__Oscillospirales;f__Oscillospiraceae;g__UCG-005	0.9998906050596609
e9a9dbec737e4672a12a9507fffe9187	d__Bacteria;p__Spirochaetota;c__Spirochaetia;o__Spirochaetales;f__Spirochaetaceae;g__Treponema	0.9999986863285782
484f4a15fe2e0ef70ef489047786754d	d__Bacteria;p__Firmicutes	0.7736357721000543
de605f676a452053a25daf579d38fc0e	d__Bacteria;p__Bacteroidota;c__Bacteroidia;o__Bacteroidales;f__Rikenellaceae;g__Rikenellaceae_RC9_gut_group	0.9999745054488649
7b82bdc1feeccbde83011deac7d015f6	d__Bacteria	0.7737447322770193
ee86c83f43416ca4cda5d273455cb9c9	d__Bacteria;p__Actinobacteriota;c__Coriobacteriia;o__Coriobacteriales;f__Eggerthellaceae;g__Paraeggerthella	0.9877371413077123
e7c01adeb4f81f0bff0f7f8e42243182	d__Bacteria;p__Firmicutes;c__Bacilli;o__Erysipelotrichales;f__Erysipelotrichaceae;g__Erysipelothrix	0.9999999832737235
0111c4605ca438a72746686f8d5f8b7f	d__Bacteria;p__Firmicutes;c__Clostridia;o__Clostridia_UCG-014;f__Clostridia_UCG-014;g__Clostridia_UCG-014	0.999999999999973
1e13509cf0fbbac9f6179151d1237eb4	d__Bacteria;p__Verrucomicrobiota;c__Kiritimatiellae;o__WCHB1-41;f__WCHB1-41;g__WCHB1-41	0.9999999999900029
1912a57a7384fd8d67b326025fa39032	d__Bacteria;p__Bacteroidota;c__Bacteroidia;o__Bacteroidales;f__Prevotellaceae;g__uncultured	0.932981778453019
554596ae2e5ab3f29d872d75ee0e5745	d__Bacteria;p__Firmicutes;c__Bacilli;o__Lactobacillales;f__Lactobacillaceae;g__Lactobacillus	0.9994370023269229
1b159a8f5826dd699e50ed5949350161	d__Bacteria;p__Firmicutes;c__Bacilli;o__Lactobacillales;f__Lactobacillaceae;g__Lactobacillus	0.9974071032106743
6a7729b8336e4e54c205221b1f50b377	d__Bacteria;p__Cloacimonadota;c__Cloacimonadia;o__Cloacimonadales;f__Cloacimonadaceae;g__LNR_A2-18	0.9333366948512718
3d3573477f1200c86beec54c96a3681c	d__Bacteria;p__Cloacimonadota;c__Cloacimonadia;o__Cloacimonadales;f__Cloacimonadaceae;g__LNR_A2-18	0.8850784371777207
25742913f3a04474e3939808575fcb60	d__Bacteria;p__Firmicutes;c__Clostridia;o__Clostridia;f__Hungateiclostridiaceae;g__Fastidiosipila	0.9999473973394114
580e94100d76f25c6d38e721b4778ba9	d__Bacteria;p__Firmicutes;c__Bacilli;o__Lactobacillales;f__Vagococcaceae;g__Vagococcus	0.8157152653654546
220d64a552cb58c777ba934b4e85ab4d	d__Bacteria;p__Bacteroidota;c__Bacteroidia;o__Bacteroidales;f__Prevotellaceae;g__Prevotellaceae_UCG-004	0.9999406533940054
ba926dc68ecedc167061d612120a5a50	d__Bacteria;p__Desulfobacterota;c__Desulfovibrionia;o__Desulfovibrionales;f__Desulfovibrionaceae;g__Desulfovibrio	0.9465750359950281
995f4e8b6ef5494f78b155306627af2a	d__Bacteria;p__Firmicutes;c__Bacilli;o__Bacillales;f__Planococcaceae;g__Savagea	0.9999977226955035
20913612f7b9c432e4a1ab21ab4b6104	d__Bacteria;p__Firmicutes;c__Negativicutes;o__Acidaminococcales;f__Acidaminococcaceae;g__Phascolarctobacterium	0.9171349416516075
e6da27efef35ce7f5598792ec296f190	d__Bacteria;p__Firmicutes;c__Bacilli;o__Erysipelotrichales;f__Erysipelatoclostridiaceae;g__Asteroleplasma	0.7150435777106107
0ab9e7d73df263c8017c2c56ffaaec9c	d__Bacteria;p__Firmicutes;c__Bacilli;o__Lactobacillales;f__Carnobacteriaceae;g__Atopostipes	0.9948420580327721
8c7f530de8724e7462ada1d27e8024c2	d__Bacteria;p__Firmicutes;c__Clostridia;o__Peptostreptococcales-Tissierellales;f__Anaerovoracaceae	0.9999991635233831
18695f09289d9f303c2371c2417b3635	d__Bacteria;p__Firmicutes;c__Thermacetogenia;o__Thermacetogeniales;f__Thermacetogeniaceae;g__Syntrophaceticus	0.9997045027339863
61b057450d5c93e24b048c87b6ee09b3	d__Bacteria;p__Spirochaetota;c__Spirochaetia;o__Spirochaetales;f__Spirochaetaceae;g__Treponema	0.999999999819551
1f2dda5d2f361fc8d646e55a515ae1e4	d__Bacteria;p__Firmicutes;c__Clostridia;o__Oscillospirales;f__Oscillospiraceae;g__UCG-005	0.9999707750256811
0597478270b99f958168460f2ec2b4d0	d__Bacteria;p__Spirochaetota;c__Spirochaetia;o__Spirochaetales;f__Spirochaetaceae;g__Treponema	0.999982553123232
683115fc76181678173b3098e8c1bcf0	d__Bacteria;p__Bacteroidota;c__Bacteroidia;o__Flavobacteriales;f__Flavobacteriaceae;g__Aequorivita	0.9999954028737186
f29ae2cc3f8f5c2498c31905069201a9	d__Bacteria	0.775439196970158
d6d70ee8797863743fabbeb5a35dd21d	d__Bacteria;p__Firmicutes;c__Clostridia;o__Christensenellales;f__Christensenellaceae;g__Christensenellaceae_R-7_group	0.9994108907631767
04caabb7d755fb313cc4f5fefd1adf82	d__Bacteria;p__Actinobacteriota;c__Coriobacteriia;o__Coriobacteriales;f__uncultured;g__uncultured	0.9999891241764625
a888c7f82de9ec553511b36dd82f5b9d	d__Bacteria;p__Actinobacteriota;c__Coriobacteriia;o__Coriobacteriales;f__uncultured;g__uncultured	0.9977650949391753
c6fdf631c16099e62a83c66db8a7a6f1	d__Bacteria;p__Firmicutes;c__Clostridia;o__Oscillospirales;f__Ruminococcaceae;g__Subdoligranulum	0.9999908107554251
8645f4681ca7b168feab4180f0ca7e7c	d__Bacteria;p__Firmicutes;c__Clostridia;o__Oscillospirales;f__[Eubacterium]_coprostanoligenes_group;g__[Eubacterium]_coprostanoligenes_group	0.999760551193352
f86a9ab681c5a652ffb1d7d88fdb1632	d__Bacteria;p__Verrucomicrobiota;c__Kiritimatiellae;o__WCHB1-41;f__WCHB1-41;g__WCHB1-41	0.9998884429093882
0239fb71d28565190c5f944ca077c924	d__Bacteria;p__Firmicutes;c__Bacilli;o__Erysipelotrichales;f__Erysipelotrichaceae;g__Erysipelothrix	0.9999991274054706
067a18678fe56215b93bd44af1ffc571	d__Bacteria;p__Bacteroidota;c__Bacteroidia;o__Bacteroidales;f__Prevotellaceae;g__uncultured	0.9276163046981175
443d96fb4a65e08d9fd9449cf9ff9825	d__Bacteria;p__Proteobacteria;c__Gammaproteobacteria;o__Pseudomonadales;f__Pseudomonadaceae;g__Pseudomonas	0.8224519136023088
b7c3c7d6bf3220e6f562a44bceca2074	d__Bacteria;p__Verrucomicrobiota;c__Kiritimatiellae;o__WCHB1-41;f__WCHB1-41;g__WCHB1-41	0.8675704031117337
6f5ce802ad8b39fa993e104b41e1672a	d__Bacteria;p__Bacteroidota;c__Bacteroidia;o__Bacteroidales;f__Rikenellaceae;g__Rikenellaceae_RC9_gut_group	0.9137917598461006
8fb67cea0e39774628b8fb8e6f094bdf	d__Bacteria;p__Firmicutes;c__Clostridia;o__Peptostreptococcales-Tissierellales;f__Peptostreptococcales-Tissierellales;g__W5053	0.9905793168621649
98464f91892c98141aee70b1b758dffe	d__Bacteria;p__Firmicutes;c__Bacilli;o__Erysipelotrichales;f__Erysipelatoclostridiaceae;g__Asteroleplasma	0.999999757443221
6f5d2879021bc854fafde8b4e7c4a721	d__Bacteria;p__Firmicutes;c__Bacilli;o__Bacillales;f__Bacillaceae;g__Pseudogracilibacillus	0.9959767867408102
fc1ada8e521c38109c987edb6f46cc2b	d__Bacteria;p__Verrucomicrobiota;c__Kiritimatiellae;o__WCHB1-41;f__WCHB1-41;g__WCHB1-41	0.9752044617206879
7840f2c344446e652436338acc48211a	d__Bacteria;p__Bacteroidota;c__Bacteroidia;o__Bacteroidales;f__Porphyromonadaceae;g__Porphyromonas	0.9999999999999859
fb101a53837fba30fb3abb3be099a089	d__Bacteria;p__Firmicutes;c__Clostridia;o__Peptostreptococcales-Tissierellales;f__Sedimentibacteraceae;g__Sedimentibacter	0.9999999996078337
8941a2c5be63bca0861511979304d350	d__Bacteria;p__Actinobacteriota;c__Coriobacteriia;o__Coriobacteriales;f__Atopobiaceae;g__Olsenella	0.9406874618249983
166135d5ed786ab390d384cd41d06cb3	d__Bacteria;p__Bacteroidota;c__Bacteroidia;o__Bacteroidales;f__Dysgonomonadaceae;g__Proteiniphilum	0.9509077265612456
d6b8463145b3770ed8629e38cdaecc3f	d__Bacteria;p__Bacteroidota;c__Bacteroidia;o__Bacteroidales;f__Rikenellaceae;g__Rikenellaceae_RC9_gut_group	0.9983683494123035
867bc5ea54b70c44716102894929d630	d__Bacteria;p__Firmicutes;c__Clostridia;o__Peptococcales;f__Peptococcaceae;g__Peptococcus	0.9994979494057086
2e6a30a73d1bac410f92e461fec4f76f	d__Bacteria	0.9030454987364582
a156849c0eb69974e2ef4b835f771b8d	d__Bacteria;p__Firmicutes;c__Clostridia;o__Peptostreptococcales-Tissierellales;f__Anaerovoracaceae;g__Family_XIII_AD3011_group	0.8770085843446705
7d66f6c0ba5b1129442173bf2bd417dc	d__Bacteria;p__Firmicutes;c__Clostridia;o__Clostridia_UCG-014;f__Clostridia_UCG-014;g__Clostridia_UCG-014	0.8368206888811502
affaf888e817e31b1c33b2e8cc61826b	d__Bacteria;p__Firmicutes;c__Clostridia;o__Peptostreptococcales-Tissierellales;f__Peptostreptococcales-Tissierellales;g__Tissierella	0.9938680452858311
279dea7076722b6f0422a8fc1a0a2ea0	d__Bacteria;p__Proteobacteria;c__Gammaproteobacteria;o__Pseudomonadales;f__Pseudomonadaceae;g__Oblitimonas	0.9998280111761708
8559619c4071a03a22c519e984c2ad54	d__Bacteria;p__Firmicutes;c__Clostridia;o__Oscillospirales;f__Ruminococcaceae;g__Caproiciproducens	0.9999298096140053
3b77b485c08221be7c043b3a679d0496	d__Bacteria;p__Bacteroidota;c__Bacteroidia;o__Bacteroidales;f__Rikenellaceae;g__Rikenellaceae_RC9_gut_group	0.9931349993242647
cecb049834b8c1b8f5c4160591e19e35	d__Bacteria;p__Firmicutes;c__Bacilli;o__Lactobacillales;f__Enterococcaceae;g__Enterococcus	0.9993128167739568
1c7c02c9b6af2b832b76ba6087f8448a	d__Bacteria;p__Firmicutes;c__Clostridia;o__Peptostreptococcales-Tissierellales;f__Peptostreptococcales-Tissierellales;g__Anaerococcus	1.000000000000012
99794e5ffd92968346b7c84b301a1da2	d__Bacteria;p__Spirochaetota;c__Spirochaetia;o__Spirochaetales;f__Spirochaetaceae;g__Treponema	0.9944804702646335
c5d5689b50e07683ebd53b8257d3c1ad	d__Bacteria;p__Firmicutes;c__Clostridia;o__Clostridia;f__Hungateiclostridiaceae;g__uncultured	0.9999599840430226
6db8e981757a2d359cd0d88d41beabc3	d__Bacteria;p__Firmicutes;c__Bacilli;o__Bacillales;f__Bacillaceae	0.9999356481622023
7762559411c3c2c9636f3cd2f97448a4	d__Bacteria;p__Actinobacteriota;c__Coriobacteriia;o__Coriobacteriales;f__Atopobiaceae;g__Libanicoccus	0.9090446950643921
5d34f1dd6d0659106fccb6c9f604de6d	d__Bacteria;p__Firmicutes;c__Clostridia;o__Christensenellales;f__Christensenellaceae;g__Christensenellaceae_R-7_group	0.9787651370362115
70723313951dc68e29ad692fae534f16	d__Bacteria;p__Firmicutes;c__Bacilli;o__Bacillales;f__Planococcaceae;g__Savagea	0.9999998760631646
db0fce7a787da581fed248adc2dff456	d__Bacteria;p__Firmicutes;c__Bacilli;o__Acholeplasmatales;f__Acholeplasmataceae;g__Acholeplasma	0.9915148387248375
42d80ba791a89ed37e27714de4564587	d__Bacteria;p__Firmicutes;c__Clostridia;o__Peptostreptococcales-Tissierellales;f__Peptostreptococcales-Tissierellales;g__Peptoniphilus	0.8478662166490968
46536c4eea769319024ac2529f894a52	d__Bacteria;p__Desulfobacterota;c__Desulfovibrionia;o__Desulfovibrionales;f__Desulfovibrionaceae;g__Desulfovibrio	0.9998311061540762
c883c4226bee16637e43c7f267fda1a5	d__Bacteria;p__Verrucomicrobiota;c__Chlamydiae;o__Chlamydiales;f__Chlamydiaceae;g__Chlamydia	0.999957698087947
ef7d8bc65d3d71ae5ff2ac15bd436a19	d__Bacteria;p__Firmicutes;c__Bacilli;o__Erysipelotrichales;f__Erysipelatoclostridiaceae;g__UCG-004	0.9884652758491018
4e95c8ca2660a57aba8a7cbb893aa15b	d__Bacteria;p__Bacteroidota;c__Bacteroidia;o__Bacteroidales;f__Prevotellaceae;g__Prevotella	0.9999996115168194
af25a8efc993be5c8a159836d1349bc8	d__Bacteria;p__Firmicutes;c__Clostridia;o__Lachnospirales;f__Lachnospiraceae;g__uncultured	0.8276701927733647
1f7f94e42a0ba5d93d93c3b1a4e1e34f	d__Bacteria;p__Firmicutes;c__Clostridia;o__Peptostreptococcales-Tissierellales;f__Anaerovoracaceae;g__S5-A14a	0.948371613709826
aba8f0a3e99d91a7853b908984bf3e3d	d__Bacteria;p__Firmicutes;c__Bacilli;o__Acholeplasmatales;f__Acholeplasmataceae;g__Acholeplasma	0.9864788972931793
997bf7e2fa6d824ccb4ab69c65df40c3	d__Bacteria;p__Bacteroidota;c__Bacteroidia;o__Bacteroidales;f__Bacteroidaceae;g__Bacteroides	0.7512004339946552
cbc886646d57dcbd729b4f45386e421e	d__Bacteria	0.909975839065734
5dae487e2fd76d6a92cf8ab01956888f	d__Bacteria;p__Firmicutes;c__Clostridia;o__Oscillospirales;f__Oscillospiraceae;g__UCG-002	0.9996812611219118
c28ae6c90a4e9d71c22fd7b7bd931c4f	d__Bacteria;p__Bacteroidota;c__Bacteroidia;o__Bacteroidales;f__Prevotellaceae;g__uncultured	0.9996282315267265
b17c625a9eaf8615f5f45d83aa034f95	Unassigned	0.8700266687232452
d47cfa44bf0198eff1e420056a4ee1bc	d__Bacteria;p__Firmicutes;c__Bacilli;o__Bacillales;f__Bacillaceae	0.9996636307987145
a399f6ba39aa6db38744c9fba801ab6e	d__Bacteria;p__Actinobacteriota;c__Actinobacteria;o__Micrococcales;f__Micrococcaceae;g__Enteractinococcus	0.9109982691590304
7e8092fa4d356ae46770da32076c7712	d__Bacteria	0.8974054513023656
3279309d2abf4ae470240a961af42ea3	d__Bacteria;p__Firmicutes;c__Bacilli;o__Izemoplasmatales;f__Izemoplasmatales;g__Izemoplasmatales	0.844488464613008
ad9e0d268549b9d98f692aba5decb665	d__Bacteria;p__Bacteroidota;c__Bacteroidia;o__Bacteroidales;f__Prevotellaceae;g__Prevotella	0.8669441641028014
4cb3efd2587e4b3bc56dd06dbac16c6f	d__Bacteria;p__Bacteroidota;c__Bacteroidia;o__Bacteroidales;f__Prevotellaceae;g__Alloprevotella	0.9597642562147777
abe9c32a4f1d8f1e516e93771d4d73b2	d__Bacteria;p__Verrucomicrobiota;c__Verrucomicrobiae;o__Verrucomicrobiales;f__Akkermansiaceae;g__Akkermansia	0.9999974183392979
d1634cf54e3322a90859d086a5b2a48c	d__Bacteria;p__Firmicutes;c__Clostridia;o__Lachnospirales;f__Lachnospiraceae	0.9999998267540322
28f9137af5404fa542a67b9eca739004	d__Bacteria;p__Bacteroidota;c__Bacteroidia;o__Bacteroidales;f__Bacteroidales_RF16_group;g__Bacteroidales_RF16_group	0.9997337900462003
e4b626f0416cc16bfe218f7470af8264	d__Bacteria;p__Bacteroidota;c__Bacteroidia;o__Bacteroidales;f__Bacteroidaceae;g__Bacteroides	0.9999995435686715
9678a456eddc7a878c53dba9a2aed179	d__Bacteria;p__Desulfobacterota;c__Desulfovibrionia;o__Desulfovibrionales;f__Desulfovibrionaceae;g__Desulfovibrio	0.9999885725091627
715660f1c06d50578e8054c876f83a72	d__Bacteria;p__Bacteroidota;c__Bacteroidia;o__Bacteroidales;f__Dysgonomonadaceae;g__uncultured	0.9999027736830315
953a92ce5c9aed6930fe193ff930d4c3	d__Bacteria;p__Firmicutes;c__Clostridia;o__Peptostreptococcales-Tissierellales;f__Peptostreptococcales-Tissierellales;g__Tissierella	0.975769480899289
a4232324fdcd95327fbec7f24ff0c20f	d__Bacteria;p__Firmicutes;c__Bacilli;o__Lactobacillales;f__Lactobacillaceae;g__Lactobacillus	0.991766954859613
26a15df69ba2fcc2318fb024f3d1ac56	d__Bacteria;p__Firmicutes	0.792621862039188
871e0c13fac14ca2da2ef48a6e2870b9	d__Bacteria;p__Firmicutes;c__Bacilli;o__Izemoplasmatales;f__Izemoplasmatales;g__Izemoplasmatales	0.929123418334204
ea254ccbea6fcb55c5e8fba2c6489cef	d__Bacteria;p__Firmicutes;c__Bacilli;o__Erysipelotrichales;f__Erysipelatoclostridiaceae;g__UCG-004	0.9999687009124398
a1e3093493f4ccef42d94ee833fb1f7c	d__Bacteria;p__Bacteroidota;c__Bacteroidia;o__Bacteroidales;f__Muribaculaceae;g__Muribaculaceae	0.8844208609987569
c7fb593c6e4d0bc55d2a90c735de04e8	d__Bacteria;p__Bacteroidota;c__Bacteroidia;o__Bacteroidales;f__Prevotellaceae;g__Prevotellaceae_UCG-004	0.9772523098534476
df0e4b694e4a41296466505985732ccc	d__Bacteria;p__Bacteroidota;c__Bacteroidia;o__Bacteroidales;f__Dysgonomonadaceae;g__Proteiniphilum	0.8334339558138523
8ff51b244ff5f74b3a462e7b55848964	d__Bacteria;p__Bacteroidota;c__Bacteroidia;o__Bacteroidales;f__Prevotellaceae;g__Prevotellaceae_NK3B31_group	0.9275303243442069
9fb675307f3377bf341355a04e166010	d__Bacteria;p__Firmicutes;c__Clostridia;o__Peptostreptococcales-Tissierellales;f__Peptostreptococcales-Tissierellales;g__Tissierella	0.9903952159288092
507eff42ea882e9ab50256b3f5526779	d__Bacteria;p__Firmicutes;c__Clostridia;o__Peptostreptococcales-Tissierellales;f__Peptostreptococcales-Tissierellales;g__Tissierella	0.7860169888545632
8d14c6b22ede1255ca9053039ff66ec6	d__Bacteria;p__Bacteroidota;c__Bacteroidia;o__Bacteroidales;f__Prevotellaceae;g__Prevotellaceae_NK3B31_group	0.9990596962097437
6fc75c52f3dc8cd8ee8ece8be99cbed2	d__Bacteria;p__Proteobacteria;c__Alphaproteobacteria;o__Rhizobiales;f__Rhizobiaceae;g__Paenochrobactrum	0.8365746973041266
172abc11ce27ace054f8af68d64e1a7e	d__Bacteria;p__Firmicutes;c__Clostridia;o__Lachnospirales;f__Lachnospiraceae;g__Cellulosilyticum	0.961846264111607
a26af2ef9467cb8a1d05bb6eb5f4532c	d__Bacteria;p__Firmicutes;c__Clostridia;o__Peptostreptococcales-Tissierellales;f__Peptostreptococcales-Tissierellales;g__Tissierella	0.9771742339793905
ec7a433a50153065e87cd5111cf5e9f8	d__Bacteria;p__Desulfobacterota;c__Desulfuromonadia;o__Bradymonadales;f__Bradymonadales;g__Bradymonadales	0.983294143710955
cd52ed08f3f394e895d6b1c9889e6c56	d__Bacteria;p__Bacteroidota;c__Bacteroidia;o__Bacteroidales;f__Bacteroidales_RF16_group;g__Bacteroidales_RF16_group	0.9999999999999718
6c4e4100a10070e17d72b8c056ccb1a5	d__Bacteria;p__Firmicutes;c__Clostridia;o__Peptostreptococcales-Tissierellales;f__Peptostreptococcales-Tissierellales;g__Tissierella	0.7148851367566279
f9daf3c042828ebcaea414a677fcd884	d__Bacteria;p__Firmicutes;c__Clostridia;o__Lachnospirales;f__Lachnospiraceae;g__Lachnospiraceae_NK4A136_group	0.754113786304227
87a2b4e273ee8b9fc912dfdf5a106233	d__Bacteria;p__Bacteroidota;c__Bacteroidia;o__Bacteroidales;f__Muribaculaceae;g__Muribaculaceae	0.9055850691707378
881e493eaa062d1b4fdea1606668ee3d	d__Bacteria;p__Firmicutes;c__Bacilli;o__Acholeplasmatales;f__Acholeplasmataceae;g__Acholeplasma	0.9709290431198542
6dd7c487296506caeedd0f4683f2ce03	d__Bacteria;p__Firmicutes;c__Clostridia;o__Clostridia;f__Hungateiclostridiaceae;g__Fastidiosipila	0.8887065526053511
7aaf5bb1e1ce67ab119776c4151971dd	d__Bacteria;p__Firmicutes;c__Clostridia;o__Oscillospirales;f__Oscillospiraceae;g__NK4A214_group	0.8546748363288538
64a0e56f700eb9a0f3af6b07af741b30	d__Bacteria;p__Bacteroidota;c__Bacteroidia;o__Bacteroidales;f__Bacteroidales_RF16_group;g__Bacteroidales_RF16_group	0.9999911846965429
9bd68e5167128909cb74eefce34a8e22	d__Bacteria;p__Planctomycetota;c__Planctomycetes;o__Pirellulales;f__Pirellulaceae;g__p-1088-a5_gut_group	0.9999987594078185
7b89dee04a54ebb35450b7ca81ab24a6	d__Bacteria;p__Bacteroidota;c__Bacteroidia;o__Bacteroidales;f__Muribaculaceae;g__Muribaculaceae	0.9998847747089903
ee13283f0fb0396786f7c7a82babdb7b	d__Bacteria;p__Firmicutes;c__Clostridia;o__Peptostreptococcales-Tissierellales;f__Peptostreptococcales-Tissierellales;g__Tissierella	0.9987840428872222
b9d5c12d6111c45e97ae8c0a237e29de	d__Bacteria;p__Firmicutes;c__Clostridia;o__Clostridia_vadinBB60_group;f__Clostridia_vadinBB60_group;g__Clostridia_vadinBB60_group	0.7558951579748096
747572f044e5e8ac6aa8bb42bf83eed4	d__Bacteria;p__Bacteroidota;c__Bacteroidia;o__Bacteroidales;f__Dysgonomonadaceae;g__Fermentimonas	0.8713359194130382
8eb16086de0a6a0739d926b9c90d0415	d__Bacteria;p__Bacteroidota;c__Bacteroidia;o__Bacteroidales;f__Dysgonomonadaceae	0.9999999998109668
cb14facdd25981d425b825afbd23c62b	d__Bacteria;p__Firmicutes;c__Clostridia;o__Clostridiales;f__Clostridiaceae;g__Clostridium_sensu_stricto_2	0.9976919320088895
c8fdeae69f4138614525f4ddfc61861e	d__Bacteria;p__Firmicutes;c__Clostridia;o__Christensenellales;f__Christensenellaceae;g__Christensenellaceae_R-7_group	0.9993963008823233
dd825ac664921d963d4c3d38b9b58032	d__Bacteria;p__Firmicutes;c__Bacilli;o__Bacillales;f__Bacillaceae	0.9993302758394422
c252b2c99cad5caceb3cb732bda0c331	d__Bacteria;p__Bacteroidota;c__Bacteroidia;o__Bacteroidales;f__Muribaculaceae;g__Muribaculaceae	0.9998877762317486
99e9e351c043c003cb20b6b5d1e571dd	d__Bacteria;p__Firmicutes;c__Bacilli;o__Bacillales;f__Planococcaceae;g__Savagea	0.9999995661960757
3f0b0c6472b8fc27b2abea31ddfa8ed0	d__Bacteria;p__Bacteroidota;c__Bacteroidia;o__Bacteroidales;f__Rikenellaceae;g__Rikenellaceae_RC9_gut_group	0.995440419026322
7c5a4f1b52368edb32c81f43da27a6b3	d__Bacteria;p__Firmicutes;c__Bacilli;o__Lactobacillales;f__Carnobacteriaceae;g__Atopostipes	0.9943257632885277
fa7f6461bd2a97ea28d2c8fa3833ad0a	Unassigned	0.7650196437009882
bce5f90e4aed95b1c4d0c496819268a6	d__Bacteria;p__Actinobacteriota;c__Actinobacteria;o__Corynebacteriales;f__Corynebacteriaceae;g__Corynebacterium	0.8620598929886348
05888c1e612c31b6ecb1652a188cb0a4	d__Bacteria;p__Spirochaetota;c__Spirochaetia;o__Spirochaetales;f__Spirochaetaceae;g__Treponema	0.940141647204254
4e9c3596b464ddf4ce60ef6bc95d51ac	d__Bacteria;p__Synergistota;c__Synergistia;o__Synergistales;f__Synergistaceae;g__Aminobacterium	0.9961225319660268
e742833d8dd2afa3d6ff2659125339ba	d__Bacteria;p__Verrucomicrobiota;c__Kiritimatiellae;o__WCHB1-41;f__WCHB1-41;g__WCHB1-41	0.946095367799289
6b9804b7be4625cea1a49723ea6112f0	d__Bacteria;p__Firmicutes;c__Clostridia;o__Peptostreptococcales-Tissierellales;f__Peptostreptococcales-Tissierellales;g__Anaerococcus	0.9999999999998858
2f697ebf491d781f1c0c29a2578fa69e	d__Bacteria;p__Firmicutes;c__Bacilli;o__Erysipelotrichales;f__Erysipelotrichaceae;g__Faecalitalea	0.8694638013462499
7ba0998c28182a2f4d49ea1e36becb02	d__Bacteria;p__Proteobacteria;c__Gammaproteobacteria;o__Diplorickettsiales;f__Diplorickettsiaceae;g__Rickettsiella	0.9999947555299455
1a6b08b91d4e2ec7f51cdd2142eda954	d__Bacteria;p__Firmicutes;c__Clostridia;o__Eubacteriales;f__Eubacteriaceae;g__uncultured	0.9999980811289156
84ef3df6e411274d958de7c38db5f9bb	d__Bacteria;p__Firmicutes;c__Clostridia;o__Oscillospirales;f__Ruminococcaceae;g__uncultured	0.9945010409195093
b29790de57a6a1ba1ff558379258debc	d__Bacteria;p__Firmicutes;c__Bacilli;o__Acholeplasmatales;f__Acholeplasmataceae;g__Acholeplasma	0.9950873295264828
e4bbddacf1a09f68d4f47d7556ed6b22	d__Bacteria;p__Actinobacteriota;c__Actinobacteria;o__Corynebacteriales;f__Corynebacteriaceae;g__Corynebacterium	0.9999519905020099
128b2769682c8591c86ea0e48ef4051c	d__Bacteria;p__Bacteroidota;c__Bacteroidia;o__Bacteroidales;f__Rikenellaceae;g__Rikenellaceae_RC9_gut_group	0.9991889543705109
9a7912661a28a878e82520481d4a9dd4	d__Bacteria;p__Bacteroidota;c__Bacteroidia;o__Bacteroidales;f__FTLpost3;g__FTLpost3	0.9999999994731184
3f53adfcf372bc4e2d45ff909e3e226e	d__Bacteria;p__Firmicutes;c__Clostridia;o__Peptostreptococcales-Tissierellales;f__Peptostreptococcales-Tissierellales;g__Murdochiella	0.9999999992821529
80e1704cc651254abfccbf5b33e5365f	d__Bacteria;p__Bacteroidota;c__Bacteroidia;o__Bacteroidales;f__Rikenellaceae;g__Rikenellaceae_RC9_gut_group	0.9722205949588676
3cc2eaa91d2ee79d3c6e34046b56188c	d__Bacteria;p__Firmicutes;c__Clostridia;o__Oscillospirales;f__Ruminococcaceae;g__uncultured	0.8900808617103855
b7d56027f65de48259ecde66b95a2247	Unassigned	0.3356148844383833
5e4bd4a2f9ddeb56740474425f9bee4f	d__Bacteria;p__Actinobacteriota;c__Actinobacteria;o__Micrococcales;f__Micrococcaceae;g__Enteractinococcus	0.7832173146371766
accae0f0631577c5ea4170670103abc0	d__Bacteria;p__Firmicutes;c__Bacilli;o__Lactobacillales;f__Carnobacteriaceae;g__Atopostipes	0.9511194286428345
cdd000a2e452352474f9ead498f6a11e	d__Bacteria;p__Firmicutes;c__Bacilli;o__Bacillales;f__Bacillaceae	0.9961482133186554
9a232ceb0b189b542cd5f5c083812e65	d__Bacteria;p__Firmicutes;c__Bacilli;o__Bacillales;f__Bacillaceae	0.9957801329274595
f93743d52cba01897201f79522b3fa8b	Unassigned	0.7687032542008634
0d17469b2021d9cd06c62f9824d50f6b	d__Bacteria;p__Firmicutes;c__Bacilli;o__Erysipelotrichales;f__Erysipelatoclostridiaceae;g__Erysipelotrichaceae_UCG-003	0.9971350832203886
6fb20291bf16ee87fbea6f746252a521	d__Bacteria;p__Bacteroidota;c__Bacteroidia;o__Bacteroidales;f__Prevotellaceae;g__Prevotellaceae_UCG-004	0.9999055090505471
056ae0881da8261ad3403c45a827f097	d__Bacteria;p__Firmicutes	0.7963611528705599
45e99276b3f3e104205ff5ce50213ea6	d__Bacteria;p__Bacteroidota;c__Bacteroidia;o__Bacteroidales;f__Prevotellaceae;g__Prevotellaceae_UCG-003	0.9998307571550333
11413737836c9f250622179197d4b861	d__Bacteria	0.880467757430958
6b91f4a5c776dc896018d553a003c381	d__Bacteria;p__Bacteroidota;c__Bacteroidia;o__Bacteroidales;f__Marinilabiliaceae;g__Alkaliflexus	0.9997623822020563
1e7b7fc95650f2785e3d22142ad6b92c	d__Bacteria;p__Bacteroidota;c__Bacteroidia;o__Bacteroidales;f__Bacteroidaceae;g__Bacteroides	0.9999930993312088
8ba4d55ee174860e7d4355162ac47ad6	d__Bacteria;p__Firmicutes;c__Clostridia;o__Oscillospirales;f__Ruminococcaceae;g__Candidatus_Soleaferrea	0.9961686867410067
738ce0623514bb687435b5974350feeb	Unassigned	0.7655070767723731
9f353af86b4aa13f7dbd4df633f8ad3a	d__Bacteria;p__Bacteroidota;c__Bacteroidia;o__Bacteroidales;f__Prevotellaceae	0.9999999060390562
58db94061032837b15e86e970d763c69	d__Bacteria;p__Bacteroidota;c__Bacteroidia;o__Bacteroidales;f__Prevotellaceae;g__Prevotellaceae_NK3B31_group	0.880934236409918
7aa8b90b40391ba0c15525ca95ef5535	d__Bacteria;p__Actinobacteriota;c__Coriobacteriia;o__Coriobacteriales;f__Atopobiaceae;g__Olsenella	0.9823056219158882
1d3f33d2f9831daa8a9c74ee3d7af0cd	d__Bacteria;p__Proteobacteria;c__Gammaproteobacteria;o__Burkholderiales;f__Alcaligenaceae;g__Paenalcaligenes	0.9997162515279031
cc05b7366cdc4be493b5bd8079ec6d7b	d__Bacteria;p__Bacteroidota;c__Bacteroidia;o__Bacteroidales;f__Rikenellaceae;g__Rikenellaceae_RC9_gut_group	0.8857431472799738
dcc3546f126f4bcd0c53e649bc41c132	d__Bacteria;p__Firmicutes;c__Clostridia;o__Peptococcales;f__Peptococcaceae;g__uncultured	0.9676208505989894
1b4b82dadf5fd31d1de07f561acf5b6b	d__Bacteria;p__Firmicutes	0.8070637605868507
fe2d581a44f78ecdf54a129ac98d7794	d__Bacteria;p__Bacteroidota;c__Bacteroidia;o__Bacteroidales;f__Prevotellaceae;g__Alloprevotella	0.9998559154536264
8f979930bc9f7898f75dffdc27bae147	d__Bacteria;p__Cloacimonadota;c__Cloacimonadia;o__Cloacimonadales;f__Cloacimonadaceae;g__Candidatus_Cloacimonas	0.8824146037319961
5996b975e26e70931a3c461f0fc906b3	d__Bacteria;p__Bacteroidota;c__Bacteroidia;o__Bacteroidales;f__Tannerellaceae;g__Parabacteroides	0.9998239765666213
79c9616c6d8fe7e5fd7265518629b10e	d__Bacteria;p__Firmicutes;c__Clostridia;o__Clostridiales;f__Clostridiaceae;g__Clostridium_sensu_stricto_1	0.999196333333136
be89acc24cba439040f2932ddefb6640	d__Bacteria;p__Verrucomicrobiota;c__Kiritimatiellae;o__WCHB1-41;f__WCHB1-41;g__WCHB1-41	0.9999950625312657
8fe72baade293570bb4e809d28fd2140	d__Bacteria;p__Actinobacteriota;c__Actinobacteria;o__Micrococcales;f__Micrococcaceae;g__Enteractinococcus	0.9961644655644515
0792c268303eedf97ade6679c0b6af13	d__Bacteria;p__Firmicutes;c__Bacilli;o__Lactobacillales;f__Lactobacillaceae;g__Lactobacillus	0.9999653013022363
9337d5571c3f1350debea510d6bdd099	d__Archaea;p__Euryarchaeota;c__Methanobacteria;o__Methanobacteriales;f__Methanobacteriaceae;g__Methanosphaera	0.9999999999994926
3e1418f0f831ad9680f18844439426f4	d__Bacteria;p__Firmicutes;c__Clostridia;o__Lachnospirales;f__Lachnospiraceae;g__Mobilitalea	0.7750293293283785
9323b08bddde84712bf9e5e01fe0f84f	d__Bacteria;p__Firmicutes;c__Clostridia;o__Clostridia_vadinBB60_group;f__Clostridia_vadinBB60_group;g__Clostridia_vadinBB60_group	0.9966271202511621
a1bdb1931ea8380f6deed79b11237b15	d__Bacteria;p__Verrucomicrobiota;c__Kiritimatiellae;o__WCHB1-41;f__WCHB1-41;g__WCHB1-41	0.9748966134095949
1c5afe520c8bd943ada237840b1c2b32	Unassigned	0.31335627641320163
2a6c6fc8063d71f1981c20df233648a5	d__Bacteria;p__Firmicutes;c__Bacilli;o__Erysipelotrichales;f__Erysipelotrichaceae;g__uncultured	0.9999667193644811
52d3c3c2de5427521c2ab20a6f14d52f	d__Bacteria;p__Spirochaetota;c__Spirochaetia;o__Spirochaetales;f__Spirochaetaceae;g__Treponema	0.9785532112257986
806b110caf07b76a32451bea64306ae7	d__Bacteria;p__Firmicutes;c__Clostridia;o__Clostridia_vadinBB60_group;f__Clostridia_vadinBB60_group;g__Clostridia_vadinBB60_group	0.9999993276168364
b16712096f12129129db989eb95e34ec	d__Bacteria;p__Firmicutes;c__Limnochordia;o__MBA03;f__MBA03;g__MBA03	0.9199130074589678
dd57b53f311b47d80668482e7afc0c00	d__Bacteria;p__Firmicutes;c__Bacilli;o__Acholeplasmatales;f__Acholeplasmataceae;g__Acholeplasma	0.9999999999996021
46e924a74447eeb4ab5f05b2b4d05c1c	d__Bacteria;p__Firmicutes;c__Clostridia;o__Oscillospirales;f__Oscillospiraceae;g__UCG-002	0.7284244709797127
89fa5330ed672324a40ec41aa616af81	d__Bacteria;p__Spirochaetota;c__Spirochaetia;o__Spirochaetales;f__Spirochaetaceae;g__Treponema	0.9999998998344768
58faa502cf450fa90645f6785bb68593	d__Bacteria;p__Firmicutes;c__Clostridia;o__Oscillospirales;f__Ruminococcaceae;g__Ruminococcus	0.9979496085103045
4ec335be3de75f6ac0a66df8b5a63ae8	d__Bacteria;p__Proteobacteria;c__Gammaproteobacteria;o__Pseudomonadales;f__Pseudomonadaceae;g__Thiopseudomonas	0.8977561204484952
0461257f8a3ae9546dca261fc256f012	d__Bacteria;p__Firmicutes;c__Clostridia;o__Clostridia_vadinBB60_group;f__Clostridia_vadinBB60_group;g__Clostridia_vadinBB60_group	0.9981849759637125
c1eedbcfde0ec278a15691f85ef9055b	d__Bacteria;p__Firmicutes;c__Clostridia;o__Oscillospirales;f__Ruminococcaceae;g__Ruminococcus	0.9896987806314844
0a98cd3a56b5bb8d315a9e379b932916	d__Bacteria;p__Firmicutes;c__Clostridia;o__Oscillospirales;f__Ruminococcaceae;g__Ruminococcus	0.9998830338587353
efa2a5553f751c411f5285d3939b60da	d__Bacteria;p__Bacteroidota;c__Bacteroidia;o__Bacteroidales;f__Bacteroidaceae;g__Bacteroides	0.7992268212184245
8d7ece862fd8cea6f867d0bb4e36c40d	d__Bacteria;p__Firmicutes;c__Desulfitobacteriia;o__Desulfitobacteriales;f__Desulfitobacteriaceae;g__Desulfitobacterium	0.7558817737669926
f8e4e654bb9069c9506555d3b052aa12	d__Bacteria;p__Firmicutes;c__Bacilli;o__Lactobacillales;f__Carnobacteriaceae;g__Atopostipes	0.9930027273926884
93156e6566ebb10eb04d0983d746f363	d__Bacteria	0.9197489117309265
63331571011d0c5d564b93cf586fd64b	d__Bacteria;p__Bacteroidota;c__Bacteroidia;o__Bacteroidales;f__Prevotellaceae;g__Prevotella	0.802131732299661
984c981189d9d0c64f0848f668463b42	d__Bacteria;p__Firmicutes;c__Bacilli;o__Acholeplasmatales;f__Acholeplasmataceae;g__Acholeplasma	0.9732896266790143
085fb8aa3b5246e9bde28e6943a75603	d__Bacteria;p__Firmicutes;c__Clostridia;o__Christensenellales;f__Christensenellaceae;g__Christensenellaceae_R-7_group	0.9986132803331158
600562d98cec58b178beef46014a864d	d__Bacteria;p__Firmicutes;c__Bacilli;o__Lactobacillales;f__Lactobacillaceae;g__Lactobacillus	0.7259820483500233
223069a980bc08ec81619a2cf8dbaaca	d__Bacteria;p__Spirochaetota;c__Spirochaetia;o__Spirochaetales;f__Spirochaetaceae;g__Treponema	0.9553107765841667
6e8668416e8e6c4ccada8f6ac5bd62b3	d__Bacteria;p__Firmicutes;c__Clostridia;o__Oscillospirales;f__UCG-010;g__UCG-010	0.8096546311131938
898bd2df48eac4e82b4144bb5c16ca23	d__Bacteria;p__Bacteroidota;c__Bacteroidia;o__Bacteroidales;f__Williamwhitmaniaceae;g__Blvii28_wastewater-sludge_group	0.8178185318253692
611ae0ed671097479f50c729c8556f63	d__Bacteria;p__Firmicutes;c__Bacilli;o__Erysipelotrichales;f__Erysipelotrichaceae;g__Erysipelothrix	0.9636667161417061
30160444a869fee7ab4c5c6485587a36	d__Bacteria	0.8551678520348088
a122a09736972d5e24531cd2bd6a139b	d__Bacteria;p__Verrucomicrobiota;c__Kiritimatiellae;o__WCHB1-41;f__WCHB1-41;g__WCHB1-41	0.9523618675017149
9f18a48345b70f0c61ddcfe1aa7f0eab	d__Bacteria;p__Bacteroidota;c__Bacteroidia;o__Bacteroidales;f__Prevotellaceae;g__Prevotellaceae_NK3B31_group	0.929836900060778
34f6a9f2891692941ec6fdb0095c4012	d__Bacteria;p__Firmicutes;c__Clostridia;o__Oscillospirales;f__[Eubacterium]_coprostanoligenes_group;g__[Eubacterium]_coprostanoligenes_group	0.9999940662727751
61e3702d79c33bf1eb1d002097cc2e9f	d__Bacteria;p__Firmicutes;c__Negativicutes;o__Acidaminococcales;f__Acidaminococcaceae;g__Acidaminococcus	0.9872439914724902
f06698ab6c3d4cf977ae2f8600ed1b3c	d__Bacteria;p__Firmicutes;c__Clostridia;o__Eubacteriales;f__Eubacteriales;g__Alkalibaculum	0.8632876609156037
39c6f62813251f0bed929cc62875b0b9	d__Bacteria;p__Proteobacteria;c__Gammaproteobacteria;o__Pseudomonadales;f__Pseudomonadaceae;g__Pseudomonas	0.777974194470881
b273d61df3643cbcb3e0d93a01359404	d__Bacteria;p__Firmicutes;c__Clostridia;o__Lachnospirales;f__Lachnospiraceae	0.9999980019418173
75a6721987f58eabe52a0a6aeb0e9ce2	d__Bacteria;p__Firmicutes;c__Bacilli;o__Lactobacillales;f__Carnobacteriaceae;g__Atopostipes	0.9974246427083759
51d99bf0ea9b165fb0a226064b5e0783	d__Bacteria;p__Actinobacteriota;c__Actinobacteria;o__Micrococcales;f__Micrococcaceae;g__Yaniella	0.7959241092668905
e789634a3471b59942288842fbec09a6	d__Bacteria;p__Bacteroidota;c__Bacteroidia;o__Bacteroidales;f__Prevotellaceae;g__Prevotellaceae_NK3B31_group	0.9992905686910386
4cefd29d14565619cd17d0e03c0676d5	d__Bacteria;p__Firmicutes;c__Clostridia;o__Caldicoprobacterales;f__Caldicoprobacteraceae;g__Caldicoprobacter	0.9990419571981347
72985386ea8395f1ebf92ec7608b2f87	d__Bacteria;p__Verrucomicrobiota;c__Kiritimatiellae;o__WCHB1-41;f__WCHB1-41;g__WCHB1-41	0.809976191721479
67f829a35cc2c2bb5edfd16988d27b3d	d__Bacteria;p__Firmicutes;c__Clostridia;o__Lachnospirales;f__Lachnospiraceae;g__[Eubacterium]_eligens_group	0.9984005071473847
2d1bd9405b7d99c68b68a57f5410eb87	d__Bacteria;p__Proteobacteria;c__Gammaproteobacteria;o__Cardiobacteriales;f__Wohlfahrtiimonadaceae;g__Ignatzschineria	0.9999997686923888
8b207b309022f328a4a2e438e22530dd	d__Bacteria;p__Actinobacteriota;c__Actinobacteria;o__Corynebacteriales;f__Corynebacteriaceae;g__Corynebacterium	0.9911202305825013
a3d5797eb18b29b261c846f21e2aa472	d__Bacteria;p__Bacteroidota;c__Bacteroidia;o__Bacteroidales;f__Muribaculaceae;g__Muribaculaceae	0.7843197248241831
634103d3b73d36e4f198e1cf29ecd34e	d__Bacteria;p__Firmicutes;c__Bacilli;o__Bacillales;f__Bacillaceae;g__Pseudogracilibacillus	0.962426827527025
861475f4d0396b63d4c7a6054b69607e	d__Bacteria;p__Bacteroidota;c__Bacteroidia;o__Bacteroidales;f__p-251-o5;g__p-251-o5	0.9999943651105124
6b59a492cba9a872b448effd1688546e	d__Bacteria;p__Firmicutes;c__Clostridia;o__Lachnospirales;f__Lachnospiraceae;g__Lachnospiraceae_XPB1014_group	0.9997601645771536
9ce9bac98df5797096416b328a27a0bd	d__Bacteria;p__Firmicutes;c__Clostridia;o__Peptostreptococcales-Tissierellales;f__Anaerovoracaceae;g__Family_XIII_UCG-001	0.9863463708230868
b55fb74e8ca89285160665894405dcc0	d__Bacteria;p__Firmicutes;c__Bacilli;o__Lactobacillales;f__Aerococcaceae;g__Facklamia	0.9945874023483465
1959589f3c27e47d950ec1723c776a46	d__Bacteria;p__Firmicutes;c__Clostridia;o__Caldicoprobacterales;f__Caldicoprobacteraceae;g__Caldicoprobacter	0.8643008082389778
21332415a6d3b2bfbdbb95053996e2e7	Unassigned	0.36660317749122795
bb38629868f6c1042742b36dbdeec90c	d__Bacteria;p__Spirochaetota;c__Spirochaetia;o__Spirochaetales;f__Spirochaetaceae;g__Treponema	0.7727777734305018
374d0756af2dd1f43c217dcafb729687	d__Bacteria;p__Firmicutes;c__Clostridia;o__Peptostreptococcales-Tissierellales;f__Anaerovoracaceae;g__Family_XIII_AD3011_group	0.9632300263590551
80a4e37619d6463fe9c4bb7e6e430a72	d__Bacteria;p__Firmicutes;c__Clostridia;o__Clostridiales;f__Clostridiaceae;g__Clostridium_sensu_stricto_1	0.9988282466601738
781430c159ecc011923a6d1e212e1a96	d__Bacteria;p__Actinobacteriota;c__Coriobacteriia;o__Coriobacteriales;f__Eggerthellaceae;g__Senegalimassilia	0.9981321392228639
272300145d6663374e019fa4056b2260	d__Bacteria;p__Firmicutes;c__Clostridia;o__Peptostreptococcales-Tissierellales;f__Anaerovoracaceae;g__Anaerovorax	0.7532366433482943
24d88b4835dfccebf9798d65e5600d9a	d__Bacteria;p__Firmicutes;c__Clostridia;o__Lachnospirales;f__Lachnospiraceae;g__[Ruminococcus]_gauvreauii_group	0.7026175540338033
9b7d7c2c4289f5c443509971dd529966	d__Bacteria;p__Proteobacteria;c__Gammaproteobacteria;o__Burkholderiales;f__Comamonadaceae;g__Brachymonas	0.8756322236918214
7867d4e9da2f57fdcd07375a3e5fe867	d__Bacteria;p__Proteobacteria;c__Gammaproteobacteria;o__Cardiobacteriales;f__Wohlfahrtiimonadaceae;g__Ignatzschineria	0.9997147241083301
6529ead08c5e62536e7bf97a08b70a95	d__Bacteria;p__Bacteroidota;c__Bacteroidia;o__Bacteroidales;f__Prevotellaceae;g__Prevotellaceae_NK3B31_group	0.9996209192069199
4f0a62be7f3ef189ce74fc9b7cf820cd	d__Bacteria;p__Spirochaetota;c__Spirochaetia;o__Spirochaetales;f__Spirochaetaceae;g__Sphaerochaeta	0.9999558443201101
59985f5a094e13bccb0d31e4807ea5d7	d__Bacteria;p__Firmicutes;c__Bacilli;o__Lactobacillales;f__Carnobacteriaceae;g__Lacticigenium	0.999999896915801
62125f301177fc36b5f2913b5390cf0e	Unassigned	0.7694162777630701
7fd6a8fd06f07f444172e3789e19d84a	d__Bacteria;p__Firmicutes;c__Clostridia;o__Christensenellales;f__Christensenellaceae;g__Christensenellaceae_R-7_group	0.9973622843798903
ffc4a8781e510e7fec5ba90c4e97f4fb	d__Bacteria;p__Firmicutes;c__Bacilli;o__Bacillales;f__Bacillaceae;g__Pseudogracilibacillus	0.9995399810507413
760a39098abfcee81441733b57637582	d__Bacteria;p__Firmicutes;c__Bacilli;o__Lactobacillales;f__Lactobacillaceae;g__Lactobacillus	0.7464025203282132
7382fd3072d38f82f602212100accf82	d__Bacteria;p__Spirochaetota;c__Spirochaetia;o__Spirochaetales;f__Spirochaetaceae;g__Treponema	0.9999997048738773
8b107b8ef8107814276efaf02b6b1931	d__Bacteria;p__Firmicutes;c__Bacilli;o__Acholeplasmatales;f__Acholeplasmataceae;g__Acholeplasma	0.9932405219390911
7885d185b87fb455781293417b01bcbe	d__Bacteria;p__Bacteroidota;c__Bacteroidia;o__Bacteroidales;f__Bacteroidaceae;g__Bacteroides	0.9650007210770326
737be956dd5a18e504e955e6b01a73a3	d__Bacteria;p__Firmicutes;c__Bacilli;o__Bacillales;f__Planococcaceae;g__Savagea	0.9999987164171098
ac6c32f1ec7a294fbc158067932694fa	d__Bacteria;p__Firmicutes;c__Clostridia;o__Lachnospirales;f__Lachnospiraceae;g__Anaerosporobacter	0.7191834793597965
3bdd4e8867ba306dcd72b21e5e123d39	Unassigned	0.7696030407863735
1266cdbf8dd8fb4c7ebb967a8e59a473	d__Bacteria;p__Actinobacteriota;c__Coriobacteriia;o__Coriobacteriales;f__Atopobiaceae;g__Olsenella	0.829440598856046
d27ba3dba969b0045b14e379965bfe99	d__Bacteria;p__Firmicutes;c__Negativicutes;o__Acidaminococcales;f__Acidaminococcaceae;g__Phascolarctobacterium	0.7449179468126729
4f3368941c23afc19f8f1761109dc7b4	d__Archaea;p__Thermoplasmatota;c__Thermoplasmata;o__Methanomassiliicoccales;f__Methanomethylophilaceae	0.9999999999999738
10135e3516f125071077f147ab70f5c3	d__Bacteria;p__Bacteroidota;c__Bacteroidia;o__Bacteroidales;f__Tannerellaceae;g__Parabacteroides	0.9998871473054352
9c434e22c1f139676d53df373b71be7b	d__Bacteria;p__Firmicutes;c__Clostridia;o__Clostridia;f__Hungateiclostridiaceae;g__HN-HF0106	0.7009729647031114
cf244bc181b0b6eabf5721c672e44722	d__Bacteria;p__Bacteroidota;c__Bacteroidia;o__Bacteroidales;f__Rikenellaceae;g__Rikenellaceae_RC9_gut_group	0.9903812050865501
c27f32d26329618080ec62eef70f9682	d__Bacteria;p__Verrucomicrobiota;c__Kiritimatiellae;o__WCHB1-41;f__WCHB1-41;g__WCHB1-41	0.9999749895425651
b9c56e11ffac233ec09838af44824e4f	d__Bacteria;p__Firmicutes;c__Bacilli;o__Lactobacillales;f__Carnobacteriaceae;g__Atopostipes	0.8858013365555433
37a9dc68554be140a5c343e8ec15c8b9	d__Bacteria;p__Firmicutes;c__Clostridia;o__Oscillospirales;f__Ruminococcaceae;g__uncultured	0.8740475543272347
9046ce2c64669e683169550ee94f36d4	d__Bacteria;p__Firmicutes;c__Clostridia;o__Peptostreptococcales-Tissierellales;f__Anaerovoracaceae;g__Family_XIII_AD3011_group	0.9952232681384452
7a828662d659867f24b3522f0e47b751	d__Bacteria;p__Bacteroidota;c__Bacteroidia;o__Bacteroidales;f__Prevotellaceae;g__Prevotellaceae_UCG-003	0.9999629263495046
2ea2b9083d96a1465773e51aa6e12232	d__Bacteria;p__Actinobacteriota;c__Actinobacteria;o__Micrococcales;f__Brevibacteriaceae;g__Brevibacterium	0.9999999999981993
7482b71d43cf688b6bddb59519042247	d__Bacteria;p__Firmicutes;c__Bacilli;o__Erysipelotrichales;f__Erysipelotrichaceae;g__[Anaerorhabdus]_furcosa_group	0.9999975994392792
e5ecb9cb187e13d4d28d92baec05a8cf	d__Bacteria;p__Firmicutes;c__Clostridia;o__Lachnospirales;f__Lachnospiraceae;g__Cellulosilyticum	0.9792108033140485
8782d960d12eea83dd497404501a812e	d__Bacteria;p__Firmicutes;c__Bacilli;o__Acholeplasmatales;f__Acholeplasmataceae;g__Acholeplasma	0.9992057585072923
e4467f8a04efb1cf0ea2df0f37f15512	d__Bacteria;p__Firmicutes;c__Bacilli;o__Lactobacillales;f__Lactobacillaceae;g__Lactobacillus	0.9999938966745481
4581f5ca4e66467bde8f78e1bf18f0ed	d__Bacteria;p__Firmicutes;c__Clostridia;o__Peptostreptococcales-Tissierellales;f__Proteiniboraceae;g__Proteiniborus	0.9961353241403079
6e70787e144ed81fefaf783732828dbb	d__Bacteria;p__Firmicutes;c__Clostridia;o__Clostridia_UCG-014;f__Clostridia_UCG-014;g__Clostridia_UCG-014	0.9999999999991199
3dba7c41cc6d8e74690063452d7383a4	d__Bacteria;p__Bacteroidota;c__Bacteroidia;o__Bacteroidales;f__Dysgonomonadaceae;g__Fermentimonas	0.939329484110493
7c86993bd69696875a9dc35b24b552a1	d__Bacteria;p__Actinobacteriota;c__Actinobacteria;o__Corynebacteriales;f__Corynebacteriaceae;g__Corynebacterium	0.8867829798411276
ef72d592ad63b7090b7f724964ed8f32	d__Bacteria;p__Bacteroidota;c__Bacteroidia;o__Bacteroidales;f__Bacteroidaceae;g__Bacteroides	0.8002745133784536
ff4f8b6a3dbccd96aa427cd954dabb97	d__Bacteria;p__Bacteroidota;c__Bacteroidia;o__Bacteroidales;f__Prevotellaceae;g__Prevotellaceae_NK3B31_group	0.8236088768266226
88499f5bee646a42bfc6d027df753d4e	d__Bacteria;p__Firmicutes;c__Bacilli;o__Erysipelotrichales;f__Erysipelotrichaceae;g__Erysipelothrix	0.9737673470115726
6071aa4b5ec104db0424921f31223c1e	d__Bacteria;p__Firmicutes;c__Clostridia;o__Lachnospirales;f__Lachnospiraceae;g__Anaerosporobacter	0.9775372163811404
e0b63fce585e8ed599fe94c102c9e4f5	d__Bacteria;p__Firmicutes;c__Clostridia;o__Lachnospirales;f__Lachnospiraceae;g__Oribacterium	0.7394852578701541
ca82151e828c7664ca2eeae864ecb7a5	d__Bacteria;p__Bacteroidota;c__Bacteroidia;o__Bacteroidales;f__Prevotellaceae;g__Prevotellaceae_UCG-001	0.998546969241419
6764d0ef3def46f72d3d2fc6de39ad28	d__Bacteria;p__Bacteroidota;c__Bacteroidia;o__Bacteroidales;f__Marinilabiliaceae;g__uncultured	0.8956289700188018
1e671b7118778e32fa57a374ce20c308	d__Bacteria;p__Bacteroidota;c__Bacteroidia;o__Bacteroidales;f__Muribaculaceae;g__Muribaculaceae	0.954550651152008
9a3da67ac619dbb007fa6f5225832fe0	d__Bacteria;p__Firmicutes;c__Clostridia;o__Christensenellales;f__Christensenellaceae;g__Christensenellaceae_R-7_group	0.8542691488306885
c82477e81d86f47d9673c3f9cc9de5ca	d__Bacteria;p__Bacteroidota;c__Bacteroidia;o__Bacteroidales;f__Rikenellaceae;g__Rikenellaceae_RC9_gut_group	0.9997085656447326
322e293e341ebf4b57633c66efed2946	d__Bacteria;p__Firmicutes;c__Bacilli;o__Acholeplasmatales;f__Acholeplasmataceae;g__Acholeplasma	0.9999999999984084
666f1a744c412c6bcb83dc9b369ed8d1	d__Bacteria;p__Bacteroidota;c__Bacteroidia;o__Bacteroidales;f__Rikenellaceae;g__Rikenellaceae_RC9_gut_group	0.9996097911521269
2315e8f327ed8c0844a7feee835dfd14	d__Bacteria;p__Firmicutes;c__Bacilli;o__Erysipelotrichales;f__Erysipelatoclostridiaceae;g__UCG-004	0.9999889529345559
ef298835064e14940fd07acc5cc1651f	d__Bacteria;p__Firmicutes;c__Clostridia;o__Peptostreptococcales-Tissierellales;f__Peptostreptococcales-Tissierellales;g__Peptoniphilus	0.9999939408457087
e2cad91728c5af984c819dd6829aef56	Unassigned	0.7651847023550917
9681af04fca9517276c1cb9525525888	d__Bacteria;p__Firmicutes;c__Bacilli;o__Erysipelotrichales;f__Erysipelatoclostridiaceae;g__UCG-004	0.9989941459383467
dc87f42529eac0b31a246ebc3e9e5436	d__Bacteria;p__Desulfobacterota;c__Desulfovibrionia;o__Desulfovibrionales;f__Desulfovibrionaceae;g__Desulfovibrio	0.9999251483043858
6f78e8f3885b705e8107def8a971ef34	d__Bacteria;p__Firmicutes;c__Bacilli;o__Acholeplasmatales;f__Acholeplasmataceae;g__Acholeplasma	0.9999999993486028
47b7a3815a238b6abfb80f09b9ab438c	d__Bacteria;p__Firmicutes;c__Clostridia;o__Clostridiales;f__Clostridiaceae;g__Clostridium_sensu_stricto_1	0.9994209076371191
5401f471316ad9dc12350016d8a7effb	d__Bacteria;p__Bacteroidota;c__Bacteroidia;o__Bacteroidales;f__Dysgonomonadaceae;g__Proteiniphilum	0.9837757214370717
48a40d7e84af47ab6439428c6ab1be3d	d__Bacteria;p__Firmicutes;c__Clostridia;o__Oscillospirales;f__Oscillospiraceae;g__NK4A214_group	0.9647572018760339
5686ff5cad489611dd2855d596932ab7	d__Bacteria;p__Firmicutes;c__Clostridia;o__Clostridiales;f__Clostridiaceae;g__Clostridium_sensu_stricto_1	0.8123279129972739
28ea020aaa53204c625f423166778a23	d__Bacteria;p__Fibrobacterota;c__Fibrobacteria;o__Fibrobacterales;f__Fibrobacteraceae;g__Fibrobacter	0.9999999999999805
7c8f9b8582f8dd4604628082b733e6e1	d__Bacteria;p__Bacteroidota;c__Bacteroidia;o__Bacteroidales;f__Rikenellaceae;g__Rikenellaceae_RC9_gut_group	0.9461021421176281
959bc908ad8b3255963be51b7e819bc9	d__Bacteria;p__Bacteroidota;c__Bacteroidia;o__Bacteroidales;f__Muribaculaceae;g__Muribaculaceae	0.9650825855260027
96fe3b0320386a090f127f030c666f97	d__Bacteria;p__Firmicutes;c__Clostridia;o__Oscillospirales;f__Oscillospiraceae;g__Oscillibacter	0.9460876439887501
72b200354c26e059076fc8abfd57a1ee	d__Bacteria;p__Firmicutes;c__Clostridia;o__Clostridia_vadinBB60_group;f__Clostridia_vadinBB60_group;g__Clostridia_vadinBB60_group	0.9999999999296654
3f23c3ac98e87374b0befa511be03eb3	d__Bacteria;p__Bacteroidota;c__Bacteroidia;o__Bacteroidales;f__Tannerellaceae;g__Parabacteroides	0.9989921227104819
98853a3e10fcf131a967f050f973d288	d__Bacteria;p__Cyanobacteria;c__Vampirivibrionia;o__Gastranaerophilales;f__Gastranaerophilales;g__Gastranaerophilales	0.9999999999999911
bcec5a0054d5d15d82c9807f8d865900	d__Bacteria;p__Firmicutes;c__Clostridia;o__Clostridiales;f__Clostridiaceae;g__Proteiniclasticum	0.9606142497656608
127392e7af02c729d57ea2c641f2a3e9	d__Bacteria;p__Actinobacteriota;c__Actinobacteria;o__Corynebacteriales;f__Corynebacteriaceae;g__Corynebacterium	0.7588822923645012
8a5d855884f79ebac5ab4cee0b87d32a	d__Bacteria;p__Proteobacteria;c__Gammaproteobacteria;o__Burkholderiales;f__Alcaligenaceae;g__Oligella	0.9999999999982438
b784d0c48f861b5580115402130a98cd	d__Archaea;p__Thermoplasmatota;c__Thermoplasmata;o__Methanomassiliicoccales;f__Methanomethylophilaceae;g__Candidatus_Methanomethylophilus	0.9999983252524727
5e9f76108e104b38be693f833688779a	d__Bacteria;p__Chloroflexi;c__Anaerolineae;o__Anaerolineales;f__Anaerolineaceae;g__uncultured	0.9982400592112721
f5ef5ce49bf2e7e2ce1c8b5cdf85f872	d__Bacteria;p__Bacteroidota;c__Bacteroidia;o__Bacteroidales;f__Prevotellaceae;g__Prevotella	0.7608162776575976
38dba8e0a8bc797fc0d1e72396446a68	d__Bacteria;p__Bacteroidota;c__Bacteroidia;o__Bacteroidales;f__Dysgonomonadaceae;g__Proteiniphilum	0.8357263039098097
27820fc92e50c478076ba07c75729f50	d__Bacteria;p__Bacteroidota;c__Bacteroidia;o__Bacteroidales;f__Tannerellaceae;g__Parabacteroides	0.999816868250132
896a50649dc1e626824a9f86170b58c1	d__Bacteria;p__Firmicutes;c__Clostridia;o__Peptostreptococcales-Tissierellales;f__Peptostreptococcales-Tissierellales;g__Tissierella	0.9785100975838322
55a26ed6e4aa03ea1d3b34cb461f5e41	d__Bacteria;p__Firmicutes;c__Bacilli;o__Lactobacillales;f__Lactobacillaceae;g__Lactobacillus	0.9910105349681584
ec447e77b19f242f1c022f354d9d8be3	d__Bacteria;p__Bacteroidota;c__Bacteroidia;o__Bacteroidales;f__Muribaculaceae;g__Muribaculaceae	0.9932964549656343
2584c91a3e511fc823b2bd1e5ba49875	d__Bacteria;p__Bacteroidota;c__Bacteroidia;o__Bacteroidales;f__Muribaculaceae;g__Muribaculaceae	0.9965060229198557
90c5b05b51957be3dccad667d560e4eb	d__Bacteria;p__Bacteroidota;c__Bacteroidia;o__Bacteroidales;f__Dysgonomonadaceae;g__Fermentimonas	0.9893741183370438
4f334be4123a36681c1ab5f8a0ab86d1	d__Bacteria;p__Firmicutes;c__Clostridia;o__Lachnospirales;f__Lachnospiraceae	0.999999998806337
64181e0c416b4a6b753decc420b726ea	d__Bacteria;p__Firmicutes;c__Desulfitobacteriia;o__Desulfitobacteriales;f__Desulfitobacteriaceae;g__Desulfitobacterium	0.9983928796473723
157ba9d2b318f400b654ab995f7d7d4e	d__Bacteria;p__Proteobacteria;c__Gammaproteobacteria;o__Pseudomonadales;f__Moraxellaceae;g__Acinetobacter	0.9965409303480133
698d38758625d7e602a5ee88f61156ba	d__Bacteria;p__Firmicutes;c__Bacilli;o__Erysipelotrichales;f__Erysipelatoclostridiaceae;g__UCG-004	0.9999132380902185
65812b80c5a98d94faa9ade8efda3e6e	d__Bacteria;p__Firmicutes;c__Clostridia;o__Lachnospirales;f__Lachnospiraceae;g__Lachnospiraceae_NC2004_group	0.7114699574098337
48e9e84e6b20bc33448a42633ac35f2e	d__Bacteria;p__Spirochaetota;c__Spirochaetia;o__Spirochaetales;f__Spirochaetaceae;g__Treponema	0.9999998517581308
188eced2109a1897f0632e870ae1f4f7	d__Bacteria;p__Bacteroidota;c__Bacteroidia;o__Bacteroidales;f__Rikenellaceae;g__Rikenellaceae_RC9_gut_group	0.991191075027705
84093f30d50595762f22f7a22e7de00c	d__Bacteria;p__Verrucomicrobiota;c__Kiritimatiellae;o__WCHB1-41;f__WCHB1-41;g__WCHB1-41	0.9728722063930244
a5c96bb91895ef36bd93587aaceca10a	d__Bacteria;p__Actinobacteriota;c__Actinobacteria;o__Corynebacteriales;f__Dietziaceae;g__Dietzia	0.9999995638578225
a3aef0929a9639aa166effd9308a9d6a	d__Bacteria;p__Firmicutes;c__Clostridia;o__Clostridia_vadinBB60_group;f__Clostridia_vadinBB60_group;g__Clostridia_vadinBB60_group	0.9971445034524125
3c573d9dee0169a59cb2f22f3e07472b	d__Bacteria;p__Bacteroidota;c__Bacteroidia;o__Bacteroidales;f__Rikenellaceae;g__Rikenellaceae_RC9_gut_group	0.9999979993005871
85739bac2d58e1fc42e2de3a43e0f924	d__Bacteria;p__Firmicutes;c__Bacilli;o__Lactobacillales;f__Carnobacteriaceae;g__Atopostipes	0.9257412209176591
571852e31205b4ed1ce619dd7ccbb30f	d__Bacteria;p__Firmicutes;c__Bacilli;o__Lactobacillales;f__Lactobacillaceae;g__Lactobacillus	0.7477510351839785
21527b03c9f51e444c3d9fba61cf5bd3	d__Bacteria;p__Campilobacterota;c__Campylobacteria;o__Campylobacterales;f__Helicobacteraceae;g__Helicobacter	0.9803405468522358
e97d20556fb74b18ead98aebf042aef7	d__Bacteria;p__Firmicutes;c__Clostridia;o__Peptostreptococcales-Tissierellales;f__Peptostreptococcales-Tissierellales;g__Peptoniphilus	0.9904293905987877
70530faa01a35148ae3c795471690509	d__Bacteria;p__Actinobacteriota;c__Actinobacteria;o__Corynebacteriales;f__Corynebacteriaceae;g__Corynebacterium	0.7785481234984967
63fab0d420b288129cfcabfa3f577a90	Unassigned	0.36787599558309747
0ea35838fe6da654e9d6a8c0144bb8e0	d__Bacteria;p__Bacteroidota;c__Bacteroidia;o__Bacteroidales;f__Tannerellaceae;g__Parabacteroides	0.9276089644101851
0b87b793aa31c20b9082dd2aa24b86a2	d__Bacteria;p__Bacteroidota;c__Bacteroidia;o__Bacteroidales;f__PeH15;g__PeH15	0.9970645965495804
b6006152f837ccbba71032c4f3f4cc6a	d__Bacteria;p__Bacteroidota;c__Bacteroidia;o__Bacteroidales;f__Prevotellaceae;g__Prevotella	0.999999953462711
2c75c9ab990a604c4083b97de972a563	d__Bacteria;p__Firmicutes;c__Bacilli;o__Lactobacillales;f__Lactobacillaceae;g__Lactobacillus	0.9993658029130612
5194f3b06c0736fad596f5841b94edc6	d__Bacteria;p__Proteobacteria;c__Alphaproteobacteria;o__Rhodobacterales;f__Rhodobacteraceae;g__Paracoccus	0.9967356163210588
3b7f27f060155433f43d9ea453f13e65	d__Bacteria;p__Firmicutes;c__Clostridia;o__Christensenellales;f__Christensenellaceae;g__Christensenellaceae_R-7_group	0.951422552846124
20b413939426ca0569653d64e083c835	d__Bacteria;p__Bacteroidota;c__Bacteroidia;o__Bacteroidales;f__Rikenellaceae;g__Rikenellaceae_RC9_gut_group	0.9742221991623203
51f7c8ee44363f94d016d6907b20aced	d__Bacteria;p__Bacteroidota;c__Bacteroidia;o__Bacteroidales;f__Bacteroidaceae;g__Bacteroides	0.9343460126430059
190cf85a437a77c6041cd79b074ec8aa	d__Bacteria	0.8734186628558478
97ac6abd7bbf065c77ac6d5b4fc8af0b	d__Bacteria;p__Firmicutes;c__Bacilli;o__Izemoplasmatales;f__Izemoplasmatales;g__Izemoplasmatales	0.9999961800366949
8642205ca2f82827f4adbae89438fa54	d__Bacteria;p__Firmicutes;c__Bacilli;o__Erysipelotrichales;f__Erysipelatoclostridiaceae;g__UCG-004	0.9977360545782881
c12a1630a8ba9e58def414a8bca0b039	d__Bacteria;p__Firmicutes;c__Clostridia;o__Peptostreptococcales-Tissierellales;f__Peptostreptococcales-Tissierellales;g__Tissierella	0.9999212054469883
17724d663ff522cb1ca1f395b9f8bdc0	d__Bacteria;p__Firmicutes;c__Bacilli;o__Lactobacillales;f__Carnobacteriaceae;g__Atopostipes	0.9934865194377613
9cdb9dbe98d86651359273ea1c595c84	d__Bacteria;p__Firmicutes;c__Clostridia;o__Oscillospirales;f__Oscillospiraceae;g__UCG-002	0.9393120499597425
bd8d130121ef01710a2cbb573a153f69	d__Bacteria;p__Firmicutes;c__Clostridia;o__Peptostreptococcales-Tissierellales;f__Peptostreptococcales-Tissierellales;g__Tissierella	0.9868954189409713
955edd406f4ac16de8cd46dc944c64ea	d__Bacteria;p__Bacteroidota;c__Bacteroidia;o__Bacteroidales;f__Prevotellaceae;g__Prevotellaceae_UCG-003	0.999960635815384
2d05ee2db39ad69cd7eb2ee979939d39	d__Bacteria;p__Cyanobacteria;c__Vampirivibrionia;o__Gastranaerophilales;f__Gastranaerophilales;g__Gastranaerophilales	0.8271465475829505
de502f0367ea0976d2fd118bd53661c0	d__Bacteria;p__Firmicutes;c__Clostridia;o__Oscillospirales;f__Ruminococcaceae	0.9994879240142607
f97d0b46f790d03fa24e96d4b7a7056d	d__Bacteria;p__Firmicutes;c__Bacilli;o__Erysipelotrichales;f__Erysipelotrichaceae;g__Erysipelothrix	0.9997945572010735
0712526f36eda3f80f49f3415c1f384a	d__Bacteria;p__Firmicutes;c__Clostridia;o__Peptostreptococcales-Tissierellales;f__Peptostreptococcales-Tissierellales;g__Peptoniphilus	0.9987006043079183
c1fcefb488616f706984e072a6b9482b	d__Bacteria	0.7569946617929163
066506016fe054ab60e655b1db1aef30	d__Bacteria;p__Firmicutes;c__Bacilli;o__Acholeplasmatales;f__Acholeplasmataceae;g__Acholeplasma	0.9994770186971568
6c10b1b20177c6a5bf3392b6bb58d104	d__Bacteria;p__Bacteroidota;c__Bacteroidia;o__Bacteroidales;f__Prevotellaceae;g__Prevotellaceae_NK3B31_group	0.9952388780682251
0e664c6ddeb7d193eec067a17dff5aba	d__Bacteria;p__Firmicutes;c__Limnochordia;o__uncultured;f__uncultured;g__uncultured	0.9999999661249893
01a31b2c03e6c2b0e790356febf10702	d__Bacteria;p__Actinobacteriota;c__Coriobacteriia;o__Coriobacteriales;f__Atopobiaceae;g__Olsenella	0.9694152156207102
99b95483169ac21358c88c898727c34e	d__Bacteria;p__Firmicutes;c__Clostridia;o__Lachnospirales;f__Lachnospiraceae	0.9999969465527601
1f7af4f1c04bd6c6adf197117e9457be	d__Bacteria;p__Firmicutes;c__Clostridia;o__Oscillospirales;f__[Eubacterium]_coprostanoligenes_group;g__[Eubacterium]_coprostanoligenes_group	0.9387598006755031
eb0f0b74fd084c49836178136e34bf8f	d__Bacteria;p__Bacteroidota;c__Bacteroidia;o__Bacteroidales;f__Prevotellaceae;g__Prevotellaceae_NK3B31_group	0.7325359311405173
60b12012e41cd9a5019b790cff47b461	d__Bacteria;p__Firmicutes;c__uncultured;o__uncultured;f__uncultured;g__uncultured	0.8307797776993658
c2966d8c60b50de3288dedde78dedbd2	d__Bacteria;p__Firmicutes;c__Clostridia;o__Clostridia;f__Hungateiclostridiaceae;g__Fastidiosipila	0.9998226359384578
e8af1a755cb8dd8ed7a954eec211f9a8	d__Bacteria;p__Desulfobacterota;c__Desulfovibrionia;o__Desulfovibrionales;f__Desulfovibrionaceae;g__Desulfovibrio	0.99962624860177
1d5693f22a5fe78df7fd2556b01b25a7	d__Bacteria;p__Bacteroidota;c__Bacteroidia;o__Bacteroidales;f__Dysgonomonadaceae;g__Proteiniphilum	0.9658849671680151
a0ae8f4431148ac0f124d9cbb0c62643	d__Bacteria;p__Firmicutes;c__Clostridia;o__Lachnospirales;f__Lachnospiraceae	0.9999951062631427
dbf43a3c249221a9b8b50dba7b0c74ee	d__Bacteria;p__Firmicutes;c__Clostridia;o__Peptococcales;f__Peptococcaceae;g__uncultured	0.999999955142533
65ecb9e40d98eeaaec343bea81badcdb	d__Bacteria;p__Actinobacteriota;c__Actinobacteria;o__Micrococcales;f__Microbacteriaceae	0.9999693724199819
57d1e816e4c33d09c8b3c547446ae297	d__Bacteria;p__Firmicutes;c__Bacilli;o__Acholeplasmatales;f__Acholeplasmataceae;g__Acholeplasma	0.8927761990607764
71333e84d15fca0a20f9b014caa68ddd	d__Bacteria;p__Actinobacteriota;c__Actinobacteria;o__Actinomycetales;f__Actinomycetaceae;g__Actinomyces	0.9906851245283256
7651a00d76a4ce9630de177e24649dfd	d__Bacteria;p__Bacteroidota;c__Bacteroidia;o__Bacteroidales;f__Prevotellaceae;g__Prevotellaceae_NK3B31_group	0.9848200879133453
348345ef8292559f1bed3d4f338599bb	d__Bacteria;p__Bacteroidota;c__Bacteroidia;o__Bacteroidales;f__Paludibacteraceae;g__uncultured	0.9612923926031751
cf4e7dc09f04c56b8c850b6c65c78bfd	d__Bacteria;p__Bacteroidota;c__Bacteroidia;o__Bacteroidales;f__Bacteroidaceae;g__Bacteroides	0.9834856059073824
8d8b1ea1a04bf410d3e2b4f7eefd72b2	d__Bacteria;p__Firmicutes;c__Bacilli;o__Acholeplasmatales;f__Acholeplasmataceae;g__Acholeplasma	0.9768751636052314
17815b64e408efc824d55279658604e8	d__Bacteria;p__Bacteroidota;c__Bacteroidia;o__Flavobacteriales;f__Flavobacteriaceae;g__Ulvibacter	0.9999961302434726
eaab8be696c1b5e31b2f865464c2417c	d__Bacteria;p__Firmicutes;c__Clostridia;o__Peptostreptococcales-Tissierellales;f__Peptostreptococcales-Tissierellales;g__W5053	0.9998857199896676
2d30f58d7b9a86e4159085fa21e330b8	d__Bacteria;p__Firmicutes;c__Clostridia;o__Christensenellales;f__Christensenellaceae;g__Christensenellaceae_R-7_group	0.9991453864056663
cb55d4c46d3665758ba4671200061146	d__Bacteria;p__Firmicutes;c__Clostridia;o__Lachnospirales;f__Lachnospiraceae	0.9999992328960752
8b080d32a4008a66a1a7e072ca07de1d	d__Bacteria;p__Bacteroidota;c__Bacteroidia;o__Bacteroidales;f__Prevotellaceae;g__Prevotellaceae_NK3B31_group	0.8704632448992204
582624bee749d480c49051ebe53919f1	d__Bacteria;p__Bacteroidota;c__Bacteroidia;o__Bacteroidales;f__Bacteroidaceae;g__Bacteroides	0.7366908874961624
3374aca612df01a45bcaef8020af26b0	d__Bacteria;p__Firmicutes;c__Clostridia;o__Peptostreptococcales-Tissierellales;f__Peptostreptococcales-Tissierellales;g__Anaerosphaera	0.9998686943871268
1f47c08f47dbcd2494449abdcafd9759	d__Bacteria;p__Desulfobacterota;c__Desulfovibrionia;o__Desulfovibrionales;f__Desulfoplanaceae;g__Desulfoplanes	0.8571490413580889
e399a15427ead6c8a6557f052e0fcd32	d__Bacteria;p__Firmicutes;c__Clostridia;o__Clostridia_UCG-014;f__Clostridia_UCG-014;g__Clostridia_UCG-014	0.9999999999998711
b5bd2802ae13441cfe361df269dbaa4b	d__Bacteria;p__Firmicutes;c__Bacilli;o__Lactobacillales;f__Lactobacillaceae;g__Lactobacillus	0.9993327939090052
82390a9b2913ac6c2a07530403436e2f	d__Bacteria;p__Actinobacteriota;c__Actinobacteria;o__Micrococcales;f__Micrococcaceae;g__Enteractinococcus	0.9428145305339093
35d98aaafb2b06cf376c08ecbb611344	d__Bacteria;p__Spirochaetota;c__Spirochaetia;o__Spirochaetales;f__Spirochaetaceae;g__Sphaerochaeta	0.9941698323996323
19e9db66d581247a029b6eceebcc2aef	d__Bacteria;p__Firmicutes;c__Clostridia;o__Peptostreptococcales-Tissierellales;f__Peptostreptococcales-Tissierellales;g__Anaerosalibacter	0.9941334216529983
d50285d1ef326912455ee2608e3c88a5	d__Bacteria;p__Firmicutes;c__Negativicutes;o__Acidaminococcales;f__Acidaminococcaceae;g__Phascolarctobacterium	0.9999999999887219
db4825ff07075a4c5e2e2bb6c9a8dd9c	d__Bacteria;p__Bacteroidota;c__Bacteroidia;o__Flavobacteriales;f__Flavobacteriaceae	0.9999654913975493
7faa88dad7819e06efbe2b29eb7c53a0	d__Bacteria;p__Firmicutes;c__Clostridia;o__Peptostreptococcales-Tissierellales;f__Peptostreptococcales-Tissierellales;g__Anaerococcus	0.9999999999999996
0107797d5aa960b61254eb4a54b78b9e	d__Bacteria;p__Firmicutes;c__Moorellia;o__Desulfitibacterales;f__Desulfitibacteraceae;g__Desulfitibacter	0.9993058893354783
8e0f28819657ce13df36aed8a7e0c822	d__Bacteria;p__Firmicutes;c__Bacilli;o__Erysipelotrichales;f__Erysipelatoclostridiaceae;g__UCG-004	0.9998297571413193
389dd63e8d493bafd97cc6798bce3874	d__Bacteria;p__Firmicutes;c__Clostridia;o__Oscillospirales;f__Ruminococcaceae;g__Ruminococcus	0.9672600615334231
b151cb637a5210df138193bceca27bb1	d__Bacteria;p__Bacteroidota;c__Bacteroidia;o__Bacteroidales;f__Dysgonomonadaceae;g__Proteiniphilum	0.9821925494431281
2f346a60c0c8e3623fcb408fec9f98cc	d__Bacteria;p__Bacteroidota;c__Bacteroidia;o__Bacteroidales;f__Prevotellaceae;g__Alloprevotella	0.9851476482461003
1c86ed3420e0df26273a0ef1bff7a4aa	d__Bacteria;p__Bacteroidota;c__Bacteroidia;o__Bacteroidales;f__Tannerellaceae;g__Parabacteroides	0.9998624393548214
eb75b587c5a40fff978781d174999309	d__Bacteria;p__Firmicutes;c__Bacilli;o__Erysipelotrichales;f__Erysipelatoclostridiaceae;g__UCG-004	0.9926037321224187
2bf7bca53d799dbf455958c68592f884	d__Bacteria;p__Firmicutes;c__Bacilli;o__Erysipelotrichales;f__Erysipelotrichaceae;g__uncultured	0.9999997448294421
664b2b93ff49cb785f78fae03e47950f	d__Bacteria;p__Firmicutes;c__Clostridia;o__Clostridia_UCG-014;f__Clostridia_UCG-014;g__Clostridia_UCG-014	0.9819253155829762
a8c886fb6dfc265e4954719fe5a910b8	d__Bacteria;p__Bacteroidota;c__Bacteroidia;o__Bacteroidales;f__Muribaculaceae;g__Muribaculaceae	0.9999269924108721
d583d5f9f13dd4d306af54266ac74b43	d__Bacteria;p__Firmicutes;c__Clostridia;o__Clostridia_vadinBB60_group;f__Clostridia_vadinBB60_group;g__Clostridia_vadinBB60_group	0.999999418515658
16af97c9cd594e26b3f7685345fc8cd3	d__Bacteria;p__Firmicutes;c__Clostridia;o__Oscillospirales;f__Oscillospiraceae;g__UCG-005	0.9913335386540058
6e08adc22f6ec81f40b28502c6503dd5	d__Bacteria;p__Firmicutes;c__Bacilli;o__Erysipelotrichales;f__Erysipelatoclostridiaceae;g__UCG-004	0.9738263172993152
a611e166d5eb5512c4babb3fc83c68c6	d__Bacteria;p__Firmicutes;c__Clostridia;o__Oscillospirales;f__Oscillospiraceae;g__UCG-002	0.7175756967898674
13ecf424b3d90d73e32b4fdf69b19234	d__Bacteria;p__Firmicutes;c__Bacilli;o__Bacillales;f__Bacillaceae;g__Pseudogracilibacillus	0.9932141041205689
4d0acea5bf98c8538b42f3ae70c20654	d__Bacteria;p__Desulfobacterota;c__Desulfovibrionia;o__Desulfovibrionales;f__Desulfovibrionaceae;g__Desulfovibrio	0.9999724974743395
51843c19b419d437608edca891827f54	d__Bacteria;p__Proteobacteria;c__Gammaproteobacteria;o__Enterobacterales;f__uncultured;g__uncultured	0.999993691132437
bb79716cf330cf113237ed70d6d080fd	d__Bacteria;p__Firmicutes;c__Clostridia;o__Clostridiales;f__Clostridiaceae;g__Clostridium_sensu_stricto_1	0.9751004282052206
888fba9f2214d28155e89e7bdbee45a6	d__Bacteria;p__Firmicutes;c__Clostridia;o__Peptostreptococcales-Tissierellales;f__Peptostreptococcaceae;g__Romboutsia	0.9891906422694305
2fd083ba4fdb97caaa3ce3ef660633dd	d__Bacteria;p__Bacteroidota;c__Bacteroidia;o__Bacteroidales;f__Paludibacteraceae;g__uncultured	0.9943169998215845
a94dd2a0d6079cee3ef76f8e08cefb74	d__Bacteria;p__Firmicutes;c__Clostridia;o__Peptostreptococcales-Tissierellales;f__Anaerovoracaceae;g__Family_XIII_AD3011_group	0.7406741577495176
f5dd5864f31ab81b8c843ba38f80c7d0	d__Bacteria;p__Firmicutes;c__Bacilli;o__Lactobacillales;f__Lactobacillaceae;g__Lactobacillus	0.9993124712974306
b821e300b7544f0b507fd65c9f19d0ca	d__Bacteria;p__Firmicutes;c__Bacilli;o__Bacillales;f__Planococcaceae;g__Sporosarcina	0.9778658053962068
7ef044451156352adf1d25de2b15fd0f	d__Bacteria;p__Firmicutes;c__Bacilli;o__Lactobacillales;f__Carnobacteriaceae;g__Atopostipes	0.9999993324130285
e508d5190c052cd62f256fcd7135edd6	d__Bacteria;p__Campilobacterota;c__Campylobacteria;o__Campylobacterales;f__Campylobacteraceae;g__Campylobacter	0.786245579862222
d19a92932a7dc129da328f083b3fdc84	d__Bacteria;p__Firmicutes;c__Clostridia;o__Peptostreptococcales-Tissierellales;f__Peptostreptococcales-Tissierellales;g__Tissierella	0.9998150777704107
74ae169152bbab7c5b10dce74dfea426	d__Bacteria;p__Firmicutes;c__Clostridia;o__Lachnospirales;f__Lachnospiraceae;g__Lachnospira	0.9961221047326947
d3650fe35d04a3168bba63afd93fbc74	d__Bacteria;p__Bacteroidota;c__Bacteroidia;o__Bacteroidales;f__Prevotellaceae;g__Prevotellaceae_UCG-003	0.9996024093148359
8d72adaed5600c693a0450abef9256cf	d__Bacteria	0.798057584274697
a5c664b910f9cae0a7a1f21964b0440c	d__Bacteria;p__Firmicutes;c__Clostridia;o__Lachnospirales;f__Lachnospiraceae	0.9999968138882173
3b49d1597ccca0e25ec0c2c1296fcf57	d__Bacteria;p__Firmicutes;c__Negativicutes;o__Acidaminococcales;f__Acidaminococcaceae;g__Phascolarctobacterium	0.9102048482111713
52fd0bef0b6871962aa0c772f76f236d	d__Bacteria;p__Firmicutes;c__Clostridia;o__Caldicoprobacterales;f__Caldicoprobacteraceae;g__Caldicoprobacter	0.9093375186185897
4da602a59aee0c4d5069088d368bed53	d__Bacteria;p__Firmicutes;c__Clostridia;o__Clostridia_vadinBB60_group;f__Clostridia_vadinBB60_group;g__Clostridia_vadinBB60_group	0.9962753703581283
3ceb87c63b1c3688e0cb76457080898b	d__Bacteria;p__Verrucomicrobiota;c__Kiritimatiellae;o__WCHB1-41;f__WCHB1-41;g__WCHB1-41	0.9999758879200763
7c18910472033a764a5b41ebce31045f	d__Bacteria;p__Firmicutes;c__Bacilli;o__Acholeplasmatales;f__Acholeplasmataceae;g__Acholeplasma	0.9618812790575066
a2ac5e801dcfe4bf0b428324bd59da0d	d__Bacteria;p__Firmicutes;c__Clostridia;o__Peptostreptococcales-Tissierellales;f__Anaerovoracaceae;g__[Eubacterium]_nodatum_group	0.9035489910710426
6ddc9a2d3283f04e76a92864e960e9e2	d__Bacteria;p__Firmicutes;c__Clostridia;o__Clostridia_vadinBB60_group;f__Clostridia_vadinBB60_group;g__Clostridia_vadinBB60_group	0.8780012370407617
2ec521ef545c4a9a808dc44f7d7089f6	d__Bacteria;p__Bacteroidota;c__Bacteroidia;o__Bacteroidales;f__Muribaculaceae;g__Muribaculaceae	0.9996122309566746
5a08b375c620e088a6383f7271baf3a5	d__Bacteria;p__Firmicutes;c__Clostridia;o__Peptostreptococcales-Tissierellales;f__Peptostreptococcales-Tissierellales;g__Tissierella	0.9361217382419946
359be560eb0036cf553ac2870890f72a	d__Bacteria;p__Firmicutes;c__Clostridia;o__Peptococcales;f__Peptococcaceae;g__uncultured	0.712585841218435
900a6201eeeb7acaa7a3c5fbf9b43b45	d__Bacteria;p__Bacteroidota;c__Bacteroidia;o__Bacteroidales;f__Rikenellaceae;g__DMER64	0.9887000551586325
1d8db4d744229184c948df4393d5ed47	d__Bacteria	0.7782486510891498
df29ffe87e4ac41bf60b935c262cc115	d__Bacteria;p__Firmicutes;c__Clostridia;o__Clostridia;f__Hungateiclostridiaceae;g__Fastidiosipila	0.8225517179816603
f89c933150e849809c7ab0ec2d095b27	d__Bacteria;p__Firmicutes;c__Bacilli;o__Acholeplasmatales;f__Acholeplasmataceae;g__Acholeplasma	0.9710737755703212
5189f2fe8fe31512c4d6a5856d2a7329	d__Bacteria;p__Actinobacteriota;c__Coriobacteriia;o__Coriobacteriales;f__Eggerthellaceae;g__Paraeggerthella	0.9999005446825585
fc6ece4d2d5de29a6987c441f591c182	d__Bacteria;p__Firmicutes;c__Bacilli;o__Lactobacillales;f__Lactobacillaceae;g__Lactobacillus	0.9999999975572864
eeedf036b494102b44be2a08b884734c	d__Bacteria;p__Firmicutes;c__Clostridia;o__Lachnospirales;f__Lachnospiraceae;g__Cellulosilyticum	0.9999874086135532
27213ddc921bc44d53d118d4bfedaeda	d__Bacteria	0.842279800584743
9e4558bf8df8d291cf3120b3d50bf443	d__Bacteria;p__Actinobacteriota;c__Coriobacteriia;o__Coriobacteriales;f__Atopobiaceae;g__uncultured	0.9999999999995737
34d9fd8ff9870ba15ff6a0da1f9b5ea4	d__Bacteria;p__Bacteroidota;c__Bacteroidia;o__Bacteroidales;f__Bacteroidales_RF16_group;g__Bacteroidales_RF16_group	0.999999999999978
5eed678c767eeaf04c774e00787dc91e	d__Bacteria;p__Firmicutes;c__Bacilli;o__Erysipelotrichales;f__Erysipelatoclostridiaceae;g__UCG-004	0.8432372914347999
e9326e3bbfa1e4b5fe818656c8ce4b0b	d__Bacteria;p__Firmicutes;c__Clostridia;o__Christensenellales;f__Christensenellaceae;g__Christensenellaceae_R-7_group	0.7207438766978959
c47f46f936d36feffee1d2458e0e98b3	d__Bacteria;p__Firmicutes;c__Clostridia;o__Oscillospirales;f__Ruminococcaceae;g__Candidatus_Soleaferrea	0.8719009439602594
4a3229e131441d40d759e9e9035b7fe3	d__Bacteria;p__Bacteroidota;c__Bacteroidia;o__Bacteroidales;f__Dysgonomonadaceae;g__Fermentimonas	0.8910961919538304
8fb55e1cc6781492116aefd9a49f76bc	d__Bacteria;p__Firmicutes;c__Bacilli;o__Lactobacillales;f__Lactobacillaceae;g__Lactobacillus	0.7096822913603337
64730a215ccf1c628afd0d21b6d6a501	d__Bacteria;p__Firmicutes;c__Bacilli;o__Lactobacillales;f__Lactobacillaceae;g__Lactobacillus	0.7063686688065162
292a9b33bb957e12e8acc645f4a0c809	d__Bacteria;p__Bacteroidota;c__Bacteroidia;o__Bacteroidales;f__Prevotellaceae;g__Prevotellaceae_NK3B31_group	0.876284433064441
a9f5ac38378fc5c2c2a11b471dc47327	d__Bacteria;p__Firmicutes;c__Clostridia;o__Peptostreptococcales-Tissierellales;f__Peptostreptococcales-Tissierellales;g__W5053	0.9993597942440505
4699616960b983c7ad14303e64b6663f	d__Bacteria;p__Bacteroidota;c__Bacteroidia;o__Bacteroidales;f__Tannerellaceae;g__Parabacteroides	0.811060230654429
4247b971f9a35d1e1e2ad28bbdf46353	d__Bacteria;p__Proteobacteria;c__Alphaproteobacteria;o__Rickettsiales;f__Mitochondria;g__Mitochondria	0.9948051234650851
fe9194b139e7ed55621250be41f895c1	d__Bacteria;p__Firmicutes;c__Clostridia;o__Peptostreptococcales-Tissierellales;f__Peptostreptococcales-Tissierellales;g__Tissierella	0.9940315279906278
333d03a5c90537b0ace6117a8d48043e	d__Bacteria;p__Firmicutes;c__Bacilli;o__Acholeplasmatales;f__Acholeplasmataceae;g__Acholeplasma	0.9450955224981251
6059154b7678b31f6602fb64f78dc791	d__Bacteria;p__Bacteroidota;c__Bacteroidia;o__Bacteroidales;f__Prevotellaceae;g__Alloprevotella	0.8279015570215902
3a87fa8ced01d9f884cd3b932d3506bc	d__Bacteria;p__Firmicutes;c__Clostridia;o__Eubacteriales;f__Eubacteriaceae;g__Acetobacterium	0.7403269970345479
bb05cb858884ac7c67005da67b004b19	d__Bacteria;p__Deinococcota;c__Deinococci;o__Deinococcales;f__Trueperaceae;g__Truepera	0.9808966727761047
5aebaf6bb06e5bf40112f0c1be59650f	d__Bacteria;p__Firmicutes;c__Bacilli;o__Acholeplasmatales;f__Acholeplasmataceae;g__Acholeplasma	0.9979736061445184
4b5271467ab12e0eadf32a2148be6225	d__Bacteria;p__Bacteroidota;c__Bacteroidia;o__Bacteroidales;f__Prevotellaceae;g__Prevotellaceae_NK3B31_group	0.9995338850373955
7bd41fa76e3df637f6fe8adc496007c2	d__Bacteria;p__Verrucomicrobiota;c__Kiritimatiellae;o__WCHB1-41;f__WCHB1-41;g__WCHB1-41	0.9999999999990938
e49d974d873833d6c4485a7eac1044e6	d__Archaea;p__Thermoplasmatota;c__Thermoplasmata;o__Methanomassiliicoccales;f__Methanomethylophilaceae;g__RumEn_M2	0.9953316250436884
12df899338c1034c177aefa5acca30e2	d__Bacteria;p__Firmicutes;c__Bacilli;o__Lactobacillales;f__Carnobacteriaceae;g__Atopostipes	0.993306188431235
a84bd67804c7c911bc70a3a6c0054fcc	d__Bacteria;p__Firmicutes;c__Clostridia;o__Peptostreptococcales-Tissierellales;f__Peptostreptococcales-Tissierellales;g__Anaerococcus	0.9998834034913735
2507fa78ae0229e9da9a418e54fe051c	d__Bacteria;p__Firmicutes;c__Clostridia;o__Clostridia;f__Hungateiclostridiaceae;g__uncultured	0.9993926530723471
a7fe465489c19196f246fd164343718b	d__Bacteria;p__Firmicutes;c__Clostridia;o__Oscillospirales;f__Ruminococcaceae;g__[Eubacterium]_siraeum_group	0.7546964955403991
bf4e61e0179fa38fc5e8cecfe101b00c	d__Bacteria;p__Firmicutes;c__Clostridia;o__Peptostreptococcales-Tissierellales;f__Peptostreptococcales-Tissierellales;g__Tissierella	0.8967117327324223
48663f1fe702129bbbe6b2a2b216d46b	d__Bacteria;p__Bacteroidota;c__Bacteroidia;o__Bacteroidales;f__Prevotellaceae;g__Prevotellaceae_NK3B31_group	0.844195545131084
6c19dd61d1b033a64db9bb5882d87597	d__Bacteria;p__Bacteroidota;c__Bacteroidia;o__Bacteroidales;f__Tannerellaceae;g__Parabacteroides	0.9997901067115609
94fd465cc50b94ddd030b3c3b0d7e826	d__Bacteria;p__Firmicutes;c__Clostridia;o__Oscillospirales;f__Ruminococcaceae;g__Candidatus_Soleaferrea	0.9025341530813096
582578ed8efe6d277b36332f637a054a	d__Bacteria;p__Firmicutes;c__Clostridia;o__Lachnospirales;f__Lachnospiraceae;g__Butyrivibrio	0.8286481973499905
4573b0d6846fb29fdca5ba18ab6a8e36	d__Bacteria;p__Firmicutes;c__Clostridia;o__Peptostreptococcales-Tissierellales;f__Peptostreptococcales-Tissierellales;g__Anaerococcus	0.9999887434208712
8e02cc792b2ce06776a282e78f3b1edd	d__Bacteria;p__Proteobacteria;c__Gammaproteobacteria;o__Burkholderiales;f__Alcaligenaceae;g__Oligella	0.9753375783478755
d7593d378364692ceda0e27db1bb105f	d__Bacteria;p__Proteobacteria;c__Gammaproteobacteria;o__Xanthomonadales;f__Xanthomonadaceae;g__uncultured	0.9528218772047816
7220e570da26e352fb96c1e410bc32ba	d__Bacteria;p__Patescibacteria;c__Saccharimonadia;o__Saccharimonadales;f__Saccharimonadaceae;g__Candidatus_Saccharimonas	0.704279398348985
fe5cc0c3315c8171d5689d96a17a667f	d__Bacteria;p__Firmicutes;c__Clostridia;o__Lachnospirales;f__Lachnospiraceae;g__Cellulosilyticum	0.9690035270919748
d529ebc7f15cb64481d48c9a2fbc8e2e	d__Bacteria;p__Synergistota;c__Synergistia;o__Synergistales;f__Synergistaceae;g__uncultured	0.9999906951282272
e0cbf7c073113bbe965dc94e1ad0715e	d__Bacteria;p__Firmicutes;c__Desulfotomaculia;o__Desulfotomaculales;f__Desulfotomaculales;g__Desulfohalotomaculum	0.9999999722582519
ff134932e0e486bd7a688b20493d2cd7	d__Bacteria;p__Bacteroidota;c__Bacteroidia;o__Bacteroidales;f__Prevotellaceae;g__Prevotellaceae_NK3B31_group	0.8634051676878286
5b231642572b72dd62ac89d39675a9c4	d__Bacteria;p__Bacteroidota;c__Bacteroidia;o__Bacteroidales;f__Bacteroidaceae;g__Bacteroides	0.8145612248523917
c35e091eb81e3eadd4d7afee10e09f20	d__Bacteria;p__Bacteroidota;c__Bacteroidia;o__Flavobacteriales;f__Flavobacteriaceae;g__Flavobacterium	0.8867947072935649
d6e01489791683a98ed3c8a262a854c9	d__Bacteria;p__Bacteroidota;c__Bacteroidia;o__Bacteroidales;f__Tannerellaceae;g__Parabacteroides	0.9982301049777013
607993b46fd65e6016a142d84767742f	d__Bacteria;p__Bacteroidota;c__Bacteroidia;o__Bacteroidales;f__Muribaculaceae;g__Muribaculaceae	0.7160224481926373
850ac8eab33af65ca65d90338316c0f5	d__Bacteria;p__Firmicutes;c__Bacilli;o__Lactobacillales;f__Carnobacteriaceae;g__Atopostipes	0.9327273252110256
edd327016e56b0acae5c67dc3b963626	d__Bacteria;p__Firmicutes;c__Bacilli;o__Lactobacillales;f__Enterococcaceae;g__Enterococcus	0.9971681385215141
eeba0831e5eea2251576104de2f7b2b2	d__Bacteria;p__Firmicutes;c__Clostridia;o__Oscillospirales;f__Oscillospiraceae;g__UCG-005	0.9999080223404841
06c333b6fa9bb0cc1273b913b18a0b75	d__Bacteria;p__Firmicutes;c__Clostridia;o__Oscillospirales;f__Oscillospiraceae;g__NK4A214_group	0.8729254250735101
1624f6ce2f3a06b5b884c321e3d24587	d__Bacteria;p__Proteobacteria;c__Alphaproteobacteria;o__Rickettsiales;f__Mitochondria;g__Mitochondria	1.0000000000000024
c75a25e0c7c419ea55fe45eee2df0b5b	d__Bacteria;p__Firmicutes;c__Clostridia;o__Peptostreptococcales-Tissierellales;f__Peptostreptococcales-Tissierellales;g__W5053	0.9986275209827099
15bceccc11e6d411dec9bbe820bbb2c9	d__Bacteria;p__Bacteroidota;c__Bacteroidia;o__Bacteroidales;f__Marinilabiliaceae;g__uncultured	0.9841425200633861
422c727d28174ee6f110ebdf4f57f655	d__Bacteria;p__Bacteroidota;c__Bacteroidia;o__Bacteroidales;f__Dysgonomonadaceae;g__Proteiniphilum	0.8520569505878328
69512dc260f6c18c39b2f5985bbf0db3	d__Bacteria;p__Proteobacteria;c__Gammaproteobacteria;o__Burkholderiales;f__Oxalobacteraceae;g__Oxalobacter	0.9563388681563314
aa5d5178c38400ebaf619676c9ae5a5e	d__Bacteria;p__Firmicutes;c__Clostridia;o__Lachnospirales;f__Lachnospiraceae;g__Anaerosporobacter	0.9965113338742874
414ea75fb1462d10153c7bed625b4b99	d__Bacteria;p__Actinobacteriota;c__Coriobacteriia;o__Coriobacteriales;f__Eggerthellaceae;g__Slackia	0.9320199311174027
c52605f25cd8505560235e2688649a16	d__Bacteria;p__Firmicutes;c__Clostridia;o__Oscillospirales;f__Oscillospiraceae;g__UCG-005	0.9998992039247669
c46c77f5be8be9a2f1f2e262b9d92dc5	d__Bacteria;p__Proteobacteria;c__Gammaproteobacteria;o__Pseudomonadales;f__Pseudomonadaceae;g__Oblitimonas	0.998878794435006
c9b57b782a073566621d09d1474a45d2	d__Bacteria;p__Bacteroidota;c__Bacteroidia;o__Bacteroidales;f__Bacteroidaceae;g__Bacteroides	0.9778817942833381
8120c3b6378e491e3bcd79aa6a27adb8	d__Bacteria;p__Firmicutes;c__Bacilli;o__Lactobacillales;f__Carnobacteriaceae;g__Atopostipes	0.8346038309246566
2b8e2da33001ef8ae0bd19489f4a46e3	d__Bacteria;p__Firmicutes;c__Clostridia;o__Oscillospirales;f__Oscillospiraceae;g__uncultured	0.8973376728442228
ad284ed6f125bee0920f4d5fb29f8ce5	d__Bacteria;p__Proteobacteria;c__Gammaproteobacteria;o__Aeromonadales;f__Succinivibrionaceae	0.999999999997329
a5e1ee64455eb029ec52e2d9dcd81a00	d__Bacteria;p__Bacteroidota;c__Bacteroidia;o__Bacteroidales;f__Muribaculaceae;g__Muribaculaceae	0.99999950821275
b0f3ae2f60f3a56b3e879c7be490b7fb	d__Bacteria;p__Firmicutes;c__Clostridia;o__Peptostreptococcales-Tissierellales;f__Peptostreptococcales-Tissierellales;g__Gallicola	0.9989381447124287
ac35649839b9ca8e7bcf66c0e4f88262	d__Bacteria;p__Actinobacteriota;c__Coriobacteriia;o__Coriobacteriales;f__Atopobiaceae;g__Libanicoccus	0.9790864253239517
5375e0b43f161d79beb4d6dc94aa96ef	d__Bacteria;p__Actinobacteriota;c__Actinobacteria;o__Corynebacteriales;f__Corynebacteriaceae;g__Corynebacterium	0.9608473940912752
c885f1f3a60b02ed90fc1f454ad3abc6	d__Bacteria;p__Bacteroidota;c__Bacteroidia;o__Bacteroidales;f__Bacteroidaceae;g__Bacteroides	0.9676437734603573
a46c112d462651a0185cd85af8f54445	d__Bacteria;p__Bacteroidota;c__Bacteroidia;o__Bacteroidales;f__Prevotellaceae;g__Prevotellaceae_NK3B31_group	0.7612381712440606
026a9b494274ec1c31352b151da47d04	d__Bacteria;p__Cyanobacteria;c__Vampirivibrionia;o__Gastranaerophilales;f__Gastranaerophilales;g__Gastranaerophilales	0.7261411994850394
5ce0869a6b8948241238ebc15e414151	d__Bacteria;p__Firmicutes;c__Clostridia;o__Eubacteriales;f__Eubacteriaceae;g__Acetobacterium	0.9999999060081637
a59c135dbc0fe2d6b93548abc98cc4ea	d__Bacteria;p__Firmicutes;c__Clostridia;o__Peptostreptococcales-Tissierellales;f__Peptostreptococcales-Tissierellales;g__Tissierella	0.987837185889552
a25e41a10ae76132cb2f8bd6d743372b	d__Bacteria;p__Firmicutes;c__Clostridia;o__Clostridia_vadinBB60_group;f__Clostridia_vadinBB60_group;g__Clostridia_vadinBB60_group	0.7882466169056445
089461b761b1357bd0680b6855b7015d	d__Bacteria;p__Proteobacteria;c__Gammaproteobacteria;o__Burkholderiales;f__Alcaligenaceae;g__Advenella	0.9998238734447238
0148f0f101995d9bb08fd63f3f33e90d	d__Bacteria;p__Firmicutes;c__Clostridia;o__Eubacteriales	0.9998896752574318
8004c0540b99d84d469f38f0e7cfd935	d__Bacteria;p__Actinobacteriota;c__Actinobacteria;o__Micrococcales;f__Microbacteriaceae	0.9999863038739759
3a233ffe2cbb652d61b780a7642b1370	d__Bacteria;p__Bacteroidota;c__Bacteroidia;o__Bacteroidales;f__Dysgonomonadaceae;g__Proteiniphilum	0.7824150277740122
d2416cbb4217d4164e21d313c1a1e04a	d__Bacteria;p__Firmicutes;c__Limnochordia;o__M55-D21;f__M55-D21;g__M55-D21	0.7495086318809875
0f78a7471d870f7529bf6258edc1b453	d__Bacteria;p__Firmicutes;c__Bacilli;o__Erysipelotrichales;f__Erysipelotrichaceae;g__Erysipelothrix	0.9983434911293227
983fc5b3f9959027d6d66802848468f5	d__Bacteria;p__Firmicutes;c__Clostridia;o__Clostridia;f__Hungateiclostridiaceae;g__HN-HF0106	0.9758566837488128
83dd22fd7c24475e216788f1ce071315	d__Bacteria;p__Bacteroidota;c__Bacteroidia;o__Bacteroidales;f__Prevotellaceae;g__Prevotellaceae_UCG-003	0.9998564531294981
66cd76d61937a648c57378cfcc4f029b	d__Bacteria;p__Bacteroidota;c__Bacteroidia;o__Bacteroidales;f__Muribaculaceae;g__Muribaculaceae	0.9483974233678157
9581221291f72af84a6565cf99d075bf	d__Bacteria;p__Firmicutes;c__Bacilli;o__Acholeplasmatales;f__Acholeplasmataceae;g__Acholeplasma	0.9999999999439524
4a99d98fcac5c79fba8b44d07de165e8	d__Bacteria;p__Firmicutes;c__Clostridia;o__Oscillospirales;f__Oscillospiraceae;g__UCG-002	0.8718543576547008
d8cb97a6a1e3b5bf5a6e7a66f400cfdf	d__Bacteria;p__Firmicutes;c__Clostridia;o__Oscillospirales;f__Oscillospiraceae;g__UCG-005	0.8413262254752591
9db6be6f0e780fd1e15be3b8123e648f	d__Archaea;p__Thermoplasmatota;c__Thermoplasmata;o__Methanomassiliicoccales;f__Methanomethylophilaceae	0.999999998270323
16715d3d418dfb39d515040f67c54d78	d__Bacteria;p__Firmicutes;c__Bacilli;o__Erysipelotrichales;f__Erysipelatoclostridiaceae;g__UCG-004	0.9999732738471919
96d7e2c9a1a7da8ec3a405498d4aeb51	d__Bacteria;p__Firmicutes;c__Clostridia;o__Peptostreptococcales-Tissierellales;f__Peptostreptococcales-Tissierellales;g__Tissierella	0.9765821201505964
42cc49e578e60829c2201ac5e6f74109	d__Bacteria;p__Firmicutes;c__Bacilli;o__Bacillales;f__Bacillaceae;g__Pseudogracilibacillus	0.894919498489963
3371fa8783437c6a957fde0cbec93201	d__Bacteria;p__Firmicutes;c__Clostridia;o__Clostridia_vadinBB60_group;f__Clostridia_vadinBB60_group;g__Clostridia_vadinBB60_group	0.9982613475735027
c7d1ed6c70202259164edf3ee7806f0c	d__Bacteria;p__Firmicutes;c__Clostridia;o__Lachnospirales;f__Lachnospiraceae;g__Blautia	0.9988710838384847
5c465ea95172954aa84de8cb99cd2111	d__Bacteria	0.734295335250282
a73693400b6a9faee5223a85bfbdccb9	d__Archaea;p__Euryarchaeota;c__Methanobacteria;o__Methanobacteriales;f__Methanobacteriaceae;g__Methanobrevibacter	0.9998910694142967
c2b504dcc8418eb5d50826137b19fd88	d__Bacteria;p__Bacteroidota;c__Bacteroidia;o__Bacteroidales;f__p-251-o5;g__p-251-o5	0.9999981996203651
ff1bc63885865951120849d34ea869f5	d__Bacteria;p__Bacteroidota;c__Bacteroidia;o__Bacteroidales;f__Prevotellaceae;g__Prevotellaceae_NK3B31_group	0.9408090209574875
47c6b9ad69bf0cecd4731815170d9aad	d__Bacteria;p__Bacteroidota;c__Bacteroidia;o__Bacteroidales;f__Muribaculaceae;g__Muribaculaceae	0.9989513538784874
6b40f825fc470bac342d5e79b9439c65	d__Bacteria;p__Firmicutes;c__Clostridia;o__Caldicoprobacterales;f__Caldicoprobacteraceae;g__Caldicoprobacter	0.9030182168762085
6bcb6bc9aec51227f15a617c0a2a259e	d__Bacteria;p__Firmicutes;c__Desulfitobacteriia;o__Desulfitobacteriales;f__Desulfitobacteriaceae;g__Desulfitobacterium	0.7493046537230281
05116b805de9adb175fa7b715720c5c0	d__Bacteria;p__Proteobacteria;c__Gammaproteobacteria;o__Pseudomonadales;f__Pseudomonadaceae;g__Oblitimonas	0.9986663494342182
d74193f6d9ebffe21d6aa4e05f0e710c	d__Bacteria;p__Bacteroidota;c__Bacteroidia;o__Bacteroidales;f__Prevotellaceae;g__uncultured	0.9745561379040197
02c8e9fdf082e3012849383269507235	d__Bacteria;p__Firmicutes;c__Clostridia;o__Christensenellales;f__Christensenellaceae;g__Christensenellaceae_R-7_group	0.9870583569151882
c3b32703ac434d80f3a0be0cddcffd73	d__Bacteria;p__Verrucomicrobiota;c__Lentisphaeria;o__Victivallales;f__vadinBE97;g__vadinBE97	0.9296389839050909
4efbdbfaba2cf373183c2a1d0c389aa5	d__Bacteria;p__Firmicutes;c__Clostridia;o__Clostridia_vadinBB60_group;f__Clostridia_vadinBB60_group;g__Clostridia_vadinBB60_group	0.9815769494658128
944244401354463b4c624ef3263ac1b5	d__Bacteria;p__Firmicutes;c__Clostridia;o__Peptostreptococcales-Tissierellales;f__Peptostreptococcales-Tissierellales;g__uncultured	0.9998650500210677
5eef9a7d20e217c4741327730e998a29	d__Bacteria	0.8355874441546771
f6352be0ac32bc74bdf7fb10e68d7657	d__Bacteria;p__Firmicutes;c__Clostridia;o__Clostridia_vadinBB60_group;f__Clostridia_vadinBB60_group;g__Clostridia_vadinBB60_group	0.9983161427730781
11b0e09bbc7383f14ce49668971ea3fe	d__Bacteria;p__Spirochaetota;c__Spirochaetia;o__Spirochaetales;f__Spirochaetaceae;g__Treponema	0.7073433230623613
8ed702cc58aa4da08fb8aa0ec0989f4e	d__Bacteria	0.8542056206615808
fb1525f0bcec056d8a9a459c98573d4d	d__Bacteria;p__Firmicutes;c__Clostridia;o__Christensenellales;f__Christensenellaceae;g__Christensenellaceae_R-7_group	0.9937103978595366
b5aead8f0b9776bea35b09cfa10df866	d__Bacteria;p__Firmicutes;c__Bacilli;o__Erysipelotrichales;f__Erysipelotrichaceae;g__Catenisphaera	0.99824608943407
911ad53f2eac18603c07c00f17be2dfc	d__Bacteria;p__Bacteroidota;c__Bacteroidia;o__Bacteroidales;f__Muribaculaceae;g__Muribaculaceae	0.999187107912367
e9f7ddf06e3331f9c311094884eaf8e4	d__Bacteria;p__Actinobacteriota;c__Actinobacteria;o__Micrococcales;f__Micrococcaceae;g__Enteractinococcus	0.9590088301714728
750a8d38abb1bf6c31decba32c0f820c	d__Bacteria;p__Bacteroidota;c__Bacteroidia;o__Bacteroidales;f__Paludibacteraceae;g__uncultured	0.9509722278030563
0f441ec686f911111656cc9eb034876b	d__Bacteria	0.8317847852929888
17cc3df8900f8a842ba4c82ced2ffb18	d__Bacteria;p__Bacteroidota;c__Bacteroidia;o__Bacteroidales;f__Bacteroidaceae;g__Bacteroides	0.9684574487815384
c06e2339f90c1f3ca9df678f40decb0d	d__Bacteria;p__Proteobacteria;c__Gammaproteobacteria;o__Aeromonadales;f__Succinivibrionaceae;g__Succinivibrio	0.9243124125598633
fb93ec9604f3347e3a98164f3c52559c	d__Bacteria;p__Bacteroidota;c__Bacteroidia;o__Bacteroidales;f__p-251-o5;g__p-251-o5	0.9999990259060977
abbd3bbcfece8256f17590621f532658	d__Bacteria;p__Bacteroidota;c__Bacteroidia;o__Bacteroidales;f__Bacteroidaceae;g__Bacteroides	0.9999353041110138
5eeb5711909535fd0e2989d7f933a0b7	d__Bacteria;p__Firmicutes;c__Clostridia;o__Oscillospirales;f__Ruminococcaceae;g__Subdoligranulum	0.9947487225199853
4e5eb6bd6611d65bbc6522d7e194ab4e	d__Bacteria;p__Firmicutes;c__Clostridia;o__Oscillospirales;f__Oscillospiraceae;g__NK4A214_group	0.9999891949927514
a8cb232b36874304cc219daa5a1641c0	d__Bacteria;p__Proteobacteria;c__Gammaproteobacteria;o__Xanthomonadales;f__Xanthomonadaceae;g__uncultured	0.99300537900995
27e960e8333469b2bc95893f70374ca9	d__Bacteria;p__Firmicutes;c__Clostridia;o__Clostridia;f__Hungateiclostridiaceae;g__Fastidiosipila	0.8124525652219173
43398dd6084236be481b7e7d63d375fb	d__Bacteria;p__Firmicutes;c__Clostridia;o__Clostridia;f__Hungateiclostridiaceae;g__Fastidiosipila	0.9895565114323773
77bfd17c2d0c1ff700d92fad40e4b61e	d__Bacteria;p__Firmicutes;c__Clostridia;o__Clostridia;f__Hungateiclostridiaceae;g__Ercella	0.9984841454001777
a2ee02c79ff9d96f67294d445b78e9ea	d__Bacteria	0.8392664563661667
696950a649d473ecbe8a2121bd9b09e8	d__Bacteria;p__Bacteroidota;c__Bacteroidia;o__Bacteroidales;f__Tannerellaceae;g__Parabacteroides	0.9033882609131465
279fb923d9a63a96d6df64fb5985b3d4	d__Bacteria	0.9938087105535511
12821d6b2f776cdc27afb9b4474e2b0c	d__Bacteria;p__Actinobacteriota;c__Actinobacteria;o__Corynebacteriales;f__Corynebacteriaceae;g__Corynebacterium	0.9999897281044297
c4a5154f952b7119c6011d6980758fa6	d__Archaea;p__Euryarchaeota;c__Methanobacteria;o__Methanobacteriales;f__Methanobacteriaceae;g__Methanosphaera	0.904592339591392
52686bd1193003df3f127a4d3008f8f1	d__Bacteria;p__Proteobacteria;c__Alphaproteobacteria;o__Rhodobacterales;f__Rhodobacteraceae;g__Paracoccus	0.8782525471705322
158d8889b6d0e448fe533f8100c15187	d__Bacteria;p__Firmicutes;c__Clostridia;o__Clostridia_vadinBB60_group;f__Clostridia_vadinBB60_group;g__Clostridia_vadinBB60_group	0.9975204711628795
7898669dc872211328ba7dc8aed2e73c	d__Bacteria;p__Firmicutes;c__Bacilli;o__RF39;f__RF39;g__RF39	0.9999999999995016
a292f8efaf1a2c7ce6368b7ce20f33a3	d__Bacteria;p__Bacteroidota;c__Bacteroidia;o__Bacteroidales;f__Paludibacteraceae;g__uncultured	0.9988914000249124
e928d8d6ed8e38b496ce358867460f2b	d__Bacteria;p__Firmicutes;c__Limnochordia;o__MBA03;f__MBA03;g__MBA03	0.8882384067261175
291a2ca14a9f31367446b0a52ded9e19	d__Bacteria;p__Actinobacteriota;c__Actinobacteria;o__Corynebacteriales;f__Corynebacteriaceae;g__Corynebacterium	0.8132283508712793
5962ac57e22d3306821059e8a85caf1d	d__Bacteria;p__Firmicutes;c__Clostridia;o__Clostridia;f__Hungateiclostridiaceae;g__Fastidiosipila	0.9997108814245259
cf1253552e14bfc062bc2d548c8c20ec	d__Bacteria;p__Firmicutes;c__Bacilli;o__Bacillales;f__Bacillaceae;g__Bacillus	0.8900889264421813
1ec6fc7e63d21e5d82ddf174ce1de683	d__Bacteria;p__Firmicutes;c__Clostridia;o__Clostridiales;f__Clostridiaceae;g__Clostridium_sensu_stricto_1	0.9732089824764933
4260e225ef3340c22ad0e01f26acb5af	d__Bacteria;p__Firmicutes;c__Clostridia;o__Oscillospirales;f__Butyricicoccaceae;g__UCG-008	0.9999966903780745
ad03e07fa0e1dbcec8f80a5fc8f5f3a4	d__Bacteria	0.8436194116045501
7e4f3e22afa915479b78ef64f4ea3c02	d__Bacteria;p__Bacteroidota;c__Bacteroidia;o__Bacteroidales;f__Prevotellaceae;g__Alloprevotella	0.9999996358296622
5efe9c4123ddb4fd8e8b4da7886b0a2f	d__Bacteria;p__Firmicutes;c__Clostridia;o__Lachnospirales;f__Lachnospiraceae;g__Blautia	0.998562203312094
7f68f70c5468ddee03181b0004bceaca	d__Bacteria;p__Bacteroidota;c__Bacteroidia;o__Bacteroidales;f__Bacteroidaceae;g__Bacteroides	0.9999994833624923
e76688d11c8c87c600e3a1d660870062	d__Bacteria;p__Bacteroidota;c__Bacteroidia;o__Bacteroidales;f__Rikenellaceae;g__Rikenellaceae_RC9_gut_group	0.9999232756273948
b815444d87f4944c5a2fb228e10e220e	d__Bacteria;p__Firmicutes;c__Bacilli;o__Erysipelotrichales;f__Erysipelotrichaceae;g__Erysipelothrix	0.8756170922904127
6ada73deb98918cfdec09c8b26980d5b	d__Bacteria	0.7436433466862654
46ba1ffa2c96770fe75807403825e7bb	Unassigned	0.5006235671356989
1007812f402551c5a0f8763058828e20	d__Bacteria;p__Bacteroidota;c__Bacteroidia;o__Bacteroidales;f__Prevotellaceae;g__Prevotellaceae_NK3B31_group	0.9344328853348377
87a5caf2d22b5c5f979d1ac9b66eb1ad	d__Bacteria;p__Bacteroidota;c__Bacteroidia;o__Bacteroidales;f__Bacteroidaceae;g__Bacteroides	0.9984503532930958
657b43f34135f6f0b1819ca263ab6f81	d__Bacteria;p__Firmicutes;c__Clostridia;o__Clostridiales;f__Clostridiaceae;g__Clostridium_sensu_stricto_1	0.8980393832820895
9e46b71228a26da879b084d47d8a7daf	Unassigned	0.36304917765483113
fa4b2f514b58810aac253c0b61a3f6e7	d__Bacteria;p__Firmicutes;c__Clostridia;o__Clostridia_vadinBB60_group;f__Clostridia_vadinBB60_group;g__Clostridia_vadinBB60_group	0.9999999393569328
037b4c9d060643739a53e12e913b16ab	d__Bacteria;p__Actinobacteriota;c__Coriobacteriia;o__Coriobacteriales;f__Eggerthellaceae;g__Eggerthella	0.9999982922064252
3e4acdf5c8c0366c44feb33041db41ce	d__Bacteria;p__Actinobacteriota;c__Actinobacteria;o__Corynebacteriales;f__Corynebacteriaceae;g__Corynebacterium	0.9739742575055689
53b12f2090462d772370218342da2f45	d__Bacteria	0.7067486490794588
216a0c7c1c2a75c9658c3ec46b7f0efc	Unassigned	0.32619161319834
33376e753ba7b5a744fd3b2e5cf417b4	d__Bacteria;p__Bacteroidota;c__Bacteroidia;o__Bacteroidales;f__Marinilabiliaceae;g__uncultured	0.8354153780635998
6cf5c611f5033ec1b3c96fc9143cfb68	d__Bacteria;p__Proteobacteria;c__Gammaproteobacteria;o__Pseudomonadales;f__Moraxellaceae;g__Acinetobacter	0.9999997615053086
86ee0ecc9525d1cc06a703f4a456fdad	d__Bacteria;p__Firmicutes;c__Clostridia;o__Peptostreptococcales-Tissierellales;f__Peptostreptococcales-Tissierellales;g__W5053	0.9999582013057792
0811e7a3212bb59620f424883865185e	d__Bacteria;p__Firmicutes;c__Bacilli;o__Lactobacillales;f__Lactobacillaceae;g__Lactobacillus	0.7948091333490133
d8f2aaaef1dc41b07ff421058119908b	d__Bacteria;p__Bacteroidota;c__Bacteroidia;o__Bacteroidales;f__Paludibacteraceae;g__uncultured	0.9528247891638751
0bbd78731a10704283f8cf91c0460f0d	Unassigned	0.5166250179610886
a0458efa36254ec4e24293af9f6c95da	Unassigned	0.393530715743584
fd39156bed03f3b51fd223c5e94bcb2d	d__Bacteria;p__Firmicutes;c__Clostridia;o__Clostridiales;f__Clostridiaceae;g__Clostridium_sensu_stricto_5	0.899979955738461
8e46308a8f37de197994a1989229bc6c	d__Bacteria;p__Firmicutes;c__Clostridia;o__Clostridia_vadinBB60_group;f__Clostridia_vadinBB60_group;g__Clostridia_vadinBB60_group	0.9994506670219684
05b6a19476e54505a2ba26cc81bfefa2	d__Bacteria;p__Firmicutes;c__Clostridia;o__Clostridia_vadinBB60_group;f__Clostridia_vadinBB60_group;g__Clostridia_vadinBB60_group	0.9981319276831812
7bc67aeae3d6a4aa509319689ac1e5bd	d__Bacteria;p__Firmicutes;c__Clostridia;o__Lachnospirales;f__Lachnospiraceae;g__Acetitomaculum	0.8257552029066727
611385a22617f4aea64d064473ead044	d__Bacteria;p__Firmicutes;c__Bacilli;o__Erysipelotrichales;f__Erysipelotrichaceae;g__Erysipelothrix	0.9973791289268343
a9fb6c06ed691c214e5470c4826ce39a	d__Bacteria;p__Bacteroidota;c__Bacteroidia;o__Bacteroidales;f__Prevotellaceae;g__Prevotella	0.8670839174491249
ee609c8a49fca84fff7aa028d9a195c3	d__Bacteria;p__Bacteroidota;c__Bacteroidia;o__Bacteroidales;f__Prevotellaceae;g__Prevotella	0.7664398922430095
01f3e3a8e6db334f051816ee09b21f3f	d__Bacteria;p__Firmicutes;c__Clostridia;o__Clostridia_vadinBB60_group;f__Clostridia_vadinBB60_group;g__Clostridia_vadinBB60_group	0.9990878712431278
d5a8d28f242eedd3de241cef8d9b1348	d__Bacteria;p__Actinobacteriota;c__Actinobacteria;o__Actinomycetales;f__Actinomycetaceae;g__uncultured	0.9999364212702957
093a02270fd7e77d13bb4c22c1c10b28	d__Bacteria;p__Firmicutes;c__Clostridia;o__Oscillospirales;f__UCG-010;g__UCG-010	0.9517034390704041
b29ebd32f854814968b3c8143c84ba1d	d__Bacteria;p__Bacteroidota;c__Bacteroidia;o__Bacteroidales;f__Prevotellaceae;g__Alloprevotella	0.9885016992252692
1d6fa0778f159da2b5c2fb35e0e2371e	d__Bacteria;p__Bacteroidota;c__Bacteroidia;o__Bacteroidales;f__Prevotellaceae;g__Prevotella	0.7919256968772326
6e8613035cc33357101af1a56453bb56	d__Bacteria;p__Firmicutes;c__Bacilli;o__Izemoplasmatales;f__Izemoplasmatales;g__Izemoplasmatales	0.9229143461725862
ad0ba986aee2a44cabda318a34ca138e	d__Bacteria;p__Bacteroidota;c__Bacteroidia;o__Bacteroidales;f__Prevotellaceae;g__Prevotellaceae_NK3B31_group	0.955533058090927
7349e9a4d10f4b9970d7a9f99c01eb12	d__Bacteria;p__Firmicutes;c__Clostridia;o__Peptostreptococcales-Tissierellales;f__Peptostreptococcaceae;g__Proteocatella	0.9930594166526393
673f864d956af2c3b223f0d290cb1d46	d__Bacteria;p__Firmicutes;c__Bacilli;o__Lactobacillales;f__Lactobacillaceae;g__Lactobacillus	0.9996441576611945
1e61dd9bdf786dbfacdff94101a0f6ff	d__Bacteria;p__Firmicutes;c__Clostridia;o__Clostridiales;f__Clostridiaceae;g__Clostridium_sensu_stricto_1	0.7172635181165661
1df4507127b603733092a965979a7b87	d__Bacteria;p__Bacteroidota;c__Bacteroidia;o__Bacteroidales;f__Rikenellaceae;g__DMER64	0.7285213285539718
d8c6168365ea1cd8c2c9fcfb5926ed6c	d__Bacteria;p__Firmicutes;c__Clostridia;o__Clostridia;f__Hungateiclostridiaceae;g__Fastidiosipila	0.968220122351943
3a4e0e3d2f2d5329ca688e84946d42ad	d__Bacteria;p__Bacteroidota;c__Bacteroidia;o__Bacteroidales;f__Paludibacteraceae;g__uncultured	0.9563079540815195
343448bd0a9ac6520e24a425b25528c1	d__Bacteria;p__Firmicutes;c__Bacilli;o__Lactobacillales;f__Lactobacillaceae;g__Lactobacillus	0.9998682861978038
f13f437fb698d6ae9e7811fb575c1b1d	Unassigned	0.7714364588778033
8b8b675e7fd5a1fc61cbf317b104dad0	d__Bacteria;p__Firmicutes;c__Negativicutes;o__Veillonellales-Selenomonadales;f__Veillonellaceae;g__Dialister	0.7716260014397595
9eb6f508c0c69a330701d41ee74434b8	d__Bacteria;p__Firmicutes;c__Clostridia;o__Oscillospirales;f__Oscillospiraceae;g__UCG-002	0.9998977125705795
daa358ab962959f3c43ffd749988cf3b	d__Bacteria;p__Firmicutes;c__Clostridia;o__Oscillospirales;f__Ruminococcaceae	0.9183512004624244
34bb7582decdb93941163eabfc3269e0	d__Bacteria;p__Firmicutes;c__Clostridia;o__Peptostreptococcales-Tissierellales;f__Sedimentibacteraceae;g__Sedimentibacter	0.7944343405446039
d2a5adc9f788028db8b5b0df341350f5	d__Bacteria;p__Firmicutes;c__Bacilli;o__Acholeplasmatales;f__Acholeplasmataceae;g__Anaeroplasma	0.9579057790049003
ecdf7975dc45b282c33d17f598b56162	d__Bacteria;p__Firmicutes;c__Clostridia;o__Oscillospirales;f__Ruminococcaceae;g__uncultured	0.999500895216968
3447fd7123ab61a074b758208d5716c2	d__Bacteria;p__Cyanobacteria;c__Vampirivibrionia;o__Gastranaerophilales;f__Gastranaerophilales;g__Gastranaerophilales	0.9245501546205009
94cec0b5b698645324fc97bab8fcc124	d__Bacteria;p__Bacteroidota;c__Bacteroidia;o__Bacteroidales;f__Bacteroidaceae;g__Bacteroides	0.9848785209925592
d633c6becf27b122a630090a77dfa794	d__Bacteria;p__Firmicutes;c__Clostridia;o__Oscillospirales;f__Ruminococcaceae;g__uncultured	0.8790548646447693
c20bfae595e44812909466dd883061fb	d__Bacteria;p__Firmicutes;c__Clostridia;o__Clostridia;f__Hungateiclostridiaceae;g__Fastidiosipila	0.7635824561775734
11b952053a6ebf5d79ad6345d01b5447	d__Bacteria;p__Firmicutes;c__Clostridia;o__Lachnospirales;f__Lachnospiraceae	0.9999998872630042
b0336705cd924a10811f8b1c5e5e4456	d__Bacteria;p__Bacteroidota;c__Bacteroidia;o__Bacteroidales;f__Prevotellaceae;g__Prevotellaceae_NK3B31_group	0.9607734341946842
99ea2045396afa73f8167c5b67ced3d8	d__Bacteria;p__Bacteroidota;c__Bacteroidia;o__Bacteroidales;f__Prevotellaceae;g__Prevotella	0.8765149122131225
202f0c44892af479ff7996d25c2a1df9	d__Bacteria;p__Firmicutes;c__Bacilli;o__Lactobacillales;f__Lactobacillaceae;g__Lactobacillus	0.9558496380753904
a5bcd469427b6fb652e7002386157e18	d__Bacteria;p__Firmicutes;c__Thermoanaerobacteria;o__Thermoanaerobacterales;f__SRB2;g__SRB2	0.9999922991040446
0dd3d3fcebf7cdc468557ab27c761d45	d__Bacteria;p__Spirochaetota;c__Spirochaetia;o__Spirochaetales;f__Spirochaetaceae;g__Treponema	0.9109620588347415
c6dcdaba5f4decb6513e9f8491845bd0	d__Bacteria;p__Firmicutes;c__Clostridia;o__Peptostreptococcales-Tissierellales;f__Peptostreptococcales-Tissierellales;g__Tissierella	0.9745053583002672
02305b99cff8adbe4277538f98206be0	d__Bacteria;p__Firmicutes;c__Bacilli;o__Erysipelotrichales;f__Erysipelotrichaceae;g__uncultured	0.7173167527919291
c441c54f31ce31a225f56250499ea33b	d__Archaea;p__Thermoplasmatota;c__Thermoplasmata;o__Methanomassiliicoccales;f__Methanomethylophilaceae;g__RumEn_M2	0.9769298948500604
ad192af109d8d4d440c10b46a8a4974c	d__Bacteria;p__Spirochaetota;c__Spirochaetia;o__Spirochaetales;f__Spirochaetaceae;g__Treponema	0.9867411212292881
ee1e6fb2702fecedaad3b5f5f14ac210	d__Bacteria	0.7010045730695608
8216cc79eb77f461f49dbcb175e02b77	d__Bacteria;p__Firmicutes;c__Bacilli;o__Acholeplasmatales;f__Acholeplasmataceae;g__Acholeplasma	0.999511269151816
9f873091f19a11ce03814031ea72dcf8	d__Bacteria;p__Proteobacteria;c__Gammaproteobacteria;o__Burkholderiales;f__Comamonadaceae	0.9999999992769577
a9266f61bc2fae26d1d994f85de4edb3	d__Bacteria;p__Bacteroidota;c__Bacteroidia;o__Bacteroidales;f__Tannerellaceae;g__Parabacteroides	0.9529299086147495
6683d2c59043f22a9af640543c86ac9b	d__Bacteria;p__Firmicutes;c__Clostridia;o__Lachnospirales;f__Lachnospiraceae;g__Butyrivibrio	0.9626915359320952
9b4f319cace072c8696ed99de0fdc955	d__Bacteria;p__Firmicutes;c__Clostridia;o__Lachnospirales;f__Lachnospiraceae;g__Roseburia	0.7388630966496523
12c290170beaae4ff4e26369fda67dff	d__Bacteria;p__Firmicutes;c__Clostridia;o__Peptostreptococcales-Tissierellales;f__Peptostreptococcales-Tissierellales;g__Tissierella	0.9991209449977774
94874240eb151565d9e71d6dd941ca88	d__Bacteria;p__Desulfobacterota;c__Desulfuromonadia;o__Desulfuromonadia;f__Desulfuromonadaceae;g__Desulfuromonas	0.8474331910943959
f83d7dd9ee330c86eb6d37d622152444	d__Bacteria;p__Firmicutes;c__Bacilli;o__Bacillales;f__Bacillaceae;g__Pseudogracilibacillus	0.9215153434253318
be19339dd30ae9a4085b06a8f9f8a60b	d__Bacteria	0.8004598452903103
300bf606aa08c1cda1f2efd5d48a01dc	d__Bacteria;p__Firmicutes;c__Clostridia;o__Oscillospirales;f__[Clostridium]_methylpentosum_group;g__[Clostridium]_methylpentosum_group	0.9114518537782037
fd4b2e675786c0fa27565745bf3d8468	d__Bacteria;p__Firmicutes;c__Clostridia;o__Oscillospirales;f__[Eubacterium]_coprostanoligenes_group;g__[Eubacterium]_coprostanoligenes_group	0.9989240319942656
4227d06db403f8dd0fc9457783e26a68	d__Bacteria;p__Firmicutes;c__Clostridia;o__Lachnospirales;f__Lachnospiraceae	0.9999995702230305
752b11a0b460a88461054e2f6bb15815	d__Archaea;p__Euryarchaeota;c__Methanobacteria;o__Methanobacteriales;f__Methanobacteriaceae;g__Methanobrevibacter	0.9990983301198286
b28d61e1dc23ae82a56425afc6193b8c	Unassigned	0.34295725810613187
26f938a71c8f809adfb15fde2b06b14d	d__Bacteria;p__Firmicutes;c__Clostridia;o__Lachnospirales;f__Lachnospiraceae;g__Agathobacter	0.9374441719027647
705b94f81bb36a4536d0c47e54890590	d__Bacteria;p__Firmicutes;c__Clostridia;o__Clostridia_UCG-014;f__Clostridia_UCG-014;g__Clostridia_UCG-014	0.9999999999999447
897240e18ea8502014488bf901a6e22c	d__Bacteria;p__Firmicutes;c__Bacilli;o__Lactobacillales;f__Lactobacillaceae;g__Lactobacillus	0.9466467550060401
17a39cb7fa5ca613bb6ca2103e761946	d__Bacteria;p__Bacteroidota;c__Bacteroidia;o__Bacteroidales;f__Prevotellaceae;g__Prevotella	0.732801803117769
e868906a2958aeb0459174c0bbb42d8f	d__Bacteria;p__Firmicutes;c__Clostridia;o__Peptostreptococcales-Tissierellales;f__Sedimentibacteraceae;g__Sedimentibacter	0.7532792950430846
16480423f5f47b2558c9af75ad0e3590	d__Bacteria;p__Firmicutes;c__Bacilli;o__Erysipelotrichales;f__Erysipelatoclostridiaceae;g__UCG-004	0.9759845571161037
dd1c1826885b8975040270961785b3a4	d__Bacteria;p__Bacteroidota;c__Bacteroidia;o__Bacteroidales;f__Prevotellaceae;g__uncultured	0.8289917355027144
4ba2c249d2c10ca0222c5c86a515ef2d	d__Bacteria;p__Bacteroidota;c__Bacteroidia;o__Flavobacteriales;f__Flavobacteriaceae;g__Myroides	0.9117186311894131
6c15810cbcca0b4017f377f6f0cdd035	d__Bacteria;p__Fusobacteriota;c__Fusobacteriia;o__Fusobacteriales;f__Fusobacteriaceae;g__Fusobacterium	0.7499865237949019
4e1e93a8bdedb773462464db4d10bf92	Unassigned	0.35035205277720527
d8a426c6e5d56647e814e11098be3bfa	d__Bacteria;p__Firmicutes;c__Clostridia;o__Clostridia;f__Hungateiclostridiaceae;g__Fastidiosipila	0.9620601477840718
de36722ec73a440b45f9bc98b28f4f66	d__Bacteria;p__Firmicutes;c__Bacilli;o__Erysipelotrichales;f__Erysipelotrichaceae;g__Erysipelothrix	0.9999217162431546
d643194beff0e89c0f5fc2810b65905f	Unassigned	0.345114129674738
a510b1c5d1ba773bf4d4d9428af4a0d2	d__Bacteria;p__Firmicutes;c__Clostridia;o__Lachnospirales;f__Lachnospiraceae	0.9999999948967838
871e426c81ebb216712f188ca13b14ae	Unassigned	0.35764223550757834
e408a67f8e7a4ff10047b2b0adcd52c2	d__Bacteria;p__Bacteroidota;c__Bacteroidia;o__Bacteroidales;f__Prevotellaceae;g__Prevotellaceae_UCG-003	0.9991345318095534
f168e22dc597f74254dd5ea8350b8d75	d__Bacteria;p__Bacteroidota;c__Bacteroidia;o__Bacteroidales;f__Tannerellaceae;g__Parabacteroides	0.99992928822939
0d527d78573f633606946016a76b4395	d__Bacteria;p__Proteobacteria;c__Gammaproteobacteria;o__Cardiobacteriales;f__Wohlfahrtiimonadaceae;g__Ignatzschineria	0.9685962499045828
c6e2f18229bc689780db7702e566bd9e	d__Bacteria;p__Spirochaetota;c__Spirochaetia;o__Spirochaetales;f__Spirochaetaceae;g__Treponema	0.8491016914729816
cd64fee8841b56ce9c31963e1d0f14c4	d__Bacteria;p__Bacteroidota;c__Bacteroidia;o__Bacteroidales;f__Prevotellaceae;g__Alloprevotella	0.7260993096909768
7869a74df60b839e4b480f2345512f2c	d__Bacteria;p__Firmicutes;c__Clostridia;o__Peptostreptococcales-Tissierellales;f__Peptostreptococcales-Tissierellales;g__W5053	0.9986405248872194
7262d6831161abaf68aef9d721489e53	d__Bacteria;p__Bacteroidota;c__Bacteroidia;o__Bacteroidales	0.7641413333314079
613c52867459d1aa39f576c10c28e8dd	d__Bacteria;p__Firmicutes;c__Bacilli;o__Acholeplasmatales;f__Acholeplasmataceae;g__Anaeroplasma	0.9981423608748514
3fea5c4de62118f3137208deb2506162	d__Bacteria;p__Proteobacteria;c__Alphaproteobacteria;o__Rhodospirillales;f__uncultured;g__uncultured	0.9999999922930484
499ef979e86ccdf3a324041d15ed5227	d__Bacteria;p__Bacteroidota;c__Bacteroidia;o__Bacteroidales;f__Prevotellaceae;g__Alloprevotella	0.9250627390589601
8af9ce8a0187a07af3fc0f56a4d6843b	d__Archaea;p__Halobacterota;c__Methanomicrobia;o__Methanomicrobiales;f__Methanocorpusculaceae;g__Methanocorpusculum	0.8305587026471586
64f3b066ebfa0cd1b9bf90e52a5588d9	d__Bacteria;p__Spirochaetota;c__Spirochaetia;o__Spirochaetales;f__Spirochaetaceae;g__Sphaerochaeta	0.9987501816007518
1dfe10b639c161feab1bb32a528bb1b4	d__Bacteria;p__Bacteroidota;c__Bacteroidia;o__Bacteroidales;f__Marinilabiliaceae;g__uncultured	0.9879578117051724
421940fe64941ead7529a3521e204073	d__Bacteria;p__Bacteroidota;c__Bacteroidia;o__Bacteroidales;f__Prevotellaceae;g__Alloprevotella	0.9999999977513323
bf8e0054fe586d47d4e05a28b4daacdb	d__Bacteria;p__Firmicutes;c__Bacilli;o__Bacillales;f__Bacillaceae	0.9994184504610185
336de2ef6a98614d3ab48f50dfaaca8e	d__Bacteria;p__Firmicutes;c__Bacilli;o__Lactobacillales;f__Lactobacillaceae;g__Lactobacillus	0.9999958428788219
236ece206a8fe1969a82733bf7e6801a	d__Bacteria;p__Firmicutes;c__Clostridia;o__Peptococcales;f__Peptococcaceae;g__uncultured	0.9997876680654192
400ef329b2c43b49217289537bb77633	d__Bacteria;p__Firmicutes;c__Clostridia;o__Lachnospirales;f__Lachnospiraceae;g__Blautia	0.7151046297241124
04da81fac28ae6934139d1815a7944ff	d__Bacteria;p__Bacteroidota;c__Bacteroidia;o__Bacteroidales;f__p-251-o5;g__p-251-o5	0.9999985737669813
736fbe9d28a79846bf882a3ba5013975	d__Bacteria;p__Firmicutes;c__Clostridia;o__Lachnospirales;f__Lachnospiraceae;g__Hespellia	0.9877182805685776
1a343425a3f1de4dbb47895fdfd42836	d__Bacteria;p__Firmicutes;c__Bacilli;o__Lactobacillales;f__Aerococcaceae;g__Aerosphaera	0.8185033749074848
fbc64081b4d403fd97146db1203066fe	d__Bacteria;p__Firmicutes;c__Bacilli;o__Lactobacillales;f__Lactobacillaceae;g__Lactobacillus	0.7226367171306758
59e764bf843e0c992a93ea27ef535f69	d__Bacteria;p__Actinobacteriota;c__Actinobacteria;o__Propionibacteriales;f__Propionibacteriaceae;g__Propionimicrobium	0.9999999759274377
7df3676d1cced03f4c4e55d8cf025bd9	d__Bacteria;p__Bacteroidota;c__Bacteroidia;o__Bacteroidales;f__Rikenellaceae;g__Rikenellaceae_RC9_gut_group	0.9911128482010305
c728ad6f5d183cb36fa06b6a3a47758b	d__Bacteria;p__Firmicutes;c__Clostridia;o__Oscillospirales;f__Ruminococcaceae;g__Faecalibacterium	0.9999993941812625
fa55d842bf71e89cad7e6b77727bcb21	d__Bacteria;p__Firmicutes;c__Clostridia;o__Oscillospirales;f__UCG-010;g__UCG-010	0.9999849005564136
62d76ec9a9ff07987939373fe9edebea	d__Bacteria;p__Firmicutes;c__Clostridia;o__Clostridia_vadinBB60_group;f__Clostridia_vadinBB60_group;g__Clostridia_vadinBB60_group	0.9950996089011777
981be3fb73ad3ea6583934f7354cbb3f	d__Bacteria;p__Firmicutes;c__Clostridia;o__Oscillospirales;f__Oscillospiraceae;g__Oscillibacter	0.9917788382515916
a36192d1e9c4aa2041fe80d5aa5c057f	d__Bacteria;p__Bacteroidota;c__Bacteroidia;o__Flavobacteriales;f__Weeksellaceae;g__Chryseobacterium	0.9263212923390663
1d02aea4a6e01c44ef65981e3aeaa497	d__Bacteria;p__Elusimicrobiota;c__Elusimicrobia;o__Elusimicrobiales;f__Elusimicrobiaceae;g__Elusimicrobium	0.9980901645069
105fdd86cb707cc80869f154dde41c31	d__Bacteria;p__Bacteroidota;c__Bacteroidia;o__Bacteroidales;f__Prevotellaceae;g__Prevotellaceae_UCG-004	0.9999970664527892
0f3a5ccec95b82fb834cd70f156b49b4	d__Bacteria;p__Firmicutes;c__Clostridia;o__Clostridia_vadinBB60_group;f__Clostridia_vadinBB60_group;g__Clostridia_vadinBB60_group	0.9967074256435517
1945c362b75af5603e9406ee4eafb3d3	d__Bacteria;p__Firmicutes;c__Clostridia;o__Oscillospirales;f__[Eubacterium]_coprostanoligenes_group;g__[Eubacterium]_coprostanoligenes_group	0.9999870210651779
ea5c7e0af6c00fd9f277d36437fd8115	d__Bacteria;p__Firmicutes;c__Clostridia;o__Clostridia_vadinBB60_group;f__Clostridia_vadinBB60_group;g__Clostridia_vadinBB60_group	0.9999999686152957
de235baf424ff5b679ca9ccaaea01ca6	d__Bacteria;p__Actinobacteriota;c__Actinobacteria;o__Corynebacteriales;f__Corynebacteriaceae;g__Corynebacterium	0.9999977906921667
4d7d1c34565a02b8b7065d9e0034a0bb	d__Bacteria;p__Firmicutes;c__Bacilli;o__Lactobacillales;f__Lactobacillaceae;g__Lactobacillus	0.7014862632017578
22c9952c9380d6262f5c0dd10255e793	d__Bacteria;p__Firmicutes;c__Clostridia;o__Christensenellales;f__Christensenellaceae;g__Christensenellaceae_R-7_group	0.9984650416263046
3c809bf0895415ef03c4682507f51885	d__Bacteria;p__Firmicutes;c__Clostridia;o__Oscillospirales;f__Oscillospiraceae	0.9999514777773059
b738d6ea1a6cb9ba1f4bf2417521af6b	d__Bacteria;p__Proteobacteria;c__Gammaproteobacteria;o__Cardiobacteriales;f__Wohlfahrtiimonadaceae;g__Ignatzschineria	0.9953095837529161
7477258d83dffa9d4b14208c4f31723c	d__Bacteria;p__Firmicutes;c__Clostridia;o__Clostridiales;f__Clostridiaceae;g__Clostridium_sensu_stricto_1	0.9997175603082321
499fdd49926efbf0de955f18f2027d4f	d__Bacteria;p__Firmicutes;c__Clostridia;o__Eubacteriales;f__Garciellaceae;g__Irregularibacter	0.9999855723813754
d68b8e0cc3b4b905b627802c23f7bed2	d__Bacteria;p__Firmicutes;c__Clostridia;o__Christensenellales;f__Christensenellaceae;g__Christensenellaceae_R-7_group	0.9984236801208383
fa5e0f4d1354e8828c28c81ddcd7d16e	d__Bacteria;p__Firmicutes;c__Clostridia;o__Oscillospirales;f__UCG-010;g__UCG-010	0.9999982951415405
ae9043132c6cd4871c91aff78a42b18e	d__Bacteria;p__Firmicutes;c__Clostridia;o__Clostridiales;f__Clostridiaceae;g__Clostridium_sensu_stricto_1	0.9980760506659924
81d3a3941664ad10d9f65321412ebfff	d__Bacteria;p__Firmicutes;c__Clostridia;o__Oscillospirales;f__Oscillospiraceae;g__UCG-005	0.7681551769617377
ecf57bc5ca755b45ec37a228d3183771	Unassigned	0.36583535096413444
7e5e89fbc2921f36ffb532ca8e3a11c1	d__Bacteria;p__Bacteroidota;c__Bacteroidia;o__Bacteroidales;f__Tannerellaceae;g__Parabacteroides	0.9830247535956083
aaac6d2a451a30a1750d4500ea84c77f	d__Bacteria;p__Bacteroidota;c__Bacteroidia;o__Bacteroidales;f__Paludibacteraceae;g__uncultured	0.9693009465432169
28b582c0d9d110ff220178c6ab698f7f	d__Bacteria;p__Firmicutes;c__Clostridia;o__Lachnospirales;f__Lachnospiraceae;g__Cellulosilyticum	0.9999882768062426
89f0aa25c3a1c7c79fd878acdf1654b7	d__Bacteria;p__Actinobacteriota;c__Actinobacteria	0.7237120181730559
c9d48904a7500c558d6380433b195dc2	d__Bacteria	0.8226740953024598
8f434780f8919c6b2d51e250fbc6bd03	d__Bacteria;p__Firmicutes;c__Bacilli;o__Lactobacillales;f__Carnobacteriaceae;g__Atopostipes	0.9757887660902398
452ce37f2f0c3677f574ec40df1428d4	Unassigned	0.35168698724860337
546528d15f47e1c437a72556de1f0a77	d__Bacteria	0.8326329171950893
4b93fa79987f3bbec099b5fede4420d3	d__Bacteria;p__Actinobacteriota;c__Actinobacteria;o__Corynebacteriales;f__Corynebacteriaceae;g__Corynebacterium	0.973995820902984
25af29e1b2d121f8aae468d270d75518	d__Bacteria;p__Firmicutes;c__Clostridia;o__Lachnospirales;f__Lachnospiraceae	0.9999999985655097
008799ca023c263eaef446398af43ca1	d__Bacteria;p__Spirochaetota;c__Spirochaetia;o__Spirochaetales;f__Spirochaetaceae;g__Sphaerochaeta	0.9999999997232223
49daf2d3f236ab6107e2fdf39234427b	d__Bacteria;p__Firmicutes;c__Clostridia;o__Oscillospirales;f__Ruminococcaceae;g__uncultured	0.998562844055024
a7d9d8a120a65f9cc9b4cb4864403cf3	d__Bacteria;p__Firmicutes;c__Clostridia;o__Oscillospirales;f__Oscillospiraceae;g__Oscillibacter	0.9755413317100905
4097aeaf1ae0396422e76a2f90231dd5	d__Bacteria;p__Firmicutes;c__Bacilli;o__Erysipelotrichales;f__Erysipelatoclostridiaceae;g__UCG-004	0.8302749139924791
3261433280aba6699cf4c037b30b869c	d__Bacteria;p__Firmicutes;c__Clostridia;o__Lachnospirales;f__Lachnospiraceae;g__Shuttleworthia	0.7254814037972199
1cf5bbbc30f2d71057531fcc4d9736b7	d__Bacteria;p__Bacteroidota;c__Bacteroidia;o__Bacteroidales;f__Prevotellaceae;g__Prevotellaceae_NK3B31_group	0.9845288407139395
ac3c82c9dc8e5f0ad87e1b3a9932a42c	d__Bacteria;p__Firmicutes;c__Clostridia;o__Clostridia;f__Hungateiclostridiaceae;g__Fastidiosipila	0.9998659373709672
519e125bf5e164ffb4687b1765235213	d__Bacteria;p__Bacteroidota;c__Bacteroidia;o__Bacteroidales;f__Dysgonomonadaceae;g__Proteiniphilum	0.999999831149562
cbb5eafb8967da7b2db74d6c4c0eb2ea	d__Bacteria;p__Bacteroidota;c__Bacteroidia;o__Bacteroidales;f__Tannerellaceae;g__Parabacteroides	0.9788546525301686
13983cd11cf90a0b8168b0edcf76b9cb	d__Bacteria;p__Bacteroidota;c__Bacteroidia;o__Bacteroidales;f__Prevotellaceae;g__Alloprevotella	0.9999999831204859
6b8f6c673cedbb581b09202ffa5345a9	d__Bacteria;p__Bacteroidota;c__Bacteroidia;o__Bacteroidales	0.9969688748818204
8bd76170fbd30bea0b8722a2ad6e12b9	d__Bacteria;p__Bacteroidota;c__Bacteroidia;o__Bacteroidales;f__Dysgonomonadaceae;g__Proteiniphilum	0.9999979985543556
3f85ee2f62050f429b23023e7b3fc790	d__Bacteria;p__Bacteroidota;c__Bacteroidia;o__Bacteroidales;f__Prevotellaceae;g__uncultured	0.9467705003054193
0f6eac0c7c152d32d9bb22b9d33ea7f3	d__Bacteria;p__Firmicutes;c__Clostridia;o__Oscillospirales;f__[Eubacterium]_coprostanoligenes_group;g__[Eubacterium]_coprostanoligenes_group	0.9999950133645955
935e3b741b4d34612307242da9dbb99c	d__Bacteria;p__Cyanobacteria;c__Vampirivibrionia;o__Gastranaerophilales;f__Gastranaerophilales;g__Gastranaerophilales	0.956880656670705
a780cb4eb77a0d8b360c7fcbe10cd3db	d__Bacteria;p__Firmicutes;c__Bacilli;o__Erysipelotrichales;f__Erysipelotrichaceae;g__Erysipelothrix	0.9616397355940821
71d5a4ad2a9248a5f73f0d570eb7339f	d__Bacteria;p__Firmicutes;c__Clostridia;o__Oscillospirales;f__Ruminococcaceae;g__Ruminococcus	0.7699754381174418
529955fef4457485fac02b476172cded	d__Bacteria;p__Firmicutes;c__Clostridia;o__Christensenellales;f__Christensenellaceae;g__Christensenellaceae_R-7_group	0.7063067313994729
878e27d4bde48175c1dc69139b5d75bf	d__Bacteria;p__Bacteroidota;c__Bacteroidia;o__Bacteroidales;f__Muribaculaceae;g__Muribaculaceae	0.9998994698764513
3df16a3f262721b549882fe5f3c71d08	d__Bacteria;p__Firmicutes;c__Bacilli;o__Lactobacillales;f__Lactobacillaceae;g__Lactobacillus	0.9994603039704417
abcfd63bb820ecf5481984e0ec6efa65	d__Bacteria;p__Spirochaetota;c__Spirochaetia;o__Spirochaetales;f__Spirochaetaceae;g__Sphaerochaeta	0.7342238202290191
d86c848c4148edcb2685a483610f09da	d__Bacteria;p__Desulfobacterota;c__Desulfovibrionia;o__Desulfovibrionales;f__Desulfovibrionaceae;g__Desulfovibrio	0.999742533263081
c91da1bb7f1dc55ab2f76ba899c2b5c8	d__Bacteria;p__Proteobacteria;c__Alphaproteobacteria;o__Rhizobiales;f__Rhizobiaceae;g__Ochrobactrum	0.948031278758642
f01eebc3119f26c0b73380841f08adbe	d__Bacteria;p__Verrucomicrobiota;c__Kiritimatiellae;o__WCHB1-41;f__WCHB1-41;g__WCHB1-41	0.9829950960456163
35d417a07aaafef425edc30a86dadff5	d__Bacteria;p__Campilobacterota;c__Campylobacteria;o__Campylobacterales;f__Campylobacteraceae;g__Campylobacter	0.9029533994432356
a0c1eafdfd355ee827190b8bc35d59e1	d__Bacteria;p__Firmicutes;c__Clostridia;o__Peptostreptococcales-Tissierellales;f__Peptostreptococcales-Tissierellales;g__Helcococcus	0.9996722274960729
10b841fb8cd0fabed3508da17ee73c2f	d__Bacteria;p__Firmicutes;c__Bacilli;o__Erysipelotrichales;f__Erysipelatoclostridiaceae;g__UCG-004	0.8912238966923458
4d35bbad93a93977b9653ef3b0c95474	d__Bacteria;p__Firmicutes;c__Clostridia;o__Lachnospirales;f__Lachnospiraceae;g__Dorea	0.9166395276024812
19a57196f60ae18140d188c6941b7afc	d__Bacteria;p__Firmicutes;c__Clostridia;o__Oscillospirales;f__Butyricicoccaceae;g__UCG-008	0.9999962654032221
8bf45734d367145a5909545dbd464c24	d__Bacteria;p__Verrucomicrobiota;c__Kiritimatiellae;o__WCHB1-41;f__WCHB1-41;g__WCHB1-41	0.9999999999969797
6323a58a61a17c8270d70bf4077b19d8	d__Bacteria;p__Bacteroidota;c__Bacteroidia;o__Bacteroidales;f__Prevotellaceae;g__Prevotellaceae_NK3B31_group	0.7623276601108198
2c503453e3722e7c5eb683f707c3d028	d__Bacteria;p__Firmicutes;c__Bacilli;o__Acholeplasmatales;f__Acholeplasmataceae;g__Acholeplasma	0.9676876370769745
b43bd6862e5753a3cd1f6d607ede2938	d__Bacteria	0.7495003266385163
0116a942c72d475e20db25364cb2fbb4	d__Bacteria;p__Firmicutes;c__Clostridia;o__Peptostreptococcales-Tissierellales;f__Peptostreptococcales-Tissierellales;g__Tissierella	0.9663474937298211
9d051349136e5b36b622a137ab1c5aaf	d__Bacteria;p__Firmicutes;c__Clostridia;o__Oscillospirales;f__UCG-010;g__UCG-010	0.9999999125805
b8669d6526b0d300d140ae8b85c89a0a	Unassigned	0.36686626677259715
1b19065a278ebe09f2ec0c13069a8714	d__Bacteria;p__Firmicutes;c__Clostridia;o__Oscillospirales;f__Oscillospiraceae;g__UCG-005	0.9999675570900033
668ffd01cc8e921d5e221e9b16709360	d__Bacteria;p__Firmicutes;c__Bacilli;o__Bacillales;f__Bacillaceae;g__Pseudogracilibacillus	0.9971437027199017
7c0ae39bc8006c04bfef0d57c365e98c	d__Bacteria	0.8007012878841314
e2f1763cc76bbd845827dbf809f00b83	d__Bacteria;p__Proteobacteria;c__Gammaproteobacteria;o__Enterobacterales;f__Enterobacteriaceae;g__Enterobacter	0.8960302367879555
f7217ad2bd298207e4d78fd047d41325	Unassigned	0.7706802220317966
f3ead0e871eec16a8b0ce113ee3ffa95	d__Bacteria;p__Bacteroidota;c__Bacteroidia;o__Bacteroidales;f__Rikenellaceae;g__Rikenellaceae_RC9_gut_group	0.9772859283236842
55839513326fb17ad53d33a1f935c5dc	d__Bacteria;p__Firmicutes;c__Clostridia;o__Clostridia_UCG-014;f__Clostridia_UCG-014;g__Clostridia_UCG-014	0.9999999999999468
4d3edb27ba5a54f7e874a2e885c6da76	d__Bacteria;p__Firmicutes;c__Clostridia;o__Oscillospirales;f__Ruminococcaceae;g__Ruminococcus	0.999171241692957
638affe7a0fa83cb8137088cca4af618	d__Bacteria;p__Spirochaetota;c__Spirochaetia;o__Spirochaetales;f__Spirochaetaceae;g__Treponema	0.8732058498427414
1475d8be0675034bc53b18f0fb1993d9	d__Bacteria;p__Bacteroidota;c__Bacteroidia;o__Bacteroidales;f__Prevotellaceae;g__Prevotellaceae_NK3B31_group	0.9989348429605432
c08d9b72293bfc7263a4054970784205	d__Bacteria;p__Bacteroidota;c__Bacteroidia;o__Bacteroidales;f__Prevotellaceae;g__Alloprevotella	0.9093226868753783
a41b4f70e6e94d4db79c84e3004c3742	d__Archaea;p__Euryarchaeota;c__Methanobacteria;o__Methanobacteriales;f__Methanobacteriaceae;g__Methanosphaera	0.9999979242937584
37ba7a50796678389886190ebe08e510	d__Bacteria;p__Firmicutes;c__Bacilli;o__Lactobacillales;f__Carnobacteriaceae;g__Jeotgalibaca	0.9993644515287395
7d2e6b54cad00181705b147954fa1722	d__Bacteria;p__Firmicutes;c__Bacilli;o__Erysipelotrichales;f__Erysipelatoclostridiaceae;g__UCG-004	0.7577377727191067
9081551af6ba9576c4905346cad061ce	d__Bacteria;p__Bacteroidota;c__Bacteroidia;o__Bacteroidales;f__Prevotellaceae;g__Prevotella	0.896656483654555
9c2754b962b93ffb0f2406b3e7f611db	d__Bacteria;p__Firmicutes;c__Negativicutes;o__Acidaminococcales;f__Acidaminococcaceae;g__uncultured	0.8368415414786772
8ac1a9faf6af7c9b06701099b7e602b6	d__Bacteria;p__Bacteroidota;c__Bacteroidia;o__Bacteroidales;f__Prevotellaceae;g__Alloprevotella	0.9999996614264721
a19233a48d320627a4d03c577572957c	d__Bacteria;p__Proteobacteria;c__Alphaproteobacteria;o__Rhodospirillales;f__uncultured;g__uncultured	0.9999999948185266
080d994ff0dfe706eee34750125b9ad6	d__Bacteria;p__Bacteroidota;c__Bacteroidia;o__Bacteroidales;f__Paludibacteraceae;g__uncultured	0.8100959558697363
b8f8b11f9993314e93f32ec3889718f1	d__Bacteria;p__Spirochaetota;c__Spirochaetia;o__Spirochaetales;f__Spirochaetaceae;g__Treponema	0.963921246851667
2679a9e4270eb21e57de4662098020ae	d__Bacteria;p__Firmicutes;c__Bacilli;o__Erysipelotrichales;f__Erysipelatoclostridiaceae;g__UCG-004	0.998832701585531
241b46aed13902c7bea7e2350fb8f88d	d__Bacteria	0.7841248221915471
916f8ebe68717eb85fe57c5405a02d92	d__Bacteria;p__Bacteroidota;c__Bacteroidia;o__Bacteroidales;f__Muribaculaceae;g__Muribaculaceae	0.9991423742774442
1aa0f0fd417a728eaae104d9a6f9a2dd	d__Bacteria;p__Firmicutes;c__Bacilli;o__Bacillales;f__Bacillaceae	0.9993663894365616
a1ee896cadcab3c8f3a007d9d5593c05	d__Bacteria;p__Firmicutes;c__Clostridia;o__Oscillospirales;f__Ruminococcaceae;g__Ruminococcus	0.9976488221563562
940ce17d291c88dee88bece53ecabd5c	d__Bacteria;p__Actinobacteriota;c__Actinobacteria;o__Micrococcales;f__Bogoriellaceae;g__Georgenia	0.7690647889634276
65b4f22409278aacd47df290a4d69171	d__Bacteria;p__Firmicutes;c__Clostridia;o__Eubacteriales;f__Anaerofustaceae;g__Anaerofustis	0.9978560167146465
11e93fe62981998ffb293a8e50fe867d	d__Bacteria;p__Firmicutes;c__Clostridia;o__Clostridia;f__Hungateiclostridiaceae;g__Hungateiclostridium	0.9983459001709432
1674f1dc22e55d3fc0880cef0202ea1e	d__Bacteria;p__Actinobacteriota;c__Actinobacteria;o__Micrococcales;f__Micrococcaceae;g__Enteractinococcus	0.9040669915534489
6e5789e2dc9ff5d8621be9a868d7338b	d__Bacteria	0.709869836241074
fa55be2d297115ed2a028d1aff96e17b	d__Bacteria;p__Actinobacteriota;c__Coriobacteriia;o__Coriobacteriales;f__Eggerthellaceae;g__Enterorhabdus	0.8952529785748806
7e2d9a5f3acb6b1e200197beff1c27a5	d__Bacteria;p__Proteobacteria;c__Gammaproteobacteria;o__Cardiobacteriales;f__Wohlfahrtiimonadaceae;g__Koukoulia	0.9491009713200563
1505077e678e9e9828fa3e75bff76edc	d__Bacteria;p__Bacteroidota;c__Bacteroidia;o__Bacteroidales;f__Rikenellaceae;g__Rikenellaceae_RC9_gut_group	0.9759715679926149
202938f6ff9392b6e167b20b956d9ed1	d__Bacteria;p__Firmicutes;c__Clostridia;o__Lachnospirales;f__Lachnospiraceae;g__[Eubacterium]_eligens_group	0.9999080610022462
e8c626948cb719bc5fea0b25e944527c	d__Bacteria;p__Bacteroidota;c__Bacteroidia;o__Bacteroidales;f__p-251-o5;g__p-251-o5	0.9999992038782508
ed96e4ad4ec2ed62d5efdceba00d343e	d__Bacteria;p__Proteobacteria;c__Gammaproteobacteria;o__Alteromonadales;f__Psychromonadaceae;g__Psychromonas	0.9349937366235865
4a025b791f0936d8cefc7f59b66c6fc1	Unassigned	0.3332914472983046
187cab384354a6ea37b96043ace2e269	d__Bacteria;p__Bacteroidota;c__Bacteroidia;o__Bacteroidales;f__Prevotellaceae;g__Prevotellaceae_NK3B31_group	0.9168607772179399
9f08f7325400ad049b61673c63246895	d__Bacteria;p__Bacteroidota;c__Bacteroidia;o__Bacteroidales;f__Tannerellaceae;g__Parabacteroides	0.9997916261644031
177576dc28a28dc764185148d23e4037	d__Bacteria;p__Actinobacteriota;c__Actinobacteria;o__Corynebacteriales;f__Corynebacteriaceae;g__Corynebacterium	0.7167695397083199
23abe79cfd5c4f781f3257e8e9e31cd3	d__Bacteria;p__Firmicutes;c__Clostridia;o__Oscillospirales;f__Oscillospiraceae	0.9999998158872896
f941b390a2f45fa060656167da2f7c29	d__Bacteria;p__Firmicutes;c__Clostridia;o__Oscillospirales;f__Oscillospiraceae;g__Oscillospira	0.809967057516954
eef564ec2dc6988f8c6847f23fdb83fd	d__Bacteria;p__Bacteroidota;c__Bacteroidia;o__Bacteroidales;f__Marinifilaceae;g__Odoribacter	0.7372250117570082
dc78f95e3640be273ddc849b1a376efd	d__Bacteria;p__Firmicutes;c__Clostridia;o__Clostridiales;f__Clostridiaceae;g__Clostridium_sensu_stricto_1	0.9477675827203338
fd4875bb2528c0fe8fb62db91ce8a2e3	d__Bacteria;p__Firmicutes;c__Bacilli;o__Acholeplasmatales;f__Acholeplasmataceae;g__Acholeplasma	0.9925647825433079
75191bdaba66421b49378423ea6e8bf5	d__Bacteria;p__Firmicutes;c__Clostridia;o__Oscillospirales;f__UCG-010;g__UCG-010	0.9948969779285631
50ea6b5d1e2daeafa39f7c4d2e639057	d__Bacteria;p__Firmicutes;c__Negativicutes;o__Acidaminococcales;f__Acidaminococcaceae;g__Acidaminococcus	0.8025714724666869
2c37b4400778b251c0b225fa567394be	d__Bacteria;p__Bacteroidota;c__Bacteroidia;o__Bacteroidales;f__Bacteroidales_UCG-001;g__Bacteroidales_UCG-001	0.7077984472177095
df0e54342ccf213001f977979f55ae69	d__Bacteria;p__Firmicutes;c__Clostridia;o__Clostridia_vadinBB60_group;f__Clostridia_vadinBB60_group;g__Clostridia_vadinBB60_group	0.9929327150251087
249fb7b8fd14a2adb82e6210da98ed3b	d__Bacteria;p__Firmicutes;c__Clostridia;o__Peptostreptococcales-Tissierellales;f__Anaerovoracaceae;g__Anaerovorax	0.9967192973409956
b8a38aff0f736f83b3b99da3e436638c	d__Bacteria;p__Bacteroidota;c__Bacteroidia;o__Bacteroidales;f__Dysgonomonadaceae;g__Proteiniphilum	0.996637398487068
b28818882c5a40ddc5a6866517835470	d__Bacteria;p__Firmicutes;c__Bacilli;o__Bacillales;f__Bacillaceae;g__Oceanobacillus	0.8387884704270258
f535739834a53566d65adcee6d1671c3	d__Bacteria;p__Patescibacteria;c__Saccharimonadia;o__Saccharimonadales;f__Saccharimonadaceae;g__Candidatus_Saccharimonas	0.9532292099217134
d70ec4b691d50634ff1858f560b75d7d	d__Bacteria;p__Firmicutes;c__Clostridia;o__Lachnospirales;f__Lachnospiraceae;g__Lachnospiraceae_NK4A136_group	0.8427780798584821
0fe68e214920b4453dd8f1eff9705fd0	d__Bacteria;p__Firmicutes;c__Clostridia;o__Christensenellales;f__Christensenellaceae;g__Christensenellaceae_R-7_group	0.9615039305257803
68d8f83463dc38902cdf2efc4c36f3e0	d__Bacteria;p__Bacteroidota;c__Bacteroidia;o__Bacteroidales;f__Muribaculaceae;g__Muribaculaceae	0.9999289097713405
363d4a9bd7d86a57330856a20a76840e	d__Bacteria;p__Cloacimonadota;c__Cloacimonadia;o__Cloacimonadales;f__GZKB75;g__GZKB75	0.8255256991316018
03d2a2e06227b7d4388e9d117b6d4b56	d__Bacteria;p__Firmicutes;c__Clostridia;o__Christensenellales;f__Christensenellaceae;g__Christensenellaceae_R-7_group	0.9974946256379573
d542b6394ca4a4d814949e03f2bb13a1	d__Bacteria;p__Bacteroidota;c__Bacteroidia;o__Bacteroidales;f__Muribaculaceae;g__Muribaculaceae	0.8127819972209464
53a7234ff4acad8982c6e05ae776d800	d__Bacteria;p__Bacteroidota;c__Bacteroidia;o__Bacteroidales;f__Paludibacteraceae;g__uncultured	0.991269661999631
4ea891f22983b005a4953fa001da53ce	d__Bacteria;p__Firmicutes;c__Clostridia;o__Clostridiales;f__Clostridiaceae;g__Clostridium_sensu_stricto_1	0.9999968771353218
5f6f4e2705ee910fa94616fed0a04d6d	Unassigned	0.36477077954651027
f3b28875bcb335e3300cc68e9b7c4eab	d__Bacteria;p__Bacteroidota;c__Bacteroidia;o__Bacteroidales;f__Paludibacteraceae;g__uncultured	0.9746692674843704
063e667a4134aca1ee85e14024057363	d__Bacteria;p__Firmicutes;c__Clostridia;o__Lachnospirales;f__Lachnospiraceae;g__Agathobacter	0.8442564239796564
db140e0f1ce0c367a0131d97e271b364	d__Bacteria;p__Proteobacteria;c__Alphaproteobacteria;o__Rhodospirillales;f__uncultured;g__uncultured	0.9999999885045566
0d9146b8ea9c6ac3c4c4aac8e251abb9	d__Bacteria;p__Proteobacteria;c__Gammaproteobacteria;o__Burkholderiales;f__Alcaligenaceae;g__Paenalcaligenes	0.9950090087419803
dc71adfc6c1a31506710bf5bc75f355c	d__Bacteria;p__Bacteroidota;c__Bacteroidia;o__Bacteroidales;f__Dysgonomonadaceae;g__Petrimonas	0.9999996098899322
a58a9304d3a1f8b4fd27c1b6fa27c3d3	d__Bacteria;p__Bacteroidota;c__Bacteroidia;o__Sphingobacteriales;f__Sphingobacteriaceae;g__Pedobacter	0.9999913256718377
2024790e8049a173c9fcff3e589ec06f	d__Bacteria;p__Bacteroidota;c__Bacteroidia;o__Bacteroidales;f__Tannerellaceae;g__Parabacteroides	0.9798881812563873
749f6b35d86ed8e23607e1f11b828060	d__Bacteria;p__Firmicutes;c__Clostridia;o__Clostridia;f__Hungateiclostridiaceae;g__Fastidiosipila	0.8216841894506424
3d63fe78245c19d7b321c6272ae64c4b	d__Bacteria;p__Firmicutes;c__Clostridia;o__Oscillospirales;f__Oscillospiraceae;g__uncultured	0.756082576261854
212aa89a19d0c91381e1a532a898f3e5	d__Bacteria;p__Firmicutes;c__Clostridia;o__Peptostreptococcales-Tissierellales;f__Anaerovoracaceae;g__Mogibacterium	0.9990151865414013
9c15072fc5ba7417626fb0fd2de3cb1c	d__Bacteria;p__Firmicutes;c__Clostridia;o__Clostridia_UCG-014;f__Clostridia_UCG-014;g__Clostridia_UCG-014	0.9982220606536388
460bc28123e47d3423081a53692b7c79	d__Bacteria;p__Firmicutes;c__Bacilli;o__Bacillales;f__Bacillaceae;g__Pseudogracilibacillus	0.8845137166342002
50f924a04d7400549a5726f23256fe71	d__Bacteria;p__Firmicutes;c__Bacilli;o__Staphylococcales;f__Staphylococcaceae;g__Staphylococcus	0.9999769634422281
0465eb96ddba2ec5c16e4e0e7f77ead8	d__Bacteria;p__Firmicutes;c__Bacilli;o__Erysipelotrichales;f__Erysipelatoclostridiaceae;g__UCG-004	0.9500596733252198
6df0f971af24cd3731a5d3e345a5879d	d__Bacteria;p__Verrucomicrobiota;c__Kiritimatiellae;o__WCHB1-41;f__WCHB1-41;g__WCHB1-41	0.999890069891041
e7fdafafc5e3ed3ff874b5a89245d586	d__Bacteria;p__Proteobacteria;c__Gammaproteobacteria;o__Oceanospirillales;f__Endozoicomonadaceae;g__Kistimonas	0.967724196583732
60d4e5b2a467bbb655480ad8a4e9b458	d__Bacteria;p__Actinobacteriota;c__Actinobacteria;o__Corynebacteriales;f__Corynebacteriaceae;g__Corynebacterium	0.9999997496715036
1cccb3d99ce6783ca2884c831e0c6f21	d__Bacteria;p__Bacteroidota;c__Bacteroidia;o__Bacteroidales;f__Prevotellaceae;g__Prevotellaceae_NK3B31_group	0.9971254714570127
5adda4bee20a8a357770d3b12ea8d21b	d__Bacteria;p__Bacteroidota;c__Bacteroidia;o__Bacteroidales;f__Paludibacteraceae;g__uncultured	0.9493980829252132
ecf5da590cc8b70ec15e9cc64d8851b5	d__Bacteria;p__Firmicutes;c__Clostridia;o__Clostridia_vadinBB60_group;f__Clostridia_vadinBB60_group;g__Clostridia_vadinBB60_group	0.8456973573561759
7033cc3394525d65bbeabf29e2e171f1	d__Bacteria;p__Deferribacterota;c__Deferribacteres;o__Deferribacterales;f__Deferribacteraceae;g__Mucispirillum	0.9981618073848806
c870992143d99ded91853b115dbfa806	d__Bacteria	0.9963960463207752
365dff38f02b02a218ce47c58fc7b300	d__Bacteria;p__Firmicutes;c__Bacilli;o__Acholeplasmatales;f__Acholeplasmataceae;g__Acholeplasma	0.9994117741479809
0995c1fd81d564af3cd4cfe152107888	d__Bacteria;p__Firmicutes;c__Clostridia;o__Christensenellales;f__Christensenellaceae;g__Christensenellaceae_R-7_group	0.7437084654583809
db1d6b02705487985d40fc6a180c97e1	d__Bacteria;p__Firmicutes;c__Clostridia;o__Peptostreptococcales-Tissierellales;f__Peptostreptococcales-Tissierellales;g__Peptoniphilus	0.9995819701052483
58d9031eb16bcb1e542ade90d0cd58e0	d__Bacteria;p__Bacteroidota;c__Bacteroidia;o__Bacteroidales;f__Prevotellaceae;g__Prevotellaceae_NK3B31_group	0.9712141610960802
57c3620a9f559bf5d05c84d0d5375257	d__Bacteria;p__Bacteroidota;c__Bacteroidia;o__Bacteroidales;f__Marinilabiliaceae;g__uncultured	0.9811538400260675
3ccc983c68323b6167eee4fa10892dab	d__Bacteria;p__Firmicutes;c__Clostridia;o__Clostridiales;f__Clostridiaceae;g__Clostridium_sensu_stricto_1	0.9646493188947453
3292be16e73a1ec571dded9576fbdf92	d__Bacteria;p__Firmicutes;c__Clostridia;o__Peptostreptococcales-Tissierellales;f__Peptostreptococcales-Tissierellales;g__Peptoniphilus	0.8516524833286142
5102c78b717dc03bef47798410902fef	d__Bacteria	0.8219176853982244
5c4678fd348017aab4fa8074818d5a14	d__Bacteria;p__Bacteroidota;c__Bacteroidia;o__Bacteroidales;f__Prevotellaceae;g__Prevotellaceae_UCG-003	0.9483863133178704
4116d93af7e1c30d4f27236d19ce075e	d__Bacteria;p__Firmicutes;c__Bacilli;o__Staphylococcales;f__Staphylococcaceae;g__Staphylococcus	0.9999896233689551
770259d4c5903626276bc706ba2783d2	d__Bacteria;p__Bacteroidota;c__Bacteroidia;o__Bacteroidales;f__Prevotellaceae;g__Prevotellaceae_UCG-003	0.9999612622716176
a15aa904a8c422bfd626cdd6bde9317f	d__Bacteria;p__Proteobacteria;c__Alphaproteobacteria;o__Rhodobacterales;f__Rhodobacteraceae;g__Paracoccus	0.9275046103381296
77ac599297c79ab3e12a3cd24f79fef4	d__Bacteria;p__Firmicutes;c__Bacilli;o__Lactobacillales;f__Enterococcaceae;g__Enterococcus	0.9976569748790841
75657e4ab7111c78b3d17019aa7b5f84	d__Bacteria;p__Firmicutes;c__Clostridia;o__Oscillospirales;f__[Clostridium]_methylpentosum_group;g__[Clostridium]_methylpentosum_group	0.9999989592533625
b48fb3fd0943aff801af07753e29a067	d__Bacteria;p__Firmicutes;c__Negativicutes;o__Acidaminococcales;f__Acidaminococcaceae;g__Phascolarctobacterium	0.9999999999953316
7fff9d06e723d73fc0d007d42ec2d4c1	d__Bacteria;p__Firmicutes;c__Bacilli;o__Lactobacillales;f__Carnobacteriaceae;g__Atopostipes	0.979605184874911
fb6479d6986c13a28eb13e32c73052e7	d__Bacteria;p__Firmicutes;c__Clostridia;o__Peptostreptococcales-Tissierellales;f__Peptostreptococcales-Tissierellales;g__W5053	0.9999341917863999
5958f502d895ad9cda0c93819eb19d0b	d__Bacteria;p__Proteobacteria;c__Alphaproteobacteria;o__Rhodobacterales;f__Rhodobacteraceae;g__Paracoccus	0.9605429904693974
e7a6d212bd9f63a5c4fc6d4601969b03	d__Bacteria;p__Firmicutes;c__Clostridia;o__Oscillospirales;f__Ruminococcaceae;g__Ruminococcus	0.9865068553096781
0df33a26fef0168b95d31a4a44bec747	d__Bacteria;p__Firmicutes;c__Clostridia;o__Lachnospirales;f__Lachnospiraceae	0.9999999943463733
baf8872b8b34af6c2ae31289905795e4	d__Bacteria;p__Firmicutes;c__Clostridia;o__Peptostreptococcales-Tissierellales;f__Peptostreptococcaceae;g__Terrisporobacter	0.9130880314699086
c4ecb80332977a693f58a890312c9d2f	d__Bacteria;p__Bacteroidota;c__Bacteroidia;o__Bacteroidales;f__Prevotellaceae;g__Prevotellaceae_UCG-003	0.9985057517046739
ee40457b34b4cb12d03f40f63a043656	d__Bacteria;p__Bacteroidota;c__Bacteroidia;o__Bacteroidales;f__Prevotellaceae;g__Prevotellaceae_UCG-001	0.9986924825681044
15c22025f0ff41ea151ac7df180a9e48	d__Bacteria;p__Spirochaetota;c__Spirochaetia;o__Spirochaetales;f__Spirochaetaceae;g__Treponema	0.9999999995924703
6ec41dc8e94b5051c17f784239b52e50	d__Bacteria;p__Firmicutes;c__Clostridia;o__Lachnospirales;f__Lachnospiraceae;g__Syntrophococcus	0.9996893922082504
9c53b8c65d030be3eaafaa4f36761a74	d__Bacteria;p__Proteobacteria;c__Gammaproteobacteria;o__Pseudomonadales;f__Pseudomonadaceae;g__Pseudomonas	0.9287829779846963
649f019e236318f3856b2afb007d03ce	Unassigned	0.364094472743028
e54ac1a210ed5f17dd36fbe20311da22	d__Archaea;p__Thermoplasmatota;c__Thermoplasmata;o__Methanomassiliicoccales;f__Methanomethylophilaceae;g__RumEn_M2	0.8287316913172418
2bdf9d4a9a351ced34bcea14f8309107	d__Bacteria;p__Firmicutes;c__Bacilli;o__Bacillales;f__Bacillaceae;g__Pseudogracilibacillus	0.8989552332517309
5d8e84235043747192a63a3543b6ed22	d__Bacteria;p__Firmicutes;c__Bacilli;o__Bacillales;f__Bacillaceae;g__Oceanobacillus	0.9515125332748999
d993e4e893c3e18559e28a985d8d113f	d__Bacteria;p__Firmicutes;c__Bacilli;o__Erysipelotrichales;f__Erysipelotrichaceae;g__Erysipelothrix	0.9998927378380981
23b5a7c36edcd6ce91d65f730cb1f33f	d__Bacteria;p__Firmicutes;c__Clostridia;o__Clostridia_vadinBB60_group;f__Clostridia_vadinBB60_group;g__Clostridia_vadinBB60_group	0.7146243117586498
918d23e1fd49aecf8c18ab8da9b47509	d__Bacteria;p__Firmicutes;c__Bacilli;o__Acholeplasmatales;f__Acholeplasmataceae;g__Acholeplasma	0.9977306230175454
c23b230b482a38d62d1d50385ee1bbfb	d__Bacteria;p__Firmicutes;c__Clostridia;o__Oscillospirales;f__Ruminococcaceae;g__Ruminococcus	0.762559182574748
47b8583c8252eecfcf4b9212f9bd9765	d__Bacteria;p__Firmicutes;c__Bacilli;o__Lactobacillales;f__Streptococcaceae;g__Streptococcus	0.9996197683378174
7e054edfe5e6c5b5e5dbdb930ee9f965	d__Bacteria	0.7801607484476054
17f581cb53603327908c2813ad1921ec	Unassigned	0.3151738409266912
e8b7de4c07f308c714246ef5c937f9c9	d__Bacteria;p__Proteobacteria;c__Alphaproteobacteria;o__Rickettsiales;f__Mitochondria;g__Mitochondria	0.8525026082063948
893eff372476034fe83e3207f765dd35	d__Bacteria;p__Bacteroidota;c__Bacteroidia;o__Bacteroidales;f__p-251-o5;g__p-251-o5	0.9999993843745661
362bd25daa5638df53110d99b1dff3ff	d__Bacteria;p__Firmicutes;c__Clostridia;o__Clostridiales;f__Clostridiaceae;g__Clostridium_sensu_stricto_1	0.9999911042684998
8ef313cfc103586f9ce55ed04d454cec	d__Bacteria;p__Firmicutes;c__Clostridia;o__Peptostreptococcales-Tissierellales;f__Peptostreptococcales-Tissierellales;g__Anaerococcus	0.7055853686784027
0135d338564745c1c07e22568c48c826	Unassigned	0.37894146226092384
da9412301c7e389f52ade339992c8f32	d__Bacteria;p__Actinobacteriota;c__Coriobacteriia;o__Coriobacteriales;f__Eggerthellaceae;g__uncultured	0.9968551151875037
e1ae03f7469bbc8719128f141c3c47aa	d__Bacteria;p__Firmicutes;c__Clostridia;o__Oscillospirales;f__Ruminococcaceae;g__Ruminococcus	0.8434211231482409
3b79617872a7b28a556516990a98c38c	d__Bacteria;p__Firmicutes;c__Clostridia;o__Peptostreptococcales-Tissierellales;f__Peptostreptococcaceae;g__Terrisporobacter	0.985782440525988
43af56d14530c26539b6683abc903f67	d__Bacteria;p__Bacteroidota;c__Bacteroidia;o__Bacteroidales;f__Bacteroidaceae;g__Bacteroides	0.8747385131833524
12ac9752a279ade5e7e24be1fefef2b7	d__Bacteria;p__Firmicutes;c__Clostridia;o__Peptostreptococcales-Tissierellales;f__Peptostreptococcales-Tissierellales;g__Tissierella	0.7216312942434729
9dab587a740ccb873d2d1fd8373db3a6	Unassigned	0.30065416737996553
d4a1a3232cf8dca5c13e5df5bab5305f	d__Bacteria;p__Firmicutes;c__Bacilli;o__Lactobacillales;f__Carnobacteriaceae;g__Atopostipes	0.941960623093307
174c30cd39c0992bf6704c6d2fba4fc6	d__Bacteria;p__Firmicutes;c__Clostridia;o__Oscillospirales;f__Ruminococcaceae;g__Ruminococcus	0.9983533987694165
adc41df8099b37e099bcf3f67b675bfd	d__Bacteria;p__Bacteroidota;c__Bacteroidia;o__Bacteroidales;f__Tannerellaceae;g__Parabacteroides	0.9847090072788658
6d9c97f786f3c626e16e152ead87dbff	d__Bacteria	0.8283750515813786
c1c4df874c23d7d5b1e5625102579d2a	d__Bacteria;p__Bacteroidota;c__Bacteroidia;o__Bacteroidales;f__Prevotellaceae;g__Prevotellaceae_UCG-004	0.9498799335059614
aa453e7c84494e4e9afbe419f99adab4	d__Bacteria;p__Bacteroidota;c__Bacteroidia;o__Bacteroidales;f__Muribaculaceae;g__Muribaculaceae	0.9980156837408433
a41fef33eb4137f4d039abc23442f0b5	d__Bacteria;p__Bacteroidota;c__Bacteroidia;o__Bacteroidales;f__Dysgonomonadaceae;g__Proteiniphilum	0.9997430586689925
24594eb6f94a012fc2a7a8946476f8b7	d__Bacteria;p__Bacteroidota;c__Bacteroidia;o__Bacteroidales;f__Dysgonomonadaceae;g__Proteiniphilum	0.9999996639977069
b7d6e14e9aff1ca938bdcbead7511fea	d__Bacteria;p__Firmicutes;c__Clostridia;o__Clostridiales;f__Clostridiaceae;g__Clostridium_sensu_stricto_1	0.9196120000125311
a65f530804df36d4960760f3a5025b82	d__Bacteria;p__Proteobacteria;c__Alphaproteobacteria;o__Rhodospirillales;f__uncultured;g__uncultured	0.890318288180934
543db3fbcb85db91c993d73f2da5d3de	d__Bacteria;p__Firmicutes;c__Clostridia;o__Peptostreptococcales-Tissierellales;f__Peptostreptococcales-Tissierellales;g__Tissierella	0.9955489167977765
582c4ac014e42c5ca7fedf28873d298e	d__Bacteria;p__Firmicutes;c__Clostridia;o__Peptostreptococcales-Tissierellales;f__Peptostreptococcales-Tissierellales;g__Tissierella	0.9998599169409476
a4c73da9c81dc0ec2f51f97b8cfc577e	d__Bacteria;p__Fusobacteriota;c__Fusobacteriia;o__Fusobacteriales;f__Fusobacteriaceae;g__Propionigenium	0.9522158410137703
8f33de22324f8d58c88d20d4066e11c2	d__Bacteria;p__Verrucomicrobiota;c__Verrucomicrobiae;o__Verrucomicrobiales;f__Akkermansiaceae;g__Akkermansia	0.9990429204840948
6ce35ed9c44a62a27bdcdd6f9debd13a	d__Bacteria;p__Proteobacteria;c__Alphaproteobacteria;o__Rhizobiales;f__Rhizobiaceae;g__Allorhizobium-Neorhizobium-Pararhizobium-Rhizobium	0.9929975128289934
1ad587132c60f63eb6008f511b4d60e8	d__Bacteria;p__Bacteroidota;c__Bacteroidia;o__Bacteroidales;f__Tannerellaceae;g__Parabacteroides	0.9996632410025773
a65411bc4666e0423b452c5ac19b7e24	d__Bacteria;p__Firmicutes;c__Clostridia;o__Lachnospirales;f__Lachnospiraceae;g__Lachnospiraceae_NK3A20_group	0.9999364719296531
183c954d9945143ea7ddaec45bfc1fa4	d__Bacteria;p__Firmicutes;c__Clostridia;o__Oscillospirales;f__Ruminococcaceae;g__Anaerotruncus	0.9383764683107115
c090a2f36d195cebfead9e2047da499e	d__Bacteria;p__Actinobacteriota;c__Actinobacteria;o__Bifidobacteriales;f__Bifidobacteriaceae;g__Neoscardovia	0.9992828671894874
7a6a7aa44c87904c43c1ee114f93cdbb	d__Bacteria;p__Firmicutes;c__Bacilli;o__Bacillales;f__Bacillaceae;g__Oceanobacillus	0.7172832689664976
d8af00f6ff528e8ca6d49a0026c6817d	d__Bacteria;p__Bacteroidota;c__Bacteroidia;o__Bacteroidales;f__Williamwhitmaniaceae;g__Blvii28_wastewater-sludge_group	0.9999999999977175
f8bbca139eca476f7647dabccb7d5bf0	d__Bacteria;p__Firmicutes;c__Clostridia;o__Clostridia_vadinBB60_group;f__Clostridia_vadinBB60_group;g__Clostridia_vadinBB60_group	0.7505988817111958
8f49ab00a576df222713c0d0ea78a942	d__Bacteria;p__Bacteroidota;c__Bacteroidia;o__Bacteroidales;f__Muribaculaceae;g__Muribaculaceae	0.9997439615161898
ff07f8532911abf4f2d1b93afeee428c	d__Bacteria;p__Firmicutes;c__Bacilli;o__Acholeplasmatales;f__Acholeplasmataceae;g__Acholeplasma	0.9954300409596851
384072fe07de3639d9355e75c907f816	d__Bacteria;p__Firmicutes;c__Clostridia;o__Clostridia;f__Hungateiclostridiaceae;g__Fastidiosipila	0.7286739936401369
d7ca96a2576af7699f9288a9e757be2b	d__Bacteria;p__Proteobacteria;c__Gammaproteobacteria;o__Pseudomonadales;f__Moraxellaceae;g__Moraxellaceae	0.813467821247361
5351d80b5e13c263fbe8a2e29b506192	d__Bacteria;p__Firmicutes;c__Bacilli;o__Acholeplasmatales;f__Acholeplasmataceae;g__Acholeplasma	0.9998792663197458
407bfa6f9baa00aa407fa9c0267b7fec	d__Bacteria;p__Firmicutes;c__Clostridia;o__Oscillospirales;f__Ruminococcaceae;g__uncultured	0.85220999726219
55d80c20eaa80c11af9facfb4432eb33	d__Bacteria;p__Bacteroidota;c__Bacteroidia;o__Flavobacteriales;f__Weeksellaceae;g__Ornithobacterium	0.9999990536872138
115b1cd35f8171935d71f9d89930f6b6	d__Bacteria;p__Firmicutes;c__Clostridia;o__Lachnospirales;f__Lachnospiraceae	0.9999999879892068
42562a42f5c557d551459b1a8ea45b4e	d__Bacteria;p__Firmicutes;c__Clostridia;o__Clostridia_vadinBB60_group;f__Clostridia_vadinBB60_group;g__Clostridia_vadinBB60_group	0.9999999955512587
f4d46c8b1474c4a11b41c5851cf905c2	d__Bacteria;p__Firmicutes;c__Clostridia;o__Peptostreptococcales-Tissierellales	0.7640061129471917
ab31b242ca8251b29c0663fa38533b76	d__Bacteria;p__Firmicutes;c__Clostridia;o__Peptostreptococcales-Tissierellales;f__Anaerovoracaceae;g__[Eubacterium]_nodatum_group	0.9999996047964074
58c4cdc68038e21b74d75923c142cb97	d__Bacteria;p__Chloroflexi;c__Anaerolineae;o__Anaerolineales;f__Anaerolineaceae;g__uncultured	0.9999994401552134
79c6a68e573f0b121a31b75e5b93ad6f	d__Bacteria;p__Bacteroidota;c__Bacteroidia;o__Bacteroidales;f__Muribaculaceae;g__Muribaculaceae	0.7742295629736111
0e4f1170e3c1e1dde93014266608d918	d__Bacteria;p__Actinobacteriota;c__Coriobacteriia;o__Coriobacteriales;f__Atopobiaceae;g__Olsenella	0.9782585652146908
49ab1f15588b728a1592035704c17317	d__Bacteria;p__Actinobacteriota;c__Coriobacteriia;o__Coriobacteriales;f__Eggerthellaceae;g__Slackia	0.7987600031614851
009482a8d99cb7994fdacb7970596d63	d__Bacteria;p__Planctomycetota;c__Planctomycetes;o__Pirellulales;f__Pirellulaceae;g__Roseimaritima	0.8270042807614401
bed5d0598429bbd5eb5436649cbe6d0c	Unassigned	0.7638229317477195
05fa61b7d8f075ca6929d84d2ef40ab8	d__Bacteria;p__Actinobacteriota;c__Actinobacteria;o__Micrococcales;f__Micrococcaceae;g__Kocuria	0.7670746507024206
a9ad739441baac34ca629b50ff794425	d__Bacteria;p__Firmicutes;c__Clostridia;o__Clostridia_UCG-014;f__Clostridia_UCG-014;g__Clostridia_UCG-014	0.999999999999972
b868319040086a52e3038b02a6e0eecf	d__Bacteria;p__Firmicutes;c__Clostridia;o__Lachnospirales;f__Lachnospiraceae;g__Agathobacter	0.9414856676626067
89c45ca0d1f94704795c45f263bc055f	d__Bacteria;p__Firmicutes;c__Clostridia;o__Lachnospirales;f__Lachnospiraceae;g__Marvinbryantia	0.8567181150159299
920ce6558aa9217e6bfade10a5d0b666	d__Bacteria;p__Verrucomicrobiota;c__Kiritimatiellae;o__WCHB1-41;f__WCHB1-41;g__WCHB1-41	0.8831340141659664
d4b9487f80a46f105daa14816456c5f6	d__Bacteria;p__Firmicutes;c__Clostridia;o__Oscillospirales;f__Oscillospiraceae;g__NK4A214_group	0.7472974593843494
64655cabd04ea844c2eba21b2ba840c5	d__Bacteria;p__Firmicutes;c__Clostridia;o__Oscillospirales;f__Oscillospiraceae;g__UCG-005	0.9998853864937325
61178f58eaba34f1a4dc535f2cb3e816	d__Bacteria;p__Bacteroidota;c__Bacteroidia;o__Bacteroidales;f__uncultured;g__uncultured	0.9951944794393469
d7fbf1e97084b0af8b4659eae729a1b0	d__Bacteria;p__Firmicutes;c__Clostridia;o__Oscillospirales;f__Oscillospiraceae;g__uncultured	0.9031770686969947
46011a37b2fabfe1471de2693f849d85	d__Bacteria;p__Patescibacteria;c__Dojkabacteria;o__Dojkabacteria;f__Dojkabacteria;g__Dojkabacteria	0.9971041921604519
961639e0b0794a8369644c3392325c45	d__Bacteria;p__Firmicutes;c__Clostridia;o__Peptostreptococcales-Tissierellales;f__Peptostreptococcales-Tissierellales;g__Guggenheimella	0.9990892228293506
9dce49f947bc0bac50939717d34b3f75	d__Bacteria;p__Firmicutes;c__Bacilli;o__Acholeplasmatales;f__Acholeplasmataceae;g__Acholeplasma	0.9999999998555609
ede58f307d3ec5c39ad03487b4037b36	d__Bacteria;p__Proteobacteria;c__Gammaproteobacteria;o__Pseudomonadales;f__Pseudomonadaceae;g__Pseudomonas	0.9999959211604117
6d32110c60196bb943874cce6b07f0d5	d__Bacteria;p__Synergistota;c__Synergistia;o__Synergistales;f__Synergistaceae;g__uncultured	0.9999689148389012
7234d7bc160713fb8fc06f0ed2b12980	d__Bacteria;p__Firmicutes;c__Clostridia;o__Clostridiales;f__Clostridiaceae;g__Clostridium_sensu_stricto_1	0.9537071902239969
3e1927ccc40d6c9269637fa9f10e2557	d__Bacteria;p__Firmicutes;c__Clostridia;o__Peptostreptococcales-Tissierellales;f__Peptostreptococcales-Tissierellales;g__Peptoniphilus	0.9999736821601478
1b924c01a6aeb04031ff6f8ffb7a6447	d__Bacteria;p__Firmicutes;c__Clostridia;o__Clostridia;f__Hungateiclostridiaceae;g__Fastidiosipila	0.9865803345853551
8d4ec553c42f2e0423fa1a8c5609ad5b	d__Bacteria;p__Firmicutes;c__Bacilli;o__Erysipelotrichales;f__Erysipelatoclostridiaceae;g__UCG-004	0.8132804347164246
293198469f529669019e80dbf34f303c	d__Bacteria;p__Firmicutes;c__Clostridia;o__Clostridiales;f__Clostridiaceae;g__Clostridium_sensu_stricto_1	0.9861998616662053
7071a72732fd22d11e83995e02e94f0c	d__Bacteria;p__Bacteroidota;c__Bacteroidia;o__Bacteroidales;f__Bacteroidaceae;g__Bacteroides	0.9950735413368352
3be91f8e2d5911b6ebd99eab8bf5fb18	d__Bacteria;p__Bacteroidota;c__Bacteroidia;o__Bacteroidales;f__Prevotellaceae;g__Alloprevotella	0.7427489870779219
144ae412a8d195e3bd2902977ca1618d	d__Bacteria;p__Bacteroidota;c__Bacteroidia;o__Bacteroidales;f__Tannerellaceae;g__Parabacteroides	0.9883692756208632
a746b5d7cdcc80aa1553ed9baeb822f3	d__Bacteria;p__Firmicutes;c__Clostridia;o__Clostridiales;f__Clostridiaceae;g__Clostridium_sensu_stricto_1	0.9696014347074529
013930c98484466933d84cb38071c305	d__Bacteria;p__Bacteroidota;c__Bacteroidia;o__Bacteroidales;f__Muribaculaceae;g__Muribaculaceae	0.9952027527873308
738286a3659ea647a5ad7dabaedd1082	d__Bacteria;p__Bacteroidota;c__Bacteroidia;o__Bacteroidales;f__Bacteroidaceae;g__Bacteroides	0.8001333002809786
eef729c920972e12e4020f9928f15104	d__Bacteria;p__Firmicutes;c__Clostridia;o__Lachnospirales;f__Lachnospiraceae;g__Lachnospira	0.7174395965810226
02b1a7e4befa2b4073760a3b9af85cf3	d__Bacteria;p__Synergistota;c__Synergistia;o__Synergistales;f__Synergistaceae;g__uncultured	0.7725544786599201
80e5f4b6b355bd09c0e5c947b0db5e92	d__Bacteria;p__Bacteroidota;c__Bacteroidia;o__Bacteroidales;f__Prevotellaceae;g__Alloprevotella	0.9677631681363771
29c56e938abb96f963ffe9c7c3390156	d__Bacteria;p__Bacteroidota;c__Bacteroidia;o__Bacteroidales;f__Bacteroidaceae;g__Bacteroides	0.7311166620502874
9af4e50392aa4771b2bd57532907f1d6	d__Bacteria;p__Bacteroidota;c__Bacteroidia;o__Bacteroidales;f__Bacteroidaceae;g__Bacteroides	0.7516220625644873
16fd5c8912fc991eb3d271b3ca7ded15	d__Bacteria;p__Synergistota;c__Synergistia;o__Synergistales;f__Synergistaceae;g__Pyramidobacter	0.9995186550242338
956fb7fbf7e05e307a5fc1f43d8abf8b	d__Bacteria;p__Firmicutes;c__Clostridia;o__Oscillospirales;f__Oscillospiraceae;g__Papillibacter	0.9999949697648909
0d36ec15319814800325186608e94cc9	d__Bacteria;p__Spirochaetota;c__Spirochaetia;o__Spirochaetales;f__Spirochaetaceae;g__Sphaerochaeta	0.9999421906136955
9e37d3037e395777989d3ee34dc1aad9	d__Bacteria;p__Firmicutes;c__Clostridia;o__Oscillospirales;f__Ruminococcaceae;g__Ruminococcus	0.8045901579382027
62c336937d9c98f93521f014e1f21a63	d__Bacteria;p__Firmicutes;c__Clostridia;o__Oscillospirales;f__Butyricicoccaceae;g__Butyricicoccus	0.9999998728477069
36821f6d11d993badda26dbb9256e14c	d__Bacteria;p__Bacteroidota;c__Bacteroidia;o__Flavobacteriales;f__Flavobacteriaceae;g__Gelidibacter	0.9996476544473328
996ed9756faba0ef098319c31ee7df1b	d__Bacteria;p__Verrucomicrobiota;c__Lentisphaeria;o__Victivallales;f__Victivallaceae;g__Victivallaceae	0.9979868414356386
c67e8628f79cf626feb4c9e6d708cc77	d__Bacteria;p__Bacteroidota;c__Bacteroidia;o__Flavobacteriales;f__Flavobacteriaceae;g__Myroides	0.9909844316183576
9661502ae4cc4632db920e7ded7fb382	d__Bacteria;p__Bacteroidota;c__Bacteroidia;o__Bacteroidales;f__Rikenellaceae;g__Rikenellaceae_RC9_gut_group	0.9909779428936683
19dbd3ba8236716498c92a3c07ab5359	d__Bacteria;p__Firmicutes;c__Clostridia;o__Peptostreptococcales-Tissierellales;f__Peptostreptococcales-Tissierellales;g__W5053	0.999994495496615
da3c1b504701422b814b19d3e3c4d3ad	d__Bacteria;p__Firmicutes;c__Bacilli	0.9999993402707736
c76b5541c0cda75d4fbc2a143e823863	d__Bacteria;p__Firmicutes;c__Clostridia;o__Peptostreptococcales-Tissierellales;f__Peptostreptococcales-Tissierellales;g__uncultured	0.9329083234243668
8f1cbc417811b06dd8413190959c1ccf	d__Bacteria;p__Bacteroidota;c__Bacteroidia;o__Bacteroidales;f__Rikenellaceae;g__Rikenellaceae_RC9_gut_group	0.9959077801726527
9b0399532828807cf20d08549d9bc6ab	d__Bacteria;p__Bacteroidota;c__Bacteroidia;o__Bacteroidales;f__Rikenellaceae;g__Rikenellaceae_RC9_gut_group	0.9960335487991785
d3215016d3e3736ae7d5f1097ea4d946	d__Bacteria;p__Firmicutes;c__Clostridia;o__Peptostreptococcales-Tissierellales;f__Peptostreptococcaceae;g__Terrisporobacter	0.8255740036660236
00b041eb4405b2c372198b9779a9732b	d__Bacteria;p__Firmicutes;c__Clostridia;o__Lachnospirales;f__Defluviitaleaceae;g__Defluviitalea	0.9288802837874107
03613da2c4236a28aa7a8fada0efe51c	d__Bacteria;p__Firmicutes;c__Bacilli;o__Acholeplasmatales;f__Acholeplasmataceae;g__Acholeplasma	0.9394887351688787
446089ecdc4a8b8884681872969a1c9d	d__Bacteria;p__Firmicutes;c__Clostridia;o__Clostridiales;f__Clostridiaceae;g__Clostridium_sensu_stricto_1	0.9940119308237225
c84cf95ffc0e544cd7b01676f93b22f1	d__Bacteria;p__Bacteroidota;c__Bacteroidia;o__Bacteroidales;f__Paludibacteraceae;g__uncultured	0.9052618823468913
21df7207ee632b58908da5c08d957de9	d__Bacteria;p__Firmicutes;c__Bacilli;o__Acholeplasmatales;f__Acholeplasmataceae;g__Acholeplasma	0.9998962112610724
604639d0bc5b4394ebc0573b8a8fa0d9	d__Bacteria	0.937732321559342
5ec3388bb313e1c32427e450d4eab718	d__Bacteria;p__Bacteroidota;c__Bacteroidia;o__Bacteroidales;f__Dysgonomonadaceae;g__Proteiniphilum	0.9921492883799262
51dbbe165675a7819cddfb6cb6781452	d__Bacteria	0.7894941903229111
e1e37b4a8e6da769a03dc5f53016af36	d__Bacteria;p__Bacteroidota;c__Bacteroidia;o__Bacteroidales;f__Prevotellaceae;g__Prevotellaceae_UCG-003	0.9998731023396552
ef18dcfe200644af0a5da98515127c6c	d__Bacteria;p__Firmicutes;c__Bacilli;o__Bacillales;f__Bacillaceae;g__Pseudogracilibacillus	0.9871948554480064
c1e706fc430ce7b19ccd32426ae9ca91	d__Bacteria;p__Firmicutes;c__Clostridia;o__Lachnospirales;f__uncultured;g__uncultured	0.9990786982324242
b61b44b5234c0e55c29db1c7549ff079	Unassigned	0.30369221299153437
f38333225de90dbe8102d09ff65aff48	d__Bacteria;p__Patescibacteria;c__Saccharimonadia;o__Saccharimonadales;f__Saccharimonadaceae;g__TM7a	0.9882052124106715
edc97054b29ca1d09a5ca6e4dcc2374e	d__Bacteria;p__Firmicutes;c__Clostridia;o__Peptostreptococcales-Tissierellales;f__Peptostreptococcaceae;g__Terrisporobacter	0.9852959553156889
e81be2d6b85a5ebae1bdf96efc434ea2	d__Bacteria;p__Bacteroidota;c__Bacteroidia;o__Bacteroidales;f__Paludibacteraceae;g__uncultured	0.8112044421557766
9419608ada991f2516052346a5f92adf	Unassigned	0.3108960999038596
87d30141626cffbc3fb57e5978f7580d	d__Bacteria;p__Firmicutes;c__Clostridia;o__Lachnospirales;f__Lachnospiraceae	0.9999999559519565
e2e069d7d214e8d53968fae91eee24f4	d__Bacteria;p__Spirochaetota;c__Spirochaetia;o__Spirochaetales;f__Spirochaetaceae;g__Sphaerochaeta	0.970912726249601
7def34816074011d064a2a25e1b813ec	d__Bacteria;p__Bacteroidota;c__Bacteroidia;o__Bacteroidales;f__Prevotellaceae	0.999999996698286
bd346633cb96145bccde5a9c315b8bfc	d__Archaea;p__Euryarchaeota;c__Methanobacteria;o__Methanobacteriales;f__Methanobacteriaceae;g__Methanosphaera	0.9999987869680216
73837d625559bbebe4c57c4d705220a3	d__Bacteria;p__Cyanobacteria;c__Cyanobacteriia;o__Chloroplast;f__Chloroplast;g__Chloroplast	0.7326515669411174
5c6d9ca7de22ffb48259ed164af9adc5	d__Bacteria;p__Firmicutes;c__Bacilli;o__Lactobacillales;f__Carnobacteriaceae;g__Atopostipes	0.8589929844197973
ec922cf28eb6e631960de84ebe167acf	d__Bacteria;p__Firmicutes;c__Clostridia;o__Oscillospirales;f__Oscillospiraceae;g__UCG-005	0.9999703835889968
629558878ca29685dfa9f584540bbf45	d__Bacteria;p__Actinobacteriota;c__Actinobacteria;o__Micrococcales;f__Microbacteriaceae;g__Leucobacter	0.9506413381995723
89254bc97295a331673cdd0e21e613b1	d__Bacteria;p__Verrucomicrobiota;c__Kiritimatiellae;o__WCHB1-41;f__WCHB1-41;g__WCHB1-41	0.9997701661929068
55434bea7397b7a012afb47c4ab824e3	d__Bacteria;p__Bacteroidota;c__Bacteroidia;o__Bacteroidales;f__F082;g__F082	0.9336667580033093
3ca09b3972636c6afcc8e3b09d404246	Unassigned	0.7597319898328128
ac08c44c1e7f5842e40de97abc836ec4	d__Bacteria;p__Firmicutes;c__Clostridia;o__Peptostreptococcales-Tissierellales;f__Peptostreptococcales-Tissierellales;g__Anaerococcus	0.9999734750653868
cb603c6798c4b3e55e1611c2f10f73ed	d__Bacteria;p__Bacteroidota;c__Bacteroidia;o__Bacteroidales;f__Prevotellaceae;g__uncultured	0.7944181180763504
884ceceb82b3c4b4b0af8d8beffa90ac	d__Bacteria;p__Bacteroidota;c__Bacteroidia;o__Bacteroidales;f__Bacteroidaceae;g__Bacteroides	0.9988309943803982
b2ee3836aff38da1fb35cc7bbb160139	Unassigned	0.33973235603284935
a39373cc8e12c0620ed9d9e93ac20815	d__Bacteria;p__Bacteroidota;c__Bacteroidia;o__Bacteroidales;f__Prevotellaceae;g__Alloprevotella	0.9999992703075795
2d8d798515a7c50cba108d127926479c	d__Bacteria;p__Firmicutes;c__Limnochordia;o__uncultured;f__uncultured;g__uncultured	0.9999998581001067
e8299845d8658cea4cda2a95916db402	d__Bacteria;p__Spirochaetota;c__Spirochaetia;o__Spirochaetales;f__Spirochaetaceae;g__Treponema	0.9930177307671956
d000842d294ef25fd62edaff88a3b78d	d__Bacteria;p__Bacteroidota;c__Bacteroidia;o__Bacteroidales;f__Muribaculaceae;g__Muribaculaceae	0.9598407805003704
0bd6d6221ad5b0eaff5e31da7344ce8a	d__Bacteria;p__Bacteroidota;c__Bacteroidia;o__Bacteroidales;f__Prevotellaceae;g__uncultured	0.9999871622995957
93e04651ee2156c1ba702b0480b0a9e7	d__Bacteria;p__Firmicutes;c__Bacilli;o__Entomoplasmatales;f__Entomoplasmatales_Incertae_Sedis;g__Candidatus_Hepatoplasma	0.9999985749833729
169dd018e73dd5a085c3cf28e7a58371	d__Bacteria;p__Bacteroidota;c__Bacteroidia;o__Bacteroidales;f__Dysgonomonadaceae;g__Dysgonomonas	0.994420615264502
24ff1a16277b8d4ef3b1f1f2f6cb42e1	d__Bacteria;p__Firmicutes;c__Clostridia;o__Clostridia_vadinBB60_group;f__Clostridia_vadinBB60_group;g__Clostridia_vadinBB60_group	0.9895392044333291
2e4d9105b00c7dd9a8454d533c0900db	d__Bacteria;p__Firmicutes;c__Clostridia;o__Clostridia;f__Hungateiclostridiaceae	0.9997802610406099
325b87491031b59966c891cc9bd29f87	d__Bacteria;p__Firmicutes;c__Clostridia;o__Peptostreptococcales-Tissierellales;f__Peptostreptococcaceae;g__Terrisporobacter	0.8816226795133913
7cbb1c2ab58c60b300b926401d9664f4	d__Bacteria;p__Proteobacteria;c__Alphaproteobacteria;o__Rhizobiales;f__Rhizobiaceae	0.9999884092981111
ddb04384ddbbaeb6405a497d9d3cab22	d__Bacteria;p__Verrucomicrobiota;c__Lentisphaeria;o__Victivallales;f__Victivallaceae;g__Victivallis	0.9954159499363728
98012ee1b95147eeece0c3d78fde740f	d__Bacteria;p__Bacteroidota;c__Bacteroidia;o__Bacteroidales;f__Prevotellaceae;g__Prevotellaceae_NK3B31_group	0.9247369778994765
36b12a150b38d0b865e00088570d1993	d__Bacteria	0.7695558744388432
35cd15d83fcd0e93488dd7cf315f1dd7	d__Bacteria;p__Proteobacteria;c__Gammaproteobacteria;o__Aeromonadales;f__Succinivibrionaceae;g__Succinivibrio	0.9996425497608711
6cd5915f607e2d945775b22bccf27cbb	d__Bacteria;p__Firmicutes;c__Clostridia;o__Peptostreptococcales-Tissierellales;f__Peptostreptococcaceae;g__Peptostreptococcus	0.9999997085139621
34899e1f517a94652b3c154cc50e620c	d__Bacteria;p__Firmicutes;c__Clostridia;o__Clostridiales;f__uncultured;g__uncultured	0.901634824696548
0fa976108f1b30c7044de86e5dc4f4f4	d__Bacteria;p__Actinobacteriota;c__Actinobacteria;o__Actinomycetales;f__Actinomycetaceae;g__uncultured	0.9999219574005364
1875d4e7a11ed24c92a865355693b86c	d__Bacteria;p__Firmicutes;c__Clostridia;o__Lachnospirales;f__Lachnospiraceae;g__[Eubacterium]_eligens_group	0.9999073099037228
d10f606be52e64446030d3b1925c2e67	d__Bacteria;p__Firmicutes;c__Clostridia;o__Lachnospirales;f__Lachnospiraceae;g__Agathobacter	0.9174042903043349
858d2a40fb53bafe098c0bb320102c2b	d__Bacteria;p__Cyanobacteria;c__Vampirivibrionia;o__Gastranaerophilales;f__Gastranaerophilales;g__Gastranaerophilales	0.9910783838778565
c79f0c98162194860fe4faea774c51f6	d__Bacteria;p__Bacteroidota;c__Bacteroidia;o__Bacteroidales;f__Prevotellaceae;g__Prevotella	0.9178853972083415
83edf891d20c85c030cbed3098585de6	d__Bacteria;p__Bacteroidota;c__Bacteroidia;o__Bacteroidales;f__Rikenellaceae;g__Rikenellaceae_RC9_gut_group	0.9712275156854425
4960dd197616f73b2f1f4f0cf88553f3	d__Bacteria;p__Firmicutes;c__Clostridia;o__Oscillospirales;f__Oscillospiraceae;g__NK4A214_group	0.99999688638121
c940db04c1f4338d9a233d2762f85140	d__Bacteria;p__Proteobacteria;c__Alphaproteobacteria;o__Rhodobacterales;f__Rhodobacteraceae;g__Pontibaca	0.8759964111844947
d160e3c33889b1f33ac7141249635143	d__Bacteria;p__Firmicutes;c__Thermacetogenia;o__Thermacetogeniales;f__Thermacetogeniaceae;g__Syntrophaceticus	0.8848776423717654
eac1ec3854a2cea1ed494097a8f1e33a	d__Bacteria;p__Firmicutes;c__Clostridia;o__Oscillospirales;f__[Eubacterium]_coprostanoligenes_group;g__[Eubacterium]_coprostanoligenes_group	0.9753370308730294
68f7808b903b459369a432b1ab7e8812	d__Bacteria;p__Firmicutes;c__Clostridia;o__Lachnospirales;f__Lachnospiraceae	0.9999998789044112
1a744b9f7924a7399b2363771dc6ede7	d__Bacteria;p__Bacteroidota;c__Bacteroidia;o__Bacteroidales;f__Prevotellaceae;g__Prevotellaceae_UCG-003	0.9631411629596315
d9ff3e931e9c5dab0df2a0238220e476	d__Bacteria;p__Bacteroidota;c__Bacteroidia;o__Bacteroidales;f__Rikenellaceae;g__Rikenellaceae_RC9_gut_group	0.9825278522005995
5338ea2523c1d13e1bc3ebbfaaa9f1ea	d__Bacteria;p__Bacteroidota;c__Bacteroidia;o__Bacteroidales;f__Muribaculaceae;g__Muribaculaceae	0.9999988720270673
51422df7093006223d737cd647728f1b	d__Bacteria;p__Bacteroidota;c__Bacteroidia;o__Bacteroidales;f__p-251-o5;g__p-251-o5	0.9999995381684742
4708c2c3e4874182e5e423cf10b4231e	d__Bacteria;p__Bacteroidota;c__Bacteroidia;o__Bacteroidales;f__Prevotellaceae;g__Alloprevotella	0.9261838560887206
377cc070415c65e368237cd8d217bf78	d__Bacteria;p__Bacteroidota;c__Bacteroidia;o__Bacteroidales;f__Dysgonomonadaceae;g__Fermentimonas	0.7817315580630725
9491df74571c1222ab148c30ccf9bd65	d__Bacteria;p__Spirochaetota;c__Spirochaetia;o__Spirochaetales;f__Spirochaetaceae;g__Sphaerochaeta	0.8355693976884804
2b479b4c6f1484cf9b1b173b5f8bd477	Unassigned	0.7660183284543788
b180d1b38513f347c1a7359aa3cab9c5	d__Bacteria;p__Bacteroidota;c__Bacteroidia;o__Bacteroidales;f__Tannerellaceae;g__Parabacteroides	0.9946376678716703
26a452a38a20d6210264537e72481d38	d__Bacteria;p__Bacteroidota;c__Bacteroidia;o__Bacteroidales;f__Prevotellaceae;g__uncultured	0.7985534214715095
623da843303902902a0084f3fec349d5	d__Bacteria;p__Firmicutes;c__Clostridia;o__Clostridiales;f__Clostridiaceae;g__Clostridium_sensu_stricto_1	0.981090129319116
4f7bdfdb0a7a9d5f225b2a9649b5e230	d__Bacteria;p__Firmicutes;c__Clostridia;o__Peptostreptococcales-Tissierellales;f__Peptostreptococcales-Tissierellales;g__Helcococcus	0.8415672426699258
3c8d8837cb914d56a4a9169d28da837a	d__Bacteria;p__Bacteroidota;c__Bacteroidia;o__Bacteroidales;f__Rikenellaceae;g__DMER64	0.9898342516096992
92293c7e950df0f83c6aba695129db15	d__Bacteria;p__Bacteroidota;c__Bacteroidia;o__Bacteroidales;f__Muribaculaceae;g__Muribaculaceae	0.9614659913129125
ed048f55260405d3df76408ce515ca58	d__Bacteria;p__Verrucomicrobiota;c__Kiritimatiellae;o__WCHB1-41;f__WCHB1-41;g__WCHB1-41	0.9999999999988234
774096afa9e2ec1645e8ef274500a0e0	d__Bacteria;p__Firmicutes;c__Clostridia;o__Clostridia;f__Hungateiclostridiaceae;g__Fastidiosipila	0.999664580326267
244a83c1f0932bc67b6e203c374ba161	d__Bacteria;p__Bacteroidota;c__Bacteroidia;o__Bacteroidales;f__Paludibacteraceae;g__uncultured	0.9392067505705012
9d09f4c7d459edd4696fee2e4f582562	d__Bacteria;p__Spirochaetota;c__Spirochaetia;o__Spirochaetales;f__Spirochaetaceae;g__Treponema	0.9994607807103513
31c6245e3bc8fd74a51af8c6473484cc	d__Bacteria	0.9915649479792615
60ff2b6abc0763021527faab9947480b	d__Bacteria;p__Spirochaetota;c__Spirochaetia;o__Spirochaetales;f__Spirochaetaceae;g__Sphaerochaeta	0.9999869799094455
6ed41a606d74410b77258114202fa78b	d__Bacteria;p__Firmicutes;c__Clostridia;o__Clostridia_vadinBB60_group;f__Clostridia_vadinBB60_group;g__Clostridia_vadinBB60_group	0.8966834611810707
541aca154246fef829285fd6d23cb3fa	d__Bacteria;p__Bacteroidota;c__Bacteroidia;o__Bacteroidales;f__Dysgonomonadaceae;g__Proteiniphilum	0.9771474119481656
19bdffba8a9d91f9b6290abf4c479e0e	d__Bacteria;p__Firmicutes;c__Clostridia;o__Peptostreptococcales-Tissierellales;f__Peptostreptococcales-Tissierellales;g__Tissierella	0.8134883269608986
20c5ae078a2874ab6443318409cc4847	d__Bacteria	0.7856453332629381
c2182c5e5a155555e0514b788cf764de	d__Bacteria;p__Firmicutes;c__Clostridia;o__Oscillospirales;f__Oscillospiraceae;g__Colidextribacter	0.78792455506871
80e60ba9950f5bf7574c9282a02773ca	d__Bacteria;p__Bacteroidota;c__Bacteroidia;o__Bacteroidales;f__Rikenellaceae;g__Rikenellaceae_RC9_gut_group	0.9886719190841969
0b1904d34e76f93a8c918c21f912e11d	d__Bacteria;p__Firmicutes;c__Clostridia;o__Clostridiales;f__Clostridiaceae;g__Clostridium_sensu_stricto_1	0.7912939148509757
6598da9732bbcb4c1cf4b4dbe50d2658	d__Bacteria;p__Firmicutes;c__Clostridia;o__Peptostreptococcales-Tissierellales;f__Peptostreptococcales-Tissierellales;g__Alkaliphilus	0.9992605687640861
a139ae59089a8a489e5f4c2b9693584e	d__Bacteria;p__Firmicutes;c__Clostridia;o__Peptostreptococcales-Tissierellales;f__Peptostreptococcales-Tissierellales;g__Tissierella	0.9998273331530357
bf2c90fe7c330ed0376cd04d5293c082	Unassigned	0.8108078187041159
fe0bbe5207db8c0d07bb82078c2956bc	d__Bacteria;p__Firmicutes;c__Clostridia;o__Clostridiales;f__Clostridiaceae;g__Clostridium_sensu_stricto_1	0.8166575147154843
c09642e802b255915671ac05b1ca9ee1	d__Archaea;p__Euryarchaeota;c__Methanobacteria;o__Methanobacteriales;f__Methanobacteriaceae;g__Methanobrevibacter	0.7424872596325098
a2728e772cbe68b82d1cf679e53e7cb2	d__Bacteria;p__Firmicutes;c__Bacilli;o__Bacillales;f__Bacillaceae;g__Oceanobacillus	0.9193724156772869
cba4c745d6102a5c11c7975ff2dbcd65	d__Bacteria	0.9999999994971079
dbb34732d78f11d481ad74be88fedd15	d__Bacteria;p__Firmicutes;c__Clostridia;o__Clostridia;f__Hungateiclostridiaceae;g__Fastidiosipila	0.8543524694303906
7b2ddec6728e5c519a259162672e3549	d__Bacteria;p__Firmicutes;c__Negativicutes;o__Veillonellales-Selenomonadales;f__Selenomonadaceae;g__Mitsuokella	0.9999633971090037
b0553a7cf3e72573824b0dacf2747ae5	d__Bacteria;p__Firmicutes;c__Clostridia;o__Peptostreptococcales-Tissierellales;f__Anaerovoracaceae;g__Family_XIII_AD3011_group	0.9763803752330497
71f80aa92215a77c688db677cc544d1f	d__Bacteria;p__Firmicutes;c__Clostridia;o__Peptococcales;f__Peptococcaceae;g__Peptococcus	0.999999275961904
f5ca4ad3495dde139d6873cfc9047964	d__Bacteria;p__Firmicutes;c__Bacilli;o__Lactobacillales;f__Lactobacillaceae;g__Lactobacillus	0.9965402442378266
c71cf58338f250251ebfa6bb33dc872c	d__Bacteria;p__Firmicutes;c__Clostridia;o__Peptococcales;f__Peptococcaceae;g__uncultured	0.9970459407265251
9016ce740fdf958d460dc6467eb4b8f6	d__Bacteria;p__Chloroflexi;c__Chloroflexia;o__Thermomicrobiales;f__JG30-KF-CM45;g__JG30-KF-CM45	0.9999999999997241
e21e94344f6538212dc27fc7742d89c0	d__Bacteria;p__Bacteroidota;c__Bacteroidia;o__Bacteroidales;f__Prevotellaceae;g__Prevotellaceae_UCG-003	0.9996451736878501
d05ecb73670a3ddded08d16ba97b46a1	d__Bacteria;p__Proteobacteria;c__Gammaproteobacteria;o__Xanthomonadales;f__Xanthomonadaceae;g__Stenotrophomonas	0.9999945737034263
2c96db67723eb1e2d246db777c61e37e	d__Bacteria;p__Bacteroidota;c__Bacteroidia;o__Bacteroidales;f__Tannerellaceae;g__Parabacteroides	0.9011237348916967
28fc1ea429850c114d6505a689c4b6ce	d__Bacteria;p__Firmicutes;c__Clostridia;o__Peptostreptococcales-Tissierellales;f__Peptostreptococcales-Tissierellales;g__Tissierella	0.8326596788454702
978efdb4b492b3583a4656a21323c30f	d__Bacteria;p__Planctomycetota;c__Planctomycetes;o__Pirellulales;f__Pirellulaceae;g__Roseimaritima	0.725343325790441
77d567b9a0d5bb7cee52182b45a0e960	d__Bacteria;p__Bacteroidota;c__Bacteroidia;o__Bacteroidales;f__Rikenellaceae;g__Rikenellaceae_RC9_gut_group	0.973072592925098
51e5ba306665e58f1e3e1541cfe21214	d__Bacteria;p__Firmicutes;c__Clostridia;o__Oscillospirales;f__Ruminococcaceae;g__Ruminococcus	0.9988141142272167
4a9adcac2677298a7cf6cad82c3be753	d__Bacteria;p__Actinobacteriota;c__Actinobacteria;o__Micrococcales;f__Microbacteriaceae;g__Leucobacter	0.8542444837095474
c15fda90a76d68dc8a66fdeec7765c8f	d__Bacteria;p__Firmicutes;c__Clostridia;o__Clostridiales;f__Clostridiaceae	0.9974517569614931
cf4ee2e565ebc4c61755f9532a1c7d23	d__Bacteria;p__Bacteroidota;c__Bacteroidia;o__Flavobacteriales;f__Flavobacteriaceae;g__Flavobacterium	0.9651172680456097
59a2599796ffbc9fd0e7625b9af6aad4	d__Bacteria;p__Firmicutes;c__Clostridia;o__Clostridiales;f__Clostridiaceae;g__Clostridium_sensu_stricto_1	0.9999269058610434
5b0fe31ff9dd5e44f736f0e847b9a185	d__Bacteria;p__Firmicutes;c__Clostridia;o__Clostridia_UCG-014;f__Clostridia_UCG-014;g__Clostridia_UCG-014	0.9999999999999389
cc42f63cc04e933a86a13e4fa9fbfd49	d__Bacteria;p__Bacteroidota;c__Bacteroidia;o__Bacteroidales;f__Prevotellaceae;g__Prevotella	0.7181720780670162
09a4e3a8cdacebaf3ff28a44eae4af1b	d__Bacteria;p__Bacteroidota;c__Bacteroidia;o__Bacteroidales;f__Prevotellaceae;g__Prevotellaceae_UCG-003	0.9993793871415377
35f8e44777d44c7278160fa805c09a16	d__Bacteria;p__Cyanobacteria;c__Vampirivibrionia;o__Gastranaerophilales;f__Gastranaerophilales;g__Gastranaerophilales	0.9907360824133258
aba8c17e313c37c938998554292445ba	d__Bacteria;p__Proteobacteria;c__Gammaproteobacteria;o__Burkholderiales;f__Oxalobacteraceae	0.9999999972211976
1e9cfadef98f2f011b86c793d1179c2c	d__Archaea;p__Thermoplasmatota;c__Thermoplasmata;o__Methanomassiliicoccales;f__Methanomethylophilaceae;g__Candidatus_Methanomethylophilus	0.9999845856178525
4fbfcc1ea6e49c72975b17a3d42e3a17	d__Bacteria;p__Bacteroidota;c__Bacteroidia;o__Bacteroidales;f__Paludibacteraceae;g__uncultured	0.9952758360870991
f908f6ab9b02c45df4da7616cd33b71a	d__Bacteria;p__Firmicutes;c__Bacilli;o__Erysipelotrichales;f__Erysipelotrichaceae;g__[Anaerorhabdus]_furcosa_group	0.8290728281296945
e35bf8b6cf5d788c73a2902e0091ee59	d__Bacteria;p__Firmicutes;c__Clostridia;o__Peptostreptococcales-Tissierellales;f__Peptostreptococcales-Tissierellales;g__Peptoniphilus	0.9359666971668673
966a2d996d381f291b866e3288b8c51e	d__Bacteria;p__Firmicutes;c__Clostridia;o__Peptostreptococcales-Tissierellales;f__Peptostreptococcales-Tissierellales;g__Tissierella	0.9997628300305508
96bbf8347886c6744ddc3e2e293bc05c	d__Bacteria;p__Firmicutes;c__Clostridia;o__Peptostreptococcales-Tissierellales;f__Peptostreptococcaceae;g__Terrisporobacter	0.9924171771034628
0f34f68c51ab7e22629afdf709cdd075	d__Bacteria;p__Firmicutes;c__Clostridia;o__Oscillospirales;f__Oscillospiraceae;g__NK4A214_group	0.8450197843147688
8075f8cf8a0d5ee1d8b10b2e9831751d	d__Bacteria;p__Firmicutes;c__Clostridia;o__Clostridia_UCG-014;f__Clostridia_UCG-014;g__Clostridia_UCG-014	0.9999999999983156
b41411044d8a235c5552a3747f9f764d	d__Bacteria;p__Firmicutes;c__Bacilli;o__Bacillales;f__Planococcaceae;g__Savagea	0.9974268397212057
e00143896d8abc413b5832a8652068bd	Unassigned	0.7551825776347452
bd24434756c74dbbee32e798f619ddfe	d__Bacteria;p__Firmicutes;c__Bacilli;o__Acholeplasmatales;f__Acholeplasmataceae;g__Acholeplasma	0.9998640252473979
b14ac88b7000808b03075fe009b7135b	d__Bacteria;p__Firmicutes;c__Clostridia;o__Eubacteriales;f__Garciellaceae;g__Irregularibacter	0.9965105572911314
ace5a2065aa01b7264e846a1b30970eb	d__Bacteria;p__Firmicutes;c__Bacilli;o__Lactobacillales;f__Carnobacteriaceae;g__Atopostipes	0.9999994175496394
d094be7ad02c3c27c3f04faf4a22701f	d__Bacteria;p__Verrucomicrobiota;c__Kiritimatiellae;o__WCHB1-41;f__WCHB1-41;g__WCHB1-41	0.9612472820696478
49eae66286202023186c0e12069b117b	d__Bacteria;p__Bacteroidota;c__Bacteroidia;o__Bacteroidales;f__Muribaculaceae;g__Muribaculaceae	0.9998066787604487
d165af3af18aab3f66d8624ce75e0645	d__Bacteria;p__Bacteroidota;c__Bacteroidia;o__Bacteroidales;f__Rikenellaceae;g__Rikenellaceae_RC9_gut_group	0.9684949101099829
41ddffbc625b0210b3cce619e3428646	d__Bacteria;p__SAR324_clade(Marine_group_B);c__SAR324_clade(Marine_group_B);o__SAR324_clade(Marine_group_B);f__SAR324_clade(Marine_group_B);g__SAR324_clade(Marine_group_B)	0.7857620551033405
406c767d19e3613b7382791a9b2c4fe6	d__Bacteria;p__Bacteroidota;c__Bacteroidia;o__Bacteroidales;f__Prevotellaceae;g__Prevotellaceae_UCG-003	0.9967452416573022
eee86a1e48f160528f3ee39b32cccaf1	d__Bacteria;p__Bacteroidota;c__Bacteroidia;o__Bacteroidales;f__Muribaculaceae;g__Muribaculaceae	0.9945756162244751
ac09dcdd0caf009c55c2344d94342d3e	d__Bacteria;p__Firmicutes;c__Bacilli;o__Lactobacillales;f__Lactobacillaceae;g__Lactobacillus	0.9577596856121396
1d5e6a1bd88ecd73b2f0e478c992c7fa	d__Bacteria	0.999999999994837
ac620bec5a3b235fc1a1e5845931ed36	d__Bacteria;p__Bacteroidota;c__Bacteroidia;o__Bacteroidales;f__Marinilabiliaceae;g__uncultured	0.9727612417098183
0e0d71add4cb660749de155174d9412b	d__Bacteria;p__Bacteroidota;c__Bacteroidia;o__Bacteroidales;f__Prevotellaceae;g__Prevotella	0.7708516122191439
509051c2a2ba1721570712b2b26cb232	d__Bacteria;p__Firmicutes;c__Clostridia;o__Lachnospirales;f__Lachnospiraceae	0.99999924485375
1a26defba6c68a539ce158cf8cdfa716	d__Bacteria;p__Firmicutes;c__Clostridia;o__Oscillospirales;f__Oscillospiraceae;g__Oscillibacter	0.9876343000909307
88943933f43f7ceec7c44dc752e75fbc	d__Bacteria;p__Verrucomicrobiota;c__Lentisphaeria;o__Victivallales;f__Victivallaceae;g__Victivallaceae	0.9999588286871679
5a1c3444990181447f66c6ef646a5b56	d__Bacteria;p__Firmicutes;c__Clostridia;o__Peptococcales;f__Peptococcaceae;g__Peptococcus	0.9999998098728508
6a2de0bc35b04b0637d35531666cb3f5	d__Bacteria;p__Firmicutes;c__Clostridia;o__Oscillospirales;f__Ruminococcaceae;g__Ruminococcus	0.8594240507448176
517db1a64ffa197f96ff1daf221c317b	d__Bacteria;p__Firmicutes;c__Clostridia;o__Clostridia;f__Hungateiclostridiaceae;g__Fastidiosipila	0.9954708818314495
f3c02c91f5d145cbacc6ee14e5528de8	d__Bacteria;p__Bacteroidota;c__Bacteroidia;o__Bacteroidales;f__Paludibacteraceae;g__uncultured	0.9922861761624229
ba6d2a01875ca8df353033549fa8f764	d__Bacteria;p__Spirochaetota;c__Spirochaetia;o__Spirochaetales;f__Spirochaetaceae;g__Sphaerochaeta	0.9998337437236883
1035d8d7627198030a6020c3666f2174	d__Bacteria;p__Synergistota;c__Synergistia;o__Synergistales;f__Synergistaceae;g__uncultured	0.9697834186060768
bf37c87f8841a9f1a2cd20db4fa18b74	d__Bacteria;p__Firmicutes;c__Clostridia;o__Oscillospirales;f__Oscillospiraceae;g__UCG-002	0.899444758768897
6dfe5af2ead54a5fcf5e30604fec00f8	d__Bacteria;p__Firmicutes;c__Clostridia;o__Oscillospirales;f__Ruminococcaceae;g__Ruminococcus	0.9995168792215495
fdf354f573da16b2b26948deb5f3c55e	d__Bacteria;p__Bacteroidota;c__Bacteroidia;o__Bacteroidales;f__Bacteroidaceae;g__Bacteroides	0.7050559829095391
cda89730286c68deb833d82780ee793f	d__Bacteria;p__Verrucomicrobiota;c__Kiritimatiellae;o__WCHB1-41;f__WCHB1-41;g__WCHB1-41	0.9766618484628318
64b971046b7b004d3e2111525170a0d1	d__Bacteria;p__Bacteroidota;c__Bacteroidia;o__Bacteroidales;f__Prevotellaceae;g__Alloprevotella	0.9999997726081037
3196b798d570fee906ce06b3c459242d	d__Bacteria;p__Firmicutes;c__Clostridia;o__Clostridiales;f__Clostridiaceae;g__Clostridium_sensu_stricto_1	0.7871335986965904
874069c6217015b6398ff87b8e2d1a83	d__Bacteria;p__Bacteroidota;c__Bacteroidia;o__Bacteroidales;f__Prevotellaceae;g__Prevotellaceae_UCG-003	0.9991283019628082
49df2b70eb94dd47fd5f42d36a2ba34c	d__Bacteria;p__Firmicutes;c__Clostridia;o__Peptostreptococcales-Tissierellales;f__Peptostreptococcaceae;g__Terrisporobacter	0.9834526401383972
4a8875698d943a13f6cb2bddef0a1b04	d__Bacteria	0.8099707588774537
684fc37f8c38f4380cfbf8a7431fc8c7	d__Bacteria	0.7788908119874683
de3fe06c3cf60eb65b084043bbdd6dc8	d__Bacteria;p__Firmicutes;c__Clostridia;o__Peptostreptococcales-Tissierellales;f__Fusibacteraceae;g__Fusibacter	0.9390661831193283
29d6145407c088c8fbc6ad0150f5f428	d__Bacteria;p__Bacteroidota;c__Bacteroidia;o__Bacteroidales;f__Rikenellaceae	0.9999999999832403
620eaa1821921e7017713423d24cf5b7	d__Bacteria;p__Bacteroidota;c__Bacteroidia;o__Bacteroidales;f__Tannerellaceae;g__Parabacteroides	0.9868737511390883
4f667356ac59f0d6537bdc0e7054204a	d__Bacteria;p__Firmicutes;c__Bacilli;o__Mycoplasmatales;f__Mycoplasmataceae;g__Mycoplasma	0.999999952728733
b8c4311b2fde571a4f85325d27bcf7e1	d__Bacteria;p__Actinobacteriota;c__Actinobacteria;o__Corynebacteriales;f__Corynebacteriaceae;g__Corynebacterium	0.830511004469095
21e2460c0e716dca827510390587cd9e	d__Bacteria;p__Actinobacteriota;c__Actinobacteria;o__Bifidobacteriales;f__Bifidobacteriaceae;g__Bifidobacterium	0.999529232576448
f9bf3916bd9338d47f2ab0e9ec9b89fa	d__Bacteria;p__Firmicutes;c__Clostridia;o__Clostridiales;f__Clostridiaceae;g__Clostridium_sensu_stricto_1	0.8312255060511314
22a5b2d604074e7db26a67bc8afba437	d__Bacteria;p__Firmicutes;c__Clostridia;o__Lachnospirales;f__Lachnospiraceae;g__Roseburia	0.9619014582832264
f055a61c8d895bc6462437925098193d	d__Bacteria;p__Firmicutes;c__Clostridia;o__Lachnospirales;f__Lachnospiraceae	0.9994178018109726
7b2a6337447d17228d5c819cbaa8c941	Unassigned	0.345908272733352
b45f833a508a2873526210cd23fb8750	d__Bacteria;p__Bacteroidota;c__Bacteroidia;o__Bacteroidales;f__Prevotellaceae;g__Prevotellaceae_NK3B31_group	0.9941775325031736
40258eb7fcf932d687675340473ee319	d__Bacteria;p__Bacteroidota;c__Bacteroidia;o__Bacteroidales;f__Prevotellaceae;g__Prevotellaceae_UCG-003	0.9997667441830453
22f4ee9a41a4d73580bf7ade8e9e017a	d__Bacteria;p__Firmicutes;c__Clostridia;o__Oscillospirales;f__Ruminococcaceae;g__Faecalibacterium	0.9999973703745085
1b0d6faa006bca9e23aa4d04abe923f5	d__Bacteria;p__Bacteroidota;c__Bacteroidia;o__Bacteroidales;f__Prevotellaceae;g__Alloprevotella	0.9999994115083579
734dcd020504800d8042434e28b57298	d__Bacteria;p__Firmicutes;c__Clostridia;o__Oscillospirales;f__Ruminococcaceae;g__Faecalibacterium	0.9999986686612731
08b73661fb8b94854ee83d692130c972	d__Bacteria;p__Firmicutes;c__Clostridia;o__Clostridia_UCG-014;f__Clostridia_UCG-014;g__Clostridia_UCG-014	0.9999999999999712
7c4ec542e298a346f748b27f39c13679	d__Bacteria;p__Firmicutes;c__Clostridia;o__Christensenellales;f__Christensenellaceae;g__Christensenellaceae_R-7_group	0.9996496958322719
82a3afe973ef91412f9504227179d754	d__Bacteria;p__Bacteroidota;c__Bacteroidia;o__Bacteroidales;f__Tannerellaceae;g__Parabacteroides	0.9940412941946464
82ad6cd089d35cc6381fa7ba7538045d	d__Bacteria;p__Bacteroidota;c__Bacteroidia;o__Bacteroidales;f__Tannerellaceae;g__Parabacteroides	0.9821124123419137
11b70be70ea78bcaabe0149be69403ae	d__Bacteria;p__Proteobacteria;c__Gammaproteobacteria;o__Aeromonadales;f__Succinivibrionaceae;g__Succinivibrionaceae_UCG-001	0.9394998406759194
ca9820c786278b2701d9d0acd9565a55	d__Bacteria;p__Firmicutes;c__Clostridia;o__Lachnospirales;f__Lachnospiraceae	0.9999993433454124
f5090629d1f90d8246afa6d64628838e	d__Bacteria;p__Firmicutes;c__Clostridia;o__Lachnospirales;f__Lachnospiraceae;g__Acetitomaculum	0.9683243228332928
e9eefc3c415aa6862ea48e206d747453	d__Bacteria;p__Firmicutes;c__Clostridia;o__Oscillospirales;f__Oscillospiraceae;g__Oscillospira	0.9721511013393589
f343bf11b9e7b6ecc170129a3a772d84	d__Bacteria;p__Firmicutes;c__Clostridia;o__Clostridiales;f__Clostridiaceae;g__Clostridium_sensu_stricto_1	0.7706265639095526
e01ccd749960b04699eef783119e25ae	d__Bacteria;p__Proteobacteria;c__Gammaproteobacteria;o__Pseudomonadales;f__Pseudomonadaceae;g__Pseudomonas	0.9999633159856635
826c52a4530931f6ecbaf8042b62c3fa	d__Bacteria;p__Firmicutes;c__Clostridia;o__Peptostreptococcales-Tissierellales;f__Peptostreptococcaceae;g__Terrisporobacter	0.9955262632214835
94b51e4d3cd9c11f4295019c56c54fff	d__Bacteria;p__Firmicutes;c__Clostridia;o__Oscillospirales;f__Ruminococcaceae;g__Fournierella	0.9999525078404623
da2afbbd1046cee0123c9cebdb84a672	d__Bacteria;p__Firmicutes;c__Clostridia;o__Oscillospirales;f__UCG-010;g__UCG-010	0.9999997866133438
9b0462a1574df1767ab93755e4d2663a	d__Bacteria;p__Firmicutes;c__Bacilli;o__Erysipelotrichales;f__Erysipelatoclostridiaceae;g__UCG-004	0.9999996792032507
99219bf20f2881ab432c1b11b286deab	d__Bacteria;p__Campilobacterota;c__Campylobacteria;o__Campylobacterales;f__Campylobacteraceae;g__Campylobacter	0.9999999999907907
16de828a01de17e764d189b0422d7f7b	d__Bacteria;p__Firmicutes;c__Clostridia;o__Clostridiales;f__Clostridiaceae;g__Clostridium_sensu_stricto_1	0.9996796042155651
0d238732ed4ca56e6a8170728a6d6564	d__Bacteria;p__Firmicutes;c__Clostridia;o__Oscillospirales;f__Oscillospiraceae;g__Oscillospira	0.9779426790348229
4786464ceb70e9b19139165b0825a788	d__Bacteria;p__Firmicutes;c__Clostridia;o__Oscillospirales;f__Oscillospiraceae;g__UCG-005	0.9334707978656825
45ce8bcca6dec8ed6f2b8388b2d2ee9e	d__Bacteria;p__Firmicutes;c__Clostridia;o__Peptococcales;f__Peptococcaceae;g__Desulfonispora	0.9839266236739573
fdf41b1246e39460788124964cccabd9	d__Bacteria;p__Firmicutes;c__Clostridia;o__Eubacteriales;f__Garciellaceae;g__Irregularibacter	0.809294636268694
9369249ae04dd286da720972673ffdaf	d__Bacteria;p__Bacteroidota;c__Bacteroidia;o__Bacteroidales;f__Muribaculaceae;g__Muribaculaceae	0.7467642214977208
ae28d1972f4302d4babd4b3545f457af	d__Bacteria;p__Desulfobacterota;c__Desulfovibrionia;o__Desulfovibrionales;f__Desulfovibrionaceae;g__Desulfovibrio	0.9934779650119256
e0dd7276ba971adc80c2b8ba082647b2	d__Bacteria;p__Firmicutes;c__Clostridia;o__Oscillospirales;f__Oscillospiraceae;g__uncultured	0.7344465113919769
cc877b5bbbedc093eecfb4e28097e256	d__Bacteria;p__Firmicutes;c__Clostridia;o__Oscillospirales;f__[Eubacterium]_coprostanoligenes_group;g__[Eubacterium]_coprostanoligenes_group	0.999969524847917
d462f4225560a913113f962a701fc386	d__Bacteria;p__Bacteroidota;c__Bacteroidia;o__Bacteroidales;f__Bacteroidaceae;g__Bacteroides	0.9987664004016854
8275431dbfe25df5960e335a1497603e	d__Bacteria;p__Bacteroidota;c__Bacteroidia;o__Bacteroidales;f__Tannerellaceae;g__Parabacteroides	0.9998219191287394
93675000d08a03ba40b26fb565f3b5fc	d__Bacteria;p__Firmicutes;c__Clostridia;o__Peptostreptococcales-Tissierellales;f__Peptostreptococcales-Tissierellales;g__Alkaliphilus	0.8262103644042762
85dd55b888db4858c24435f0ecae7c91	d__Bacteria;p__Firmicutes;c__Clostridia;o__Clostridia;f__Hungateiclostridiaceae;g__Fastidiosipila	0.9920469474796129
28845d2c00d9726e93a5fb4834c5867c	d__Bacteria;p__Firmicutes;c__Clostridia;o__Christensenellales;f__Christensenellaceae;g__Christensenellaceae_R-7_group	0.9807695563331688
c23754eea56df03e86577b31f6dff6be	d__Bacteria;p__Bacteroidota;c__Bacteroidia;o__Flavobacteriales;f__Flavobacteriaceae;g__Flavobacterium	0.9424765493526023
b8b7de06f54d83e9b2e2488c952ef87a	d__Bacteria;p__Bacteroidota;c__Bacteroidia;o__Bacteroidales;f__Marinilabiliaceae;g__uncultured	0.9594294957538682
793b4d3ce62bbe3a09df221924e8f740	d__Bacteria;p__Firmicutes;c__Clostridia;o__Peptostreptococcales-Tissierellales;f__Peptostreptococcales-Tissierellales;g__Anaerosalibacter	0.9224424160180158
0e64a3caa5adeb3fed2a7e72f1a77395	d__Bacteria;p__Firmicutes;c__Bacilli;o__Acholeplasmatales;f__Acholeplasmataceae;g__Acholeplasma	0.9998901952055277
9997f9eb95095aaa5b6ce9f60fbf0cf0	d__Bacteria;p__Firmicutes;c__Clostridia;o__Peptostreptococcales-Tissierellales;f__Peptostreptococcales-Tissierellales;g__Tissierella	0.9548514801463919
584ed94394f9cbc3a3f28b99f078b295	d__Bacteria;p__Bacteroidota;c__Bacteroidia;o__Bacteroidales;f__Bacteroidaceae;g__Bacteroides	0.9999999677293948
e2293b3332d54434932b596c8d0a7771	d__Bacteria;p__Firmicutes;c__Clostridia;o__Clostridia;f__Hungateiclostridiaceae;g__Fastidiosipila	0.8661871950803907
fe3605e4747b77d38159d07edbda8112	d__Bacteria;p__Spirochaetota;c__Spirochaetia;o__Spirochaetales;f__Spirochaetaceae;g__Sphaerochaeta	0.9969353278290669
3021908536eadcf66a83807c62bab79a	d__Bacteria;p__Firmicutes;c__Clostridia;o__Lachnospirales;f__Lachnospiraceae;g__Cellulosilyticum	0.9199786481697916
ee6e558233cb038d77f65cec5519bb32	d__Bacteria;p__Bacteroidota;c__Bacteroidia;o__Bacteroidales;f__Prevotellaceae;g__Prevotellaceae_NK3B31_group	0.8352377681096842
14249fe1429441597a4ef8a90f3b83b9	d__Bacteria;p__Firmicutes;c__Clostridia;o__Oscillospirales;f__Oscillospiraceae;g__UCG-005	0.8863649301575136
8b959be4447e4af164c041f944baeb09	d__Bacteria;p__Firmicutes;c__Clostridia;o__Clostridia_UCG-014;f__Clostridia_UCG-014;g__Clostridia_UCG-014	0.7612106401921983
ad33b11e61744aec9176502764cefc8f	d__Bacteria;p__Firmicutes;c__Clostridia;o__Peptostreptococcales-Tissierellales;f__Peptostreptococcales-Tissierellales;g__Alkaliphilus	0.9999999974167134
3e8cf843ae1e99d8a13f65659dcc103d	d__Bacteria	0.8607605013114583
ef56165261c77b8c2b9e3dbd93a047fd	d__Bacteria	0.9999999999981299
e80a41bf5d00d9ad8ca380bb6ec1a8eb	d__Bacteria;p__Bacteroidota;c__Bacteroidia;o__Bacteroidales;f__Prevotellaceae;g__Alloprevotella	0.9999998551255195
6638762fecb9712d280d77e8770509ed	d__Archaea;p__Euryarchaeota;c__Methanobacteria;o__Methanobacteriales;f__Methanobacteriaceae;g__Methanosphaera	0.9999989069804125
ab65862f22f4736096ca6333733c392c	d__Bacteria;p__Firmicutes;c__Clostridia;o__Oscillospirales;f__Ruminococcaceae;g__Ruminococcus	0.9969065591516405
cd32ed310b6ed0adc5a70303662cc225	d__Bacteria;p__Bacteroidota;c__Bacteroidia;o__Bacteroidales;f__Rikenellaceae;g__Rikenellaceae_RC9_gut_group	0.9997341061968124
d19a18e4a7ec1c9a31a693e4970051f9	d__Bacteria;p__Proteobacteria;c__Alphaproteobacteria;o__Rhodobacterales;f__Rhodobacteraceae;g__Paracoccus	0.996525495945804
94d918bc739b20125ea0ea4f2cad79c3	d__Bacteria;p__Actinobacteriota;c__Actinobacteria;o__Corynebacteriales;f__Corynebacteriaceae;g__Corynebacterium	0.8101797957200683
d1bbe596fda6d12babb904d80d2f002b	d__Bacteria;p__Firmicutes;c__Clostridia;o__Peptostreptococcales-Tissierellales;f__Peptostreptococcaceae;g__Terrisporobacter	0.9896790337423103
7fa5162a270a729018e7613fd901faa7	d__Bacteria;p__Bacteroidota;c__Bacteroidia;o__Bacteroidales;f__Prevotellaceae;g__Prevotellaceae_UCG-003	0.9999032872881191
c3b1dc6cb1deaddaf55724b515e4b4e5	d__Bacteria;p__Bacteroidota;c__Bacteroidia;o__Bacteroidales;f__Prevotellaceae;g__Alloprevotella	0.9999993826323165
271dad07ed2f3e468d8fc2a8ea0c623c	d__Bacteria;p__Firmicutes;c__Bacilli;o__Acholeplasmatales;f__Acholeplasmataceae;g__Acholeplasma	0.9999999979075653
abe451a7864ca34b9d032a322e912a3e	d__Bacteria;p__Verrucomicrobiota;c__Kiritimatiellae;o__WCHB1-41;f__WCHB1-41;g__WCHB1-41	0.9786677914967518
5543c95bc3023e096917e1b33e18c759	d__Bacteria;p__Bacteroidota;c__Bacteroidia;o__Bacteroidales;f__Prevotellaceae;g__Alloprevotella	0.9999999999577915
f3c7917443c354845df7f24b5a827aa5	d__Bacteria	0.952551619372989
e523afc1a9babfbcbc1f9c22cb301295	d__Bacteria;p__Actinobacteriota;c__Actinobacteria;o__Corynebacteriales;f__Corynebacteriaceae;g__Corynebacterium	0.9283392003224237
c4d2dab8526bddef7cdeacad4d1242a1	d__Bacteria;p__Bacteroidota;c__Bacteroidia;o__Bacteroidales;f__Marinifilaceae;g__Odoribacter	0.8986013916285716
c18813def2c8449008174e4309c6087c	d__Bacteria;p__Bacteroidota;c__Bacteroidia;o__Bacteroidales;f__Prevotellaceae;g__Alloprevotella	0.7768785097599399
bc9912dfd202a7ef217a1a98ab3d19a1	d__Bacteria;p__Bacteroidota;c__Bacteroidia;o__Bacteroidales;f__Prevotellaceae;g__Prevotellaceae_UCG-003	0.9999106800839187
501c883a1ae0f30e3edc12fd0ac06d2a	d__Bacteria;p__Firmicutes;c__Clostridia;o__Oscillospirales;f__Butyricicoccaceae;g__UCG-008	0.7308948562526767
9d70d961f5b25736509c8d065ffcc1a1	d__Bacteria;p__Bacteroidota;c__Bacteroidia;o__Bacteroidales;f__Rikenellaceae;g__Rikenellaceae_RC9_gut_group	0.9997843612171881
d00e946e69f721414cec779217681753	d__Bacteria;p__Firmicutes;c__Clostridia;o__Oscillospirales;f__Oscillospiraceae;g__uncultured	0.969739623991457
08b4e00936b7f2f4433c67234d1e96d0	d__Bacteria;p__Firmicutes;c__Clostridia;o__Clostridia_vadinBB60_group;f__Clostridia_vadinBB60_group;g__Clostridia_vadinBB60_group	0.9999999418255696
e6a28dc4397df9e06617c8925263ed1a	d__Bacteria;p__Cyanobacteria;c__Vampirivibrionia;o__Gastranaerophilales;f__Gastranaerophilales;g__Gastranaerophilales	0.9598431913941563
b3a4aff8129bf245724a74fce7ae5880	d__Bacteria;p__Firmicutes;c__Bacilli;o__Erysipelotrichales;f__Erysipelotrichaceae;g__uncultured	0.9999921024715163
5f3cb34fe48b325117a24ae947b58e06	d__Bacteria;p__Bacteroidota;c__Bacteroidia;o__Flavobacteriales;f__Flavobacteriaceae;g__Ulvibacter	0.9999980833514606
bcc04e515ecdcfed34edc5a0eae5b667	d__Bacteria;p__Firmicutes;c__Clostridia;o__Oscillospirales;f__Oscillospiraceae;g__Colidextribacter	0.9662685307777155
a36e49ca7d470012e8c8380183b61036	d__Bacteria;p__Firmicutes;c__Bacilli;o__RF39;f__RF39;g__RF39	0.7582024377435763
a52628ce2ac4f7e3083980262b5318ce	d__Bacteria;p__Firmicutes;c__Clostridia;o__Lachnospirales;f__Lachnospiraceae;g__Lachnospiraceae_NK4A136_group	0.912861186434615
156913ee19008535b006bfba428ff286	d__Bacteria;p__Firmicutes;c__Clostridia;o__Clostridia;f__Hungateiclostridiaceae;g__Fastidiosipila	0.9895513724372563
b4a1158d18b7accae736632e077765ff	d__Bacteria;p__Verrucomicrobiota;c__Kiritimatiellae;o__WCHB1-41;f__WCHB1-41;g__WCHB1-41	0.7224436065276574
25372d17d2e1d698cd711c9fa89af672	d__Bacteria;p__Firmicutes;c__Clostridia;o__Oscillospirales;f__Ruminococcaceae;g__Incertae_Sedis	0.851173140737753
0f83c25f07675c3051b8219e28a41a34	d__Bacteria;p__Bacteroidota;c__Bacteroidia;o__Bacteroidales;f__Prevotellaceae;g__Prevotellaceae_UCG-001	0.9994197563506687
6cc9fc058c1da0393e637079fdd54dba	d__Bacteria;p__Firmicutes;c__Negativicutes;o__Veillonellales-Selenomonadales;f__Selenomonadaceae;g__Anaerovibrio	0.9999999794315924
1d0f043ade319c76efba691acabcc36a	d__Bacteria;p__Actinobacteriota;c__Actinobacteria;o__Micrococcales;f__Microbacteriaceae;g__Leucobacter	0.9948330864682687
dff5ba75609f1755c4bb71a4648e8d0a	d__Bacteria;p__Spirochaetota;c__Spirochaetia;o__Spirochaetales;f__Spirochaetaceae;g__Sphaerochaeta	0.9994379581269629
4afc294aec42123deaec4055f3c8b90d	d__Bacteria;p__Firmicutes;c__Clostridia;o__Oscillospirales;f__UCG-010;g__UCG-010	0.9999996459315931
72b10adaf065341a8814022b743928c5	d__Bacteria;p__Firmicutes;c__Bacilli;o__Acholeplasmatales;f__Acholeplasmataceae;g__Acholeplasma	0.993073055479017
6a6203c3f664c60874554bd161865610	d__Bacteria;p__Firmicutes;c__Clostridia;o__Oscillospirales;f__Oscillospiraceae;g__NK4A214_group	0.9274124232671463
3b6210467ecb0f1e974d15040a80c0c8	d__Bacteria;p__Actinobacteriota;c__Coriobacteriia;o__Coriobacteriales;f__uncultured;g__uncultured	0.9983726651018014
2dd3d28b8bcefe0b263b3d6caf8b29a6	d__Bacteria;p__Firmicutes;c__Negativicutes;o__Veillonellales-Selenomonadales;f__Veillonellaceae;g__Megasphaera	0.9772897684525936
c6730cbb927aa5f9712b77e32429fc78	d__Bacteria;p__Firmicutes;c__Clostridia;o__Oscillospirales;f__UCG-010;g__UCG-010	0.9999999795388943
1d6cda616e1f89efee02daaa455ac992	d__Bacteria;p__Firmicutes;c__Bacilli;o__Erysipelotrichales;f__Erysipelatoclostridiaceae;g__Asteroleplasma	0.8030600189105549
e7612b88e5bad1f46fdfea558d01e26e	d__Bacteria;p__Bacteroidota;c__Bacteroidia;o__Bacteroidales;f__Bacteroidales_RF16_group;g__Bacteroidales_RF16_group	0.9989483820334912
d9dce5ae07a30159d76f74f49230e153	d__Bacteria;p__Firmicutes;c__Bacilli;o__Bacillales;f__Bacillaceae;g__Ornithinibacillus	0.8021285284555475
f2e7ad2491853c306915e361623009a1	d__Bacteria;p__Bacteroidota;c__Bacteroidia;o__Bacteroidales;f__Tannerellaceae;g__Parabacteroides	0.9994360268394504
12c2821e907168ac30afd62e5cba10ad	d__Bacteria;p__Actinobacteriota;c__Coriobacteriia;o__Coriobacteriales;f__Eggerthellaceae	0.9978004908011645
520934f96e326a8ab7c28784ebe3402a	d__Bacteria;p__Bacteroidota;c__Bacteroidia;o__Bacteroidales;f__Dysgonomonadaceae;g__Fermentimonas	0.8571497069522175
db27994b6dc98edea749aa9c0faebdad	d__Bacteria;p__Spirochaetota;c__Spirochaetia;o__Spirochaetales;f__Spirochaetaceae;g__Treponema	0.9999997271160085
eb9ee02c2ac5028a371d3224fc57a308	d__Bacteria;p__Firmicutes;c__Clostridia;o__Clostridia_vadinBB60_group;f__Clostridia_vadinBB60_group;g__Clostridia_vadinBB60_group	0.9046570963156271
a8ff012c2e0fa7071f80bdc37c78ca05	d__Bacteria;p__Bacteroidota;c__Bacteroidia;o__Bacteroidales;f__Muribaculaceae;g__Muribaculaceae	0.9195442684677614
3216c61b30ba5edfdcf8ee5a9f52d497	d__Bacteria;p__Firmicutes;c__Clostridia;o__Peptostreptococcales-Tissierellales;f__Peptostreptococcaceae;g__Terrisporobacter	0.9972869116500237
d480677869ed4ec8405ac04dc1f00244	d__Bacteria;p__Spirochaetota;c__Spirochaetia;o__Spirochaetales;f__Spirochaetaceae;g__Sphaerochaeta	0.9136133039289759
88d1bd1399a5d3ab538259e7241557ab	d__Bacteria;p__Firmicutes;c__Bacilli;o__Acholeplasmatales;f__Acholeplasmataceae;g__Anaeroplasma	0.9999999936932343
a33ecfb12327fcd53d86db4622e0f0ce	d__Bacteria;p__Bacteroidota;c__Bacteroidia;o__Bacteroidales;f__Rikenellaceae;g__Anaerocella	0.9513633418562644
4ffb1806365f10d8fcb3906bdea12ab0	d__Bacteria;p__Elusimicrobiota;c__Elusimicrobia;o__Elusimicrobiales;f__Elusimicrobiaceae;g__Elusimicrobium	0.9976253501340221
74e12a8659e93cbea164cd49ae404d9d	d__Bacteria;p__Firmicutes;c__Clostridia;o__Lachnospirales;f__Lachnospiraceae;g__Marvinbryantia	0.990331015528515
f3f4263f7cfee125d386998a0359f1c8	d__Bacteria;p__Firmicutes;c__Bacilli;o__Erysipelotrichales;f__Erysipelatoclostridiaceae;g__UCG-004	0.9993579969976308
7f7f944bad1599f6282fcac7a13fb0d9	d__Bacteria	0.7950220302871808
5adef03827bd41b4465c665df5590eb5	d__Bacteria;p__Firmicutes;c__Clostridia;o__Peptostreptococcales-Tissierellales;f__Peptostreptococcaceae;g__uncultured	0.8597617962303549
73242508bfff586f2316c041ecd00053	d__Bacteria;p__Firmicutes;c__Clostridia;o__Clostridia;f__Hungateiclostridiaceae;g__Fastidiosipila	0.9957242711679515
b805075b7a00758a8348a76fa863fa77	d__Bacteria;p__Firmicutes;c__Clostridia;o__Clostridia;f__Hungateiclostridiaceae;g__Fastidiosipila	0.9949173585352481
77cbaae7c39da1ea9b11a3055aa51ea7	d__Bacteria;p__Firmicutes;c__Bacilli;o__Lactobacillales;f__Aerococcaceae;g__Aerococcus	0.9999357137139866
790db5c31f432c8224352b1f39d35fc4	d__Bacteria;p__Bacteroidota;c__Bacteroidia;o__Bacteroidales;f__Bacteroidaceae;g__Bacteroides	0.9363182362647043
299ffac318ffadc6c642b819fa72e659	d__Bacteria;p__Firmicutes;c__Clostridia;o__Clostridia_UCG-014;f__Clostridia_UCG-014;g__Clostridia_UCG-014	0.9916998124207417
296127ab12641c365e1f2a012d3ca4a2	d__Bacteria	0.7488900639481846
82adb6cb10fdefb32ceb057aa60c21c7	d__Bacteria;p__Firmicutes;c__Clostridia;o__Lachnospirales;f__Lachnospiraceae;g__Herbinix	0.7535402393388005
a3fbc73c7234f7f5ea74579607e816b4	d__Bacteria;p__Firmicutes;c__Clostridia;o__Oscillospirales;f__Ruminococcaceae;g__Subdoligranulum	0.7678934559714407
c58de7225994adfc05867be6d7489eef	d__Bacteria	0.702009914539569
6295fc2f124ffeb8d55f7fc7b4cf69e2	d__Bacteria;p__Bacteroidota;c__Bacteroidia;o__Bacteroidales;f__Muribaculaceae;g__Muribaculaceae	0.9935899102942295
73f6f0c6319b85118ce3b59298fb8da5	d__Bacteria;p__Spirochaetota;c__Spirochaetia;o__Spirochaetales;f__Spirochaetaceae;g__Treponema	0.9997069642198153
1f62b387ca2919997456a9a5c935ba6b	d__Bacteria;p__Firmicutes;c__Clostridia;o__Peptostreptococcales-Tissierellales;f__Peptostreptococcaceae;g__Terrisporobacter	0.9983184678561082
d0e47649b7d19736f0776be39bee3dd1	d__Bacteria;p__Spirochaetota;c__Spirochaetia;o__Spirochaetales;f__Spirochaetaceae;g__Sphaerochaeta	0.9974341307247014
5cece1f48b17e9d97df9db04af677e38	d__Bacteria;p__Bacteroidota;c__Bacteroidia;o__Bacteroidales;f__Prevotellaceae;g__Prevotellaceae_NK3B31_group	0.9992763700739192
9181b6b176bd1fadc16a866544850795	d__Archaea;p__Euryarchaeota;c__Methanobacteria;o__Methanobacteriales;f__Methanobacteriaceae;g__Methanobrevibacter	0.9999443962527189
936dfebdae2de7d1893326059893bfa1	d__Bacteria;p__Proteobacteria;c__Gammaproteobacteria;o__Burkholderiales;f__Alcaligenaceae;g__Pusillimonas	0.9529899791102465
66caf214ce753df99ea23660c6cecf03	d__Bacteria;p__Spirochaetota;c__Spirochaetia;o__Spirochaetales;f__Spirochaetaceae;g__Treponema	0.9998999969721252
6d9c529ea1518b2783d6684880eea336	d__Bacteria	0.8438834843385534
153d8b4b1b719904f3494496cb057903	d__Eukaryota	0.7262992193134745
cee2fa2f6021d1f1afe160f52f3d8eb5	d__Bacteria;p__Bacteroidota;c__Bacteroidia;o__Bacteroidales;f__Bacteroidaceae;g__Bacteroides	0.9999982894932293
30e1447c73f6c460d98a00926d7288ce	d__Bacteria;p__Firmicutes;c__Clostridia;o__Clostridiales;f__Clostridiaceae;g__Clostridium_sensu_stricto_1	0.9039696281888289
d4068c4e3b37437a7ed8849f1d9dd195	d__Bacteria;p__Firmicutes;c__Clostridia;o__Clostridiales;f__Clostridiaceae;g__Clostridium_sensu_stricto_1	0.9973301126724592
7d56c02acab17752688a29f0946d4b49	d__Bacteria;p__Proteobacteria;c__Alphaproteobacteria;o__Rhodobacterales;f__Rhodobacteraceae;g__Paracoccus	0.994766875902762
58a87d0b40300d40507a926ed99db37e	Unassigned	0.7940185485751754
679943848f27939c0225a2def4807a65	d__Bacteria;p__Firmicutes;c__Clostridia;o__Oscillospirales;f__Oscillospiraceae;g__UCG-002	0.8850970078646817
4e98742274ab548dd81253031f1d3167	d__Bacteria;p__Firmicutes;c__Clostridia;o__Clostridiales;f__Clostridiaceae;g__Clostridium_sensu_stricto_1	0.9833023616633347
14000a6a6796f7fc5ce481c8e837a4a5	d__Bacteria;p__Firmicutes;c__Clostridia;o__Clostridiales;f__Clostridiaceae;g__Clostridium_sensu_stricto_1	0.972225494027904
6879c17e085eea1348cb5d52208ebe7e	d__Bacteria;p__Verrucomicrobiota;c__Kiritimatiellae;o__WCHB1-41;f__WCHB1-41;g__WCHB1-41	0.9262754489671643
58de1a776f099afee157cd5916a2da24	d__Bacteria;p__Firmicutes;c__Clostridia;o__Oscillospirales;f__[Eubacterium]_coprostanoligenes_group;g__[Eubacterium]_coprostanoligenes_group	0.9806663193320136
d68c24828d85460143608f9e57e887c2	d__Bacteria;p__Bacteroidota;c__Bacteroidia;o__Bacteroidales;f__Rikenellaceae;g__Anaerocella	0.9999999999939143
8e4c5b8015a013c93c5e6339840ebb0d	d__Bacteria;p__Firmicutes;c__Clostridia;o__Oscillospirales;f__Oscillospiraceae;g__UCG-005	0.9946142404776765
b8ff95aeb6bc6bda4f574ea8701df948	d__Bacteria	0.9154124108430056
3dc5e8eafa016f11e7303c3fbb5a69dc	d__Bacteria;p__Proteobacteria;c__Gammaproteobacteria;o__Burkholderiales;f__Comamonadaceae;g__Brachymonas	0.7394120371636065
b600273242c7447f75511b0ae2a84275	d__Bacteria;p__Firmicutes;c__Bacilli;o__Erysipelotrichales;f__Erysipelatoclostridiaceae;g__UCG-004	0.9896300602025815
c577c8008bfe1a2233136cec3201da8b	d__Bacteria;p__Firmicutes;c__Bacilli;o__Erysipelotrichales;f__Erysipelatoclostridiaceae;g__Asteroleplasma	0.9945498223845175
8922d225932c51c5104b289ecf8abc6b	d__Bacteria;p__Bacteroidota;c__Bacteroidia;o__Bacteroidales;f__Prevotellaceae;g__Alloprevotella	0.8234700034013207
69c9e9864f118990b51bac9d7f4604b4	d__Bacteria;p__Firmicutes;c__Clostridia;o__Clostridiales;f__Clostridiaceae;g__Clostridium_sensu_stricto_1	0.9999896091816182
9af13eed6ea58ccfb4e4c9a0a7f351b6	d__Bacteria;p__Firmicutes;c__Clostridia;o__Oscillospirales;f__Ruminococcaceae;g__Ruminococcus	0.9605154015267566
45e907e3b53d566cc028f2571da4cde4	d__Bacteria;p__Firmicutes;c__Clostridia;o__Oscillospirales;f__Ruminococcaceae;g__[Eubacterium]_siraeum_group	0.99281503829394
f19104b0646ef9f1b38f9825cad47251	d__Bacteria;p__Bacteroidota;c__Bacteroidia;o__Flavobacteriales;f__Flavobacteriaceae	0.9998494983430029
712b89e87729c5ed3bd042134ed49d91	d__Bacteria;p__Bacteroidota;c__Bacteroidia;o__Bacteroidales;f__Prevotellaceae;g__Alloprevotella	0.9999989904499257
4e419ab5f202930d00f6a5132a1df90b	d__Bacteria;p__Firmicutes;c__Bacilli	0.9999999997799223
54de97a4770fa3abcc5885d485544fef	d__Bacteria;p__Spirochaetota;c__Spirochaetia;o__Spirochaetales;f__Spirochaetaceae;g__Treponema	0.9999999999467377
2bef4c7ddf7bded2a0c4397f0fb55ae5	d__Bacteria;p__Firmicutes;c__Clostridia;o__Christensenellales;f__Christensenellaceae;g__Christensenellaceae_R-7_group	0.7735648925149323
5de993d1aeb219e21d584765666da1f2	d__Bacteria;p__Firmicutes;c__Clostridia;o__Oscillospirales;f__Oscillospiraceae;g__UCG-005	0.7878378969994362
a80bc04b4fd109be87b2cbf0ca279675	d__Bacteria;p__Firmicutes;c__Bacilli;o__Erysipelotrichales;f__Erysipelotrichaceae;g__Erysipelothrix	0.9999169044392183
9e45eafbf139d66d6dd53a9105173cad	d__Bacteria;p__Firmicutes;c__Clostridia;o__Peptostreptococcales-Tissierellales;f__Peptostreptococcales-Tissierellales;g__Anaerococcus	0.9999508470899987
867cebb28cd77daf14f0d97cb72d630d	d__Bacteria;p__Firmicutes;c__Clostridia;o__Peptostreptococcales-Tissierellales;f__Peptostreptococcaceae	0.9994923700295241
be81f1131b2c48a32704064e9d98743d	d__Bacteria;p__Firmicutes;c__Clostridia;o__Peptostreptococcales-Tissierellales;f__Peptostreptococcales-Tissierellales;g__Murdochiella	0.9843234826575208
59e9499cfa38db6ab991f58d6f401619	Unassigned	0.39750994851552923
433f233dd2bdf8cb980385a8414949ef	d__Bacteria;p__Bacteroidota;c__Bacteroidia;o__Bacteroidales;f__Rikenellaceae;g__Rikenellaceae_RC9_gut_group	0.7621147439448671
866574bc251a9f87a002b0c811209253	d__Bacteria;p__Bacteroidota;c__Bacteroidia;o__Bacteroidales;f__Tannerellaceae;g__Parabacteroides	0.9858205590018008
97ba99f7da1a1ec476f7412410395430	d__Bacteria;p__Firmicutes;c__Bacilli;o__Erysipelotrichales;f__Erysipelotrichaceae;g__uncultured	0.7015527788992104
a19a6e26e63b0adb7795629eb1e7b73a	d__Bacteria;p__Firmicutes;c__Clostridia;o__Clostridiales;f__Clostridiaceae;g__Clostridium_sensu_stricto_1	0.9488648859409795
a6bc8d82f2bb4f2572474aa5d015637f	d__Bacteria;p__Bacteroidota;c__Bacteroidia;o__Bacteroidales;f__Bacteroidales_RF16_group;g__Bacteroidales_RF16_group	0.9947467929387902
0660296be635271b79807907438749ec	d__Bacteria;p__Proteobacteria;c__Alphaproteobacteria;o__Rhodobacterales;f__Rhodobacteraceae;g__Roseovarius	0.7112515445106381
c77f3485d1a05bcf4b0e274ca4f4e3e3	d__Bacteria;p__Firmicutes;c__Clostridia;o__Proteinivoracales;f__uncultured;g__uncultured	0.7153413742685886
9824ce67d0cd6170687a001221a1d17f	d__Bacteria	0.8208459466752605
e11b5f14dd81a64ecf33336064984db1	d__Bacteria	0.8220635276418755
80dca1f89451ecbccf01c05b1f9b0aab	d__Bacteria;p__Firmicutes;c__Desulfitobacteriia;o__Desulfitobacteriales;f__uncultured;g__uncultured	0.9603679016390549
2ebb4b5b88354e19c3cea064fd78850b	d__Bacteria;p__Firmicutes;c__Clostridia;o__Oscillospirales;f__[Eubacterium]_coprostanoligenes_group;g__[Eubacterium]_coprostanoligenes_group	0.9999665787313625
1565869a2c4d883c69e01406c244b2bf	d__Bacteria;p__Cyanobacteria;c__Vampirivibrionia;o__Gastranaerophilales;f__Gastranaerophilales;g__Gastranaerophilales	0.9468847416266603
dd9233035667ed35420bb3c8e1387d43	d__Bacteria;p__Firmicutes;c__Bacilli;o__Erysipelotrichales;f__Erysipelatoclostridiaceae;g__UCG-004	0.9999280639465649
4321ac297a93ac91948db503ce4c6857	d__Bacteria;p__Bacteroidota;c__Bacteroidia;o__Bacteroidales;f__Paludibacteraceae;g__uncultured	0.9735775541401103
57d5767088d86bb2d3aacc51fd35f58f	d__Bacteria;p__Bacteroidota;c__Bacteroidia;o__Bacteroidales;f__Dysgonomonadaceae;g__Fermentimonas	0.9993886714933862
cc5ae3b87203a334a6b11494d5296e1f	d__Bacteria;p__Firmicutes;c__Clostridia	0.9065762596439453
9add6381b3cfdd919f9cb772bd5bde3e	d__Bacteria;p__Firmicutes;c__Clostridia;o__Peptostreptococcales-Tissierellales;f__Peptostreptococcaceae;g__Terrisporobacter	0.9904252228167187
f14d13feb830d4d9ac77aa46da059d24	d__Bacteria	0.7436791906580156
a0fec29c5719826ecbb43749a742c5fd	d__Bacteria;p__Firmicutes;c__Clostridia;o__Peptostreptococcales-Tissierellales;f__Peptostreptococcaceae;g__Terrisporobacter	0.9632628249936656
f934eca9896929695247f3f68fc1b91d	d__Bacteria;p__Firmicutes;c__Clostridia;o__Oscillospirales;f__Oscillospiraceae;g__NK4A214_group	0.7763020313599835
7d43ad53fe1a83f4d2253fa38df8ffbf	d__Bacteria;p__Firmicutes;c__Clostridia;o__Oscillospirales;f__Oscillospiraceae	0.9999997048919349
4a780efed69febf41e1964effa454790	Unassigned	0.3720179380857317
7351b863bcee8066f6aecc21434fc802	d__Bacteria;p__Firmicutes;c__Clostridia;o__Clostridiales;f__Clostridiaceae;g__Clostridium_sensu_stricto_1	0.9992294883266517
f49914c885199c825b5e3d35d84e906f	d__Bacteria;p__Firmicutes;c__Clostridia;o__Christensenellales;f__Christensenellaceae;g__Christensenellaceae_R-7_group	0.9714260873008046
d3415274dc96640f8c89c6f3ab938e12	d__Bacteria;p__Bacteroidota;c__Bacteroidia;o__Bacteroidales;f__Prevotellaceae;g__Alloprevotella	0.9997063575697406
1d876d95cbe3ff0b001c935ac7adaa27	d__Bacteria;p__Bacteroidota;c__Bacteroidia;o__Bacteroidales;f__Prevotellaceae;g__Alloprevotella	0.9999995674606422
df1769d917fb392ff4cab62a9bde739b	d__Bacteria;p__Bacteroidota;c__Bacteroidia;o__Bacteroidales;f__Prevotellaceae;g__Prevotellaceae_NK3B31_group	0.9909818268369477
080bf6558922c091226375ed71d958ea	d__Bacteria;p__Firmicutes;c__Clostridia;o__Peptostreptococcales-Tissierellales	0.9674142985225196
8625ade9265fee5d5be648e38ec1b0d1	d__Bacteria;p__Bacteroidota;c__Bacteroidia;o__Bacteroidales;f__Prolixibacteraceae;g__Roseimarinus	0.9999988300103576
b8944e7e01f5009c5bbc186d2c665ad4	d__Bacteria;p__Firmicutes	0.9999913114819279
6c99b1310ba04ae29ab2178812bdc5d9	d__Bacteria;p__Firmicutes;c__Clostridia;o__Clostridiales;f__Clostridiaceae;g__Clostridium_sensu_stricto_1	0.9998346197771877
ca4fce5e0884a1b480e89fba11adb48f	d__Bacteria;p__Deferribacterota;c__Deferribacteres;o__Deferribacterales;f__Deferribacteraceae;g__Mucispirillum	0.9987475891985313
0e15292187eb51123134960cb769bb66	d__Bacteria;p__Firmicutes;c__Bacilli;o__Erysipelotrichales;f__Erysipelotrichaceae;g__Turicibacter	0.9997827291564272
05133a3f0fa89c119eea8174315d4064	d__Bacteria;p__Actinobacteriota;c__Actinobacteria;o__Micrococcales;f__Dermabacteraceae;g__Brachybacterium	0.9995308394273323
176ff23921bfef8aa569c435986b0358	d__Bacteria;p__Firmicutes;c__Bacilli;o__RF39;f__RF39;g__RF39	0.9999999999990479
cc64f14977bfac46f3e4cad34256eb24	d__Bacteria;p__Firmicutes;c__Clostridia;o__Clostridiales;f__Clostridiaceae;g__Clostridium_sensu_stricto_1	0.9756467123128498
333d8ae5427cd06e2e907a3b6226e279	d__Bacteria;p__Bacteroidota;c__Bacteroidia;o__Bacteroidales;f__Prevotellaceae;g__Prevotellaceae_UCG-001	0.9419504387445068
b649a14e914912eb3b30329fabcafa6b	d__Bacteria;p__Bacteroidota;c__Bacteroidia;o__Bacteroidales;f__Rikenellaceae;g__Rikenellaceae_RC9_gut_group	0.8930967828638673
00672acd8708d64104117f00c57ec603	d__Bacteria;p__Bacteroidota;c__Bacteroidia;o__Flavobacteriales;f__Weeksellaceae;g__Chryseobacterium	0.9999931268551964
a1a74005ef8024ddd4b8e4f903609136	d__Bacteria;p__Actinobacteriota;c__Actinobacteria;o__Micrococcales;f__Microbacteriaceae;g__Leucobacter	0.995228793004655
1bcc0b64ec091d4775dd190cff0a5d89	d__Bacteria	0.8112449917684056
2dcd59f8feabfd4a82589527bab13b49	d__Bacteria;p__Actinobacteriota;c__Coriobacteriia;o__Coriobacteriales;f__Eggerthellaceae;g__uncultured	0.9818061658063719
a248c3929a9883df65ac60dc91ea0a93	d__Bacteria;p__Firmicutes;c__Clostridia;o__Lachnospirales;f__Lachnospiraceae;g__Anaerosporobacter	0.7624015358992738
a692a8e77802dc3179300bc769d9bc5d	d__Bacteria;p__Firmicutes;c__Clostridia;o__Peptostreptococcales-Tissierellales;f__Anaerovoracaceae;g__[Eubacterium]_nodatum_group	0.7335766022336696
f480d55eb2c139a0577d4618f24dcf12	d__Bacteria;p__Firmicutes;c__Clostridia;o__Peptostreptococcales-Tissierellales	0.9990012657818605
afdb6ca73ace6f20d606fcaa9d1daa82	d__Bacteria;p__Actinobacteriota;c__Actinobacteria;o__Micrococcales;f__Microbacteriaceae;g__Gulosibacter	0.8753997983398792
2ea9a7a51fef009cb91effe3ed2ca815	d__Bacteria;p__Actinobacteriota;c__Actinobacteria;o__Micrococcales;f__Brevibacteriaceae;g__Brevibacterium	0.9999998943469535
52588b6ed9aceef9b6ba5afa9119a8f9	d__Bacteria;p__Bacteroidota;c__Bacteroidia;o__Bacteroidales;f__Prevotellaceae;g__Prevotella	0.9481899532426982
1dbc1bb396e6db5288203fbeb7af5a74	d__Bacteria;p__Firmicutes;c__Clostridia;o__Clostridiales;f__Clostridiaceae;g__Clostridium_sensu_stricto_1	0.95218911291861
2f9c008577102fd95b4bf3bc8737255b	d__Bacteria;p__Desulfobacterota;c__Desulfovibrionia;o__Desulfovibrionales;f__Desulfovibrionaceae;g__Desulfovibrio	0.9999660274016722
f473b794fa40bd31ff26b3d0534066c8	d__Bacteria;p__Bacteroidota;c__Bacteroidia;o__Bacteroidales;f__Prevotellaceae	0.9999999893420358
a0627192539fb3b8d208e1544f6fcbab	d__Bacteria;p__Bacteroidota;c__Bacteroidia;o__Bacteroidales;f__F082;g__F082	0.9231635801305849
b423e33d27b64f0ce3f399748320b301	d__Bacteria;p__Firmicutes;c__Clostridia;o__Clostridiales;f__Clostridiaceae;g__Clostridium_sensu_stricto_1	0.9359116177672542
311fcd46fd720fc7495e3e6c970cdf3d	d__Bacteria;p__Firmicutes;c__Clostridia;o__Oscillospirales;f__Oscillospiraceae;g__NK4A214_group	0.816738927538616
ef4d053a737ffca3fe13a6afed8c5073	d__Bacteria;p__Firmicutes;c__Bacilli;o__Erysipelotrichales;f__Erysipelotrichaceae;g__Turicibacter	0.9997548502685661
094f2aa9a31bcaa6ab45fcb1fd5e9315	d__Bacteria	0.8374521266440396
977e49d298255cc27e3f04934719ca50	d__Bacteria;p__Firmicutes;c__Clostridia;o__Clostridiales;f__Clostridiaceae;g__Clostridium_sensu_stricto_1	0.9999605809614253
60d3b6addd30c1219d63e6f57f8b5f02	d__Bacteria;p__Actinobacteriota;c__Actinobacteria;o__Micrococcales;f__Microbacteriaceae;g__Leucobacter	0.9815203734828752
b91332e18dfc35c8006c31269a718a9a	d__Bacteria;p__Actinobacteriota;c__Actinobacteria;o__Micrococcales;f__Dermabacteraceae;g__Brachybacterium	0.9999815311688403
980a1018e87ed54a9e1789ff8de97ada	d__Bacteria;p__Firmicutes;c__Bacilli;o__Erysipelotrichales;f__Erysipelotrichaceae;g__Solobacterium	0.9999872007859657
63a12772f653a56190c7dd535150ce30	d__Bacteria;p__Bacteroidota;c__Bacteroidia;o__Bacteroidales;f__Tannerellaceae;g__Parabacteroides	0.9935366176200149
1c86c02ffd761b12defef738edcf31f4	Unassigned	0.3569529966244993
6595af40ab1b6d436851a49c2366f209	d__Bacteria;p__Firmicutes;c__Clostridia;o__Clostridia;f__Hungateiclostridiaceae;g__Fastidiosipila	0.9976229398550895
b0e0a80ad0fe093ed384c244e82b3450	d__Bacteria;p__Spirochaetota;c__Spirochaetia;o__Spirochaetales;f__Spirochaetaceae;g__Sphaerochaeta	0.9941905101117309
b90a97028d2e64d294555326a9119b5f	d__Bacteria;p__Firmicutes;c__Bacilli;o__Erysipelotrichales;f__Erysipelotrichaceae;g__Erysipelothrix	0.9999979524889326
ed994197c6e599d82720e47ddbb76523	d__Bacteria;p__Firmicutes;c__Bacilli;o__Erysipelotrichales;f__Erysipelatoclostridiaceae;g__UCG-004	0.9993321116909512
300a8a0c7ac0d0636f7ce69552673bf5	d__Bacteria;p__Firmicutes;c__Clostridia;o__Peptostreptococcales-Tissierellales;f__Peptostreptococcaceae;g__Terrisporobacter	0.948245699288388
7fc52cdc886d995071d620cfd5219a54	d__Bacteria;p__Bacteroidota;c__Bacteroidia;o__Bacteroidales;f__Prevotellaceae;g__Alloprevotella	0.9355585762669766
51b48760bb12146db8868384e0be133f	d__Bacteria;p__Firmicutes;c__Clostridia;o__Clostridia;f__Hungateiclostridiaceae;g__Fastidiosipila	0.9891189820740884
56e5a2215f5f2540b779c98baff7d0e9	d__Bacteria;p__Firmicutes;c__Clostridia;o__Clostridia_vadinBB60_group;f__Clostridia_vadinBB60_group;g__Clostridia_vadinBB60_group	0.8682691718218027
7273e6e8aa6719554d6b5933b1ee6f56	d__Bacteria;p__Firmicutes;c__Clostridia;o__Lachnospirales;f__Lachnospiraceae;g__Lachnospiraceae_FCS020_group	0.9910848438940575
1274a75675a9d3afb8280bfec24d547f	d__Archaea;p__Halobacterota;c__Methanomicrobia;o__Methanomicrobiales;f__Methanomicrobiaceae;g__Methanoculleus	0.9999999751109564
cdf4cc28bad54412f342e4c283c6b338	d__Bacteria;p__Bacteroidota;c__Bacteroidia;o__Bacteroidales;f__Muribaculaceae;g__Muribaculaceae	0.997096159247666
e348b71db7165714fd362ec93fceaad1	d__Bacteria	0.8862539995774443
262cc22d31f264407616307b6440a00a	d__Bacteria;p__Firmicutes;c__Clostridia;o__Peptostreptococcales-Tissierellales;f__Peptostreptococcales-Tissierellales;g__Tissierella	0.9620624817104318
78d4fcb2c4ec8249ad136095684bf5a5	d__Bacteria;p__Firmicutes;c__Clostridia;o__Oscillospirales;f__[Eubacterium]_coprostanoligenes_group;g__[Eubacterium]_coprostanoligenes_group	0.7703463935221022
9575668777f1d1c0d0ffa54249cfe612	d__Bacteria;p__Firmicutes;c__Clostridia;o__Monoglobales;f__Monoglobaceae;g__Monoglobus	0.9436930242251819
6af8b650c7384861030614aa64c39fd6	d__Bacteria;p__Firmicutes;c__Clostridia;o__Peptostreptococcales-Tissierellales;f__Peptostreptococcales-Tissierellales;g__Tissierella	0.9982934062943217
6edd0cd575fcd9b40bc0d7e9eeac1a55	d__Bacteria;p__Firmicutes;c__Clostridia;o__Eubacteriales;f__Anaerofustaceae;g__Anaerofustis	0.8779143909544749
419d97dd7756b465951ed4f2639fa87a	d__Bacteria;p__Actinobacteriota;c__Actinobacteria;o__Corynebacteriales;f__Corynebacteriaceae;g__Corynebacterium	0.9934647759879078
a201ae3eb795fea745fd89d2664053ab	d__Bacteria;p__Firmicutes;c__Clostridia;o__Clostridiales;f__Clostridiaceae;g__Clostridium_sensu_stricto_1	0.9181552183902766
ff3bdea2e934eefc77a45b62d3c8d1b4	d__Bacteria;p__Actinobacteriota;c__Actinobacteria;o__Corynebacteriales;f__Corynebacteriaceae;g__Corynebacterium	0.9956998532250333
95d56c96383b0c866a6719682c962023	d__Bacteria;p__Bacteroidota;c__Bacteroidia;o__Bacteroidales;f__Prevotellaceae;g__Prevotellaceae_UCG-001	0.9984749477026588
6a00f4154d748eeb2971f7d5bc43ff90	d__Bacteria;p__Actinobacteriota;c__Actinobacteria;o__Actinomycetales;f__Actinomycetaceae;g__Flaviflexus	0.9978074428872852
a9e350fae3a67a752ac63a33b5a51a3f	d__Bacteria	0.7974578221277456
30add04dd897547503758070e10bf645	d__Bacteria;p__Firmicutes;c__Clostridia;o__Clostridia_UCG-014;f__Clostridia_UCG-014;g__Clostridia_UCG-014	0.9999999999998249
197054da42d84dd566e52a3838210b89	d__Bacteria;p__Firmicutes;c__Clostridia;o__Eubacteriales;f__Eubacteriaceae;g__Acetobacterium	0.9135856307853746
29778376dbf67a5edd0975bc27caed7f	d__Bacteria;p__Firmicutes;c__Clostridia;o__Clostridiales;f__Clostridiaceae;g__Clostridium_sensu_stricto_1	0.9995472544090866
8bd4cf4899e9c3ee6e6036b9053f72c5	d__Bacteria;p__Proteobacteria;c__Gammaproteobacteria;o__Enterobacterales;f__Yersiniaceae;g__Serratia	0.8754119294323844
7e82fdf9c29e0091eaa3aac98b8f0830	Unassigned	0.36150354858968403
25b84219438ecaaaeee5f3cef6e97fac	d__Bacteria;p__Firmicutes;c__Clostridia;o__Peptostreptococcales-Tissierellales;f__Peptostreptococcales-Tissierellales	0.9999999544647293
39206c520850613359cd9afeb9c0c9e7	d__Bacteria;p__Firmicutes;c__Clostridia;o__Lachnospirales;f__Lachnospiraceae	0.985091118303236
a30537934eac2477e63a34189cf37887	d__Bacteria;p__Firmicutes;c__Clostridia;o__Oscillospirales;f__Ruminococcaceae;g__Ruminococcus	0.7500265908120891
9db2817f5c42be6a7bcbca662959982d	d__Bacteria;p__Proteobacteria;c__Alphaproteobacteria;o__Rhizobiales;f__Xanthobacteraceae;g__Bradyrhizobium	0.802993411954416
50e5fc535e5fc67acf8c575cec877ed0	d__Bacteria;p__Firmicutes;c__Bacilli;o__Bacillales;f__Bacillaceae;g__Pseudogracilibacillus	0.7351610389498323
abf4bbbc4b777379194c06fe3ce0b189	d__Bacteria	0.9187697480302144
ffbc6b86b7b9029efce114ee216f07f5	d__Bacteria;p__Bacteroidota;c__Bacteroidia;o__Bacteroidales;f__Paludibacteraceae;g__uncultured	0.9587206826204002
f69f923067ee68831ab9b4fa7ac2ca51	d__Bacteria;p__Proteobacteria;c__Gammaproteobacteria;o__Pseudomonadales;f__Moraxellaceae;g__Acinetobacter	0.9999997339076122
56fd2d486fa4530688ccce037b1354f1	d__Bacteria;p__Firmicutes;c__Clostridia	0.9957187316182243
f1e48afdf1b78f5832dff546dd715ed6	d__Bacteria;p__Firmicutes;c__Bacilli	0.9999391645599436
85f5e9f810cc2aef30070c1eafaac167	d__Bacteria;p__Verrucomicrobiota;c__Lentisphaeria;o__Victivallales;f__vadinBE97;g__vadinBE97	0.9799543125658761
503d147dbe0749aede7f0836118fc60a	d__Bacteria;p__Bacteroidota;c__Bacteroidia;o__Bacteroidales;f__Rikenellaceae;g__Rikenellaceae_RC9_gut_group	0.9880631139496885
8e2895039c9a22ad217feda1c6d5ea9d	d__Bacteria;p__Firmicutes;c__Clostridia;o__Oscillospirales;f__Oscillospiraceae;g__UCG-005	0.9396474466335277
ac07428611cda65054aec775f50cb486	d__Bacteria;p__Firmicutes;c__Clostridia;o__Christensenellales;f__Christensenellaceae;g__Christensenellaceae_R-7_group	0.9883041571048118
3e73829ad1db76bbf47e7f6fce637b56	d__Bacteria;p__Firmicutes;c__Bacilli;o__Erysipelotrichales;f__Erysipelotrichaceae;g__uncultured	0.9999986919277177
592321363a5a803fc1edf02b3e81d300	d__Bacteria;p__Firmicutes;c__Clostridia;o__Lachnospirales;f__Lachnospiraceae;g__Lachnospiraceae_NK4A136_group	0.939070031518378
65906589dca59b37288387bca50f9038	d__Bacteria;p__Firmicutes;c__Clostridia;o__Lachnospirales;f__Lachnospiraceae;g__Anaerosporobacter	0.9444372202257825
8414b3131bca6de0cc6d56927502675a	d__Bacteria;p__Actinobacteriota;c__Actinobacteria;o__Micrococcales;f__Micrococcaceae	0.9884278857442417
2842f428e166f12a3d03acf9707ed9c8	d__Bacteria;p__Bacteroidota;c__Bacteroidia;o__Bacteroidales	0.7668630160217481
18e2896b01a7b09c8bffb51e201c8974	d__Bacteria;p__Firmicutes;c__Clostridia;o__Oscillospirales;f__uncultured;g__uncultured	0.9838517575316732
d931a7b38601c31bfb46c15f65dfe21d	d__Bacteria;p__Bacteroidota;c__Bacteroidia;o__Bacteroidales;f__Prevotellaceae;g__Prevotellaceae_UCG-004	0.8051256378003602
123833cc82ac75d52ae061efa1747f0e	d__Bacteria;p__Actinobacteriota;c__Actinobacteria;o__Streptosporangiales;f__Nocardiopsaceae;g__Nocardiopsis	0.999993614277086
bc853ca2c07c360ac9bcd5ec51ea571f	d__Bacteria;p__Firmicutes;c__Clostridia;o__Peptostreptococcales-Tissierellales;f__Peptostreptococcaceae	0.9999305047082748
0c93fa78b8f76cbae180b44ad9d770ff	d__Bacteria;p__Firmicutes;c__Clostridia;o__Caldicoprobacterales;f__Caldicoprobacteraceae;g__Caldicoprobacter	0.8833931557382464
847a82266d983b86ba8818d3e56a8ea5	d__Bacteria;p__Actinobacteriota;c__Coriobacteriia;o__Coriobacteriales;f__Eggerthellaceae;g__uncultured	0.9993911913382204
6f3dd900a82da35aada6371f504c9f39	d__Bacteria;p__Firmicutes;c__Clostridia;o__Oscillospirales;f__Ruminococcaceae;g__Ruminococcus	0.9995688236088566
0325e6f619dd1e06eef6c7c2a551d5df	d__Bacteria;p__Proteobacteria;c__Alphaproteobacteria;o__Rhizobiales;f__Rhizobiaceae;g__Paenochrobactrum	0.8909219459942836
214a23fca131be83cbe1a0e0c63335cc	d__Bacteria;p__Proteobacteria;c__Gammaproteobacteria;o__Burkholderiales;f__Neisseriaceae;g__Uruburuella	0.8357710324564833
172ac5e6296715e960bbc48548ab97b5	d__Bacteria;p__Firmicutes;c__Bacilli;o__Lactobacillales;f__Aerococcaceae;g__Ignavigranum	0.9991409304376667
82af7134290ccd2f38f1426838db2a15	d__Bacteria;p__Proteobacteria;c__Gammaproteobacteria;o__Burkholderiales;f__Comamonadaceae	0.9999999983732051
ac2afc2f064b97fec3dce9d18a599d1c	d__Bacteria;p__Firmicutes;c__Negativicutes;o__Acidaminococcales;f__Acidaminococcaceae;g__Phascolarctobacterium	0.7590074298486781
e8f838db6791ed6622eba8cbb36b8dde	d__Bacteria	0.8679538374729149
4c02efe92405241b44786941439935f9	d__Bacteria;p__Firmicutes;c__Bacilli;o__Erysipelotrichales;f__Erysipelotrichaceae;g__Turicibacter	0.9992599191879118
05df3a42e4e836561e50b51e29a8af79	d__Bacteria;p__Verrucomicrobiota;c__Kiritimatiellae;o__WCHB1-41;f__WCHB1-41;g__WCHB1-41	0.9868913409728208
20f531a58e587eef57f7232517b79660	d__Bacteria;p__Firmicutes;c__Clostridia;o__Clostridia;f__Hungateiclostridiaceae;g__Fastidiosipila	0.8033740222658401
33ec0e4e98633a4d9603162265981797	d__Bacteria;p__Bacteroidota;c__Bacteroidia;o__Bacteroidales;f__Prevotellaceae;g__Prevotellaceae_UCG-003	0.9819389896402108
8587284b7c56ad48d6d8822a9c0b5d78	d__Bacteria;p__Firmicutes;c__Clostridia;o__Clostridia_vadinBB60_group;f__Clostridia_vadinBB60_group;g__Clostridia_vadinBB60_group	0.9068292589285079
927cc9509cbad0fbe2e574261987a3b9	d__Bacteria;p__Bacteroidota;c__Bacteroidia;o__Bacteroidales;f__Prevotellaceae;g__Alloprevotella	0.999999991576713
7b4d0cb91a3a24bd0a1337152244969a	d__Bacteria;p__Firmicutes;c__Clostridia;o__Peptostreptococcales-Tissierellales;f__Peptostreptococcaceae;g__Terrisporobacter	0.9370082546614793
a79d808bea33cee170e0cd78f8e68efe	d__Bacteria;p__Firmicutes;c__Bacilli;o__Lactobacillales;f__Carnobacteriaceae;g__Atopostipes	0.9941924486461148
66e57c5b58d1f81978b5d944860da818	d__Bacteria;p__Firmicutes;c__Clostridia;o__Christensenellales;f__Christensenellaceae;g__Christensenellaceae_R-7_group	0.9801881785383446
16ed132d59f6f69c34fa5a32287d383d	d__Bacteria;p__Firmicutes;c__Clostridia;o__Oscillospirales;f__Ruminococcaceae;g__Ruminococcus	0.9908122289815502
bb2d1cf906e4b689777d57bb5b91b242	d__Bacteria;p__Firmicutes;c__Clostridia;o__Christensenellales;f__Christensenellaceae;g__Christensenellaceae_R-7_group	0.9790531106906281
519dfd253421d17ea3d7be9dc00d4600	d__Bacteria;p__Actinobacteriota;c__Coriobacteriia;o__Coriobacteriales;f__Eggerthellaceae;g__Enterorhabdus	0.9323269341033544
921aab7ea06b7df16fe0ff27de9f9cae	d__Bacteria;p__Bacteroidota;c__Bacteroidia;o__Bacteroidales;f__Bacteroidaceae;g__Bacteroides	0.997862514627586
3900864090a1f28719c55c0edc388fcc	d__Bacteria;p__Bacteroidota;c__Bacteroidia;o__Bacteroidales;f__Prevotellaceae;g__Alloprevotella	0.9545786128027836
3099827978efb3ae1e5bbf9939783886	d__Bacteria;p__Bacteroidota;c__Bacteroidia;o__Bacteroidales;f__Prevotellaceae;g__uncultured	0.9868129142311939
6f3ed1296f8528c86d59c77cc45b0b76	d__Bacteria;p__Firmicutes;c__Clostridia;o__Clostridia_UCG-014;f__Clostridia_UCG-014;g__Clostridia_UCG-014	0.7267362968081034
cb5077e77e73ae69d76de4a3a889b220	d__Bacteria;p__Firmicutes;c__Bacilli;o__Lactobacillales;f__Carnobacteriaceae;g__Atopostipes	0.985292009304661
fbf047607bb333f3513c75882a512f29	d__Bacteria;p__Firmicutes;c__Clostridia;o__Peptostreptococcales-Tissierellales;f__Peptostreptococcaceae	0.9669133075784997
ae6222238d73cee1384fa448e10cad95	d__Bacteria;p__Cyanobacteria;c__Vampirivibrionia;o__Gastranaerophilales;f__Gastranaerophilales;g__Gastranaerophilales	0.8034241764126901
e77b869c0ddd049381ede14bfb4785eb	d__Bacteria;p__Bacteroidota;c__Bacteroidia;o__Bacteroidales;f__Muribaculaceae;g__Muribaculaceae	0.9999999652236756
60297c2f977e2de321b3fc4beccb4db0	d__Bacteria;p__Firmicutes;c__Clostridia;o__Monoglobales;f__Monoglobaceae;g__Monoglobus	0.779442380851167
6242529986a0f620e636846120c8f0e9	d__Bacteria;p__Bacteroidota;c__Bacteroidia;o__Bacteroidales;f__Prevotellaceae;g__Prevotellaceae_UCG-001	0.8933203049070062
32fa0c1d68e5ca23a505c2838526fd6f	d__Bacteria;p__Bacteroidota;c__Bacteroidia;o__Bacteroidales;f__Tannerellaceae;g__Parabacteroides	0.9997397808384163
a5a56a5e71c405c7ee31b2faad21ac14	d__Bacteria;p__Firmicutes;c__Clostridia;o__Clostridiales;f__Clostridiaceae;g__Clostridium_sensu_stricto_1	0.9824208002693241
a2854c442ca202d4c139e9f68889dfdc	d__Bacteria;p__Firmicutes;c__Clostridia;o__Peptostreptococcales-Tissierellales;f__Peptostreptococcaceae;g__Terrisporobacter	0.9579711457825412
e148208050bb18887633e08c2d74be16	d__Bacteria;p__Bacteroidota;c__Bacteroidia;o__Flavobacteriales;f__Cryomorphaceae;g__uncultured	0.9569535150159773
c973c989132790a688112737fdeeff79	d__Bacteria;p__Actinobacteriota;c__Actinobacteria;o__Corynebacteriales;f__Corynebacteriaceae;g__Corynebacterium	0.8148246309681314
7d3c2fc798add680f99effb6fd15f05a	d__Bacteria;p__Firmicutes;c__Clostridia;o__Christensenellales;f__Christensenellaceae;g__Christensenellaceae_R-7_group	0.962497146095644
0ce68e02922e623adb52c5f83a480d0c	d__Bacteria;p__Firmicutes;c__Clostridia;o__Peptostreptococcales-Tissierellales;f__Anaerovoracaceae;g__Family_XIII_AD3011_group	0.9357325766997204
5a0d4beb7f43d275ecf957f7dc75cd80	d__Bacteria;p__Spirochaetota;c__Spirochaetia;o__Spirochaetales;f__Spirochaetaceae;g__Sphaerochaeta	0.9893659411674931
c9a1b7e21c3454d51882d4e5ec437d5a	d__Bacteria;p__Firmicutes;c__Clostridia;o__Lachnospirales;f__Lachnospiraceae;g__[Eubacterium]_eligens_group	0.7951532280223743
d8500bfef378f7976d2f019bf4b74fa7	d__Bacteria;p__Firmicutes;c__Clostridia;o__Oscillospirales;f__[Eubacterium]_coprostanoligenes_group;g__[Eubacterium]_coprostanoligenes_group	0.9999978737002795
bbe86f93383c2365ee1f5b8da202e2e4	d__Bacteria;p__Firmicutes;c__Clostridia;o__Clostridiales;f__Clostridiaceae;g__Clostridium_sensu_stricto_1	0.9967071058464215
485fdc54b97de1f86b41b81c0a5e735e	d__Bacteria;p__Bacteroidota;c__Bacteroidia;o__Bacteroidales;f__Rikenellaceae;g__Rikenellaceae_RC9_gut_group	0.9993607679075726
29ddede4c865cee2f9adc5e1c8387df2	d__Bacteria;p__Firmicutes;c__Clostridia;o__Oscillospirales;f__Ruminococcaceae;g__uncultured	0.8753379178776025
6ebe0e1c888ad7b1ae2212de2878e436	d__Bacteria;p__Firmicutes;c__Clostridia;o__Clostridiales;f__Clostridiaceae;g__Clostridium_sensu_stricto_1	0.9822258802059844
2c16331f9344e4e47591b250b586020e	d__Bacteria;p__Bacteroidota;c__Bacteroidia;o__Bacteroidales;f__p-251-o5;g__p-251-o5	0.9999976117802117
97f9116e0425ec096adf5b6c3d5b5d08	d__Bacteria;p__Bacteroidota;c__Bacteroidia;o__Bacteroidales;f__Prevotellaceae;g__Prevotella	0.9994284760905515
421a1900b2efe29f03bcb5ad6480dac7	d__Bacteria	0.8409607146318944
c5158195ad34b89b0ab7b9a1dea5c07b	d__Bacteria;p__Actinobacteriota;c__Actinobacteria;o__Micrococcales	0.9781761039540326
f095c8614f7776b6ebffb31edc930671	d__Bacteria;p__Cyanobacteria;c__Vampirivibrionia;o__Gastranaerophilales;f__Gastranaerophilales;g__Gastranaerophilales	0.821169733121315
f9e3fe4496a41cbff4190ae212ff659d	d__Bacteria;p__Firmicutes;c__Negativicutes;o__Veillonellales-Selenomonadales;f__Veillonellaceae;g__Dialister	0.9997632229690042
b116cfdd3ff026bb4222c4a7caeff365	d__Bacteria;p__Proteobacteria;c__Gammaproteobacteria;o__Pseudomonadales;f__Pseudomonadaceae;g__Pseudomonas	0.9898638543834533
3535d3aecced402dbeaf21cf3ca2f56b	d__Bacteria;p__Firmicutes;c__Clostridia;o__Clostridiales;f__Clostridiaceae;g__Clostridium_sensu_stricto_1	0.9999906100089192
6b931571eaabe91387bc1e52bec52765	d__Bacteria;p__Firmicutes;c__Clostridia;o__Eubacteriales;f__Eubacteriaceae	0.9999775590983925
e56b022253d2e5f1809d5009feb161f7	d__Bacteria;p__Firmicutes;c__Clostridia;o__Clostridia_UCG-014;f__Clostridia_UCG-014;g__Clostridia_UCG-014	0.9999999999998749
18b2896f778a98fce295a6878a8c4778	d__Bacteria;p__Firmicutes;c__Bacilli;o__Lactobacillales;f__Lactobacillaceae;g__Lactobacillus	0.9994723497727239
32532c0fcca81eb3c992ced9097595e5	d__Bacteria;p__Firmicutes;c__Clostridia;o__Lachnospirales;f__Lachnospiraceae;g__Lachnospiraceae_AC2044_group	0.9419516093715327
7aed082ce630edc2cd7a29a7d2a1727f	d__Bacteria;p__Bacteroidota;c__Bacteroidia;o__Bacteroidales;f__Prevotellaceae;g__Alloprevotella	0.9327392405480981
a51927924402f4c602b04300c8028f33	d__Bacteria;p__Firmicutes;c__Negativicutes;o__Acidaminococcales;f__Acidaminococcaceae;g__Phascolarctobacterium	0.9999928573739562
b62e66860841852ac4d5f02c6ffa7f60	d__Bacteria;p__Firmicutes;c__Clostridia;o__Peptostreptococcales-Tissierellales;f__Peptostreptococcaceae;g__Terrisporobacter	0.9935051028385465
e2eeb4d5a5f9444db8171d61f4d82daa	d__Bacteria	0.7756948691366797
8fd0c43185751bb0fe2bb9729d7a9c7f	d__Bacteria;p__Bacteroidota;c__Bacteroidia;o__Bacteroidales;f__Rikenellaceae;g__Anaerocella	0.9988632555357325
6bf8ff8702f90e91f63f6f46b8aa7978	d__Bacteria	0.7891509985466709
3bdf23bedd0478ae0e60a243549742c6	d__Bacteria;p__Bacteroidota;c__Bacteroidia;o__Bacteroidales;f__Prevotellaceae;g__Prevotella	0.9999993986273323
51a28d9d4d698020a663c2d5a7910fdc	d__Bacteria;p__Firmicutes;c__Clostridia;o__Peptostreptococcales-Tissierellales;f__Peptostreptococcaceae	0.9814136192239582
bc4f13c7a74710d1b75cf39c078fce5f	d__Bacteria;p__Firmicutes;c__Bacilli;o__Lactobacillales;f__Carnobacteriaceae;g__Trichococcus	0.9442751955010333
637b1fcdfc7d00cbef14d1dab10d8e65	d__Bacteria;p__Firmicutes;c__Clostridia;o__Clostridia;f__Hungateiclostridiaceae;g__HN-HF0106	0.9493404159324467
d1c03cf96de9ca0f453a960ed6fd808a	d__Bacteria;p__Firmicutes;c__Bacilli;o__Lactobacillales;f__Lactobacillaceae;g__Lactobacillus	0.9999609509214888
ad8ef45cd8acfdef074d7fa31b2c0e6b	d__Bacteria;p__Bacteroidota;c__Bacteroidia;o__Bacteroidales;f__Bacteroidaceae;g__Bacteroides	0.9576327983830878
bc64fb850c405fe68262e2eac787e7ae	d__Bacteria;p__Planctomycetota;c__Planctomycetes;o__Pirellulales;f__Pirellulaceae;g__Blastopirellula	0.9962760297825008
bd848ff06f91fd234c808d82ca1e63f2	d__Bacteria;p__Actinobacteriota;c__Actinobacteria;o__Corynebacteriales;f__Corynebacteriaceae;g__Corynebacterium	0.9999966436245096
1e1fa88e53e8855c5a60b54d08fcfffc	Unassigned	0.45928613599295487
ba63aefb05221e3b4aec498fd024b58e	d__Bacteria;p__Bacteroidota;c__Bacteroidia;o__Bacteroidales;f__Muribaculaceae;g__Muribaculaceae	0.9987979031262139
99fa13c27161c53e5db7dc56d89d00f0	d__Bacteria;p__Firmicutes;c__Clostridia	0.9999997953438362
97b09f2fc3f6856aa6fefc0a2144980d	d__Bacteria;p__Firmicutes;c__Clostridia;o__Oscillospirales;f__Oscillospiraceae;g__UCG-005	0.7248703371873465
44c2f6ec06da32568925727a010cc000	d__Archaea;p__Euryarchaeota;c__Methanobacteria;o__Methanobacteriales;f__Methanobacteriaceae;g__Methanobrevibacter	0.9159209590944659
b66a81dda7e1cb19e107dbce59a90dce	d__Bacteria;p__Actinobacteriota;c__Actinobacteria;o__Actinomycetales;f__Actinomycetaceae;g__Flaviflexus	0.9982580369964299
35bebd59c4b37d7379f262d74348a327	d__Bacteria;p__Firmicutes;c__Bacilli;o__Erysipelotrichales;f__Erysipelatoclostridiaceae;g__UCG-004	0.9399313021320826
5bd84e00cd4a152c11dc7656f82b7b1c	d__Bacteria;p__Firmicutes;c__Clostridia;o__Clostridiales;f__Clostridiaceae;g__Clostridium_sensu_stricto_1	0.9999921828824228
40cff1214115fd04a95ce16718f4307d	d__Bacteria;p__Firmicutes;c__Clostridia;o__Peptostreptococcales-Tissierellales;f__Peptostreptococcaceae;g__Terrisporobacter	0.9314020549678388
d310528c7201e349ca61eb8dd943c50a	d__Bacteria;p__Firmicutes;c__Clostridia;o__Peptostreptococcales-Tissierellales;f__Peptostreptococcales-Tissierellales;g__Helcococcus	0.9632691075222938
24cd0ccec3fd6eb77af82a189ccd0789	d__Bacteria;p__Firmicutes;c__Bacilli;o__Erysipelotrichales;f__Erysipelatoclostridiaceae;g__UCG-004	0.9993236478354278
15890108cecee953d57ecc1cc3168dd0	d__Bacteria;p__Firmicutes;c__Clostridia;o__Peptostreptococcales-Tissierellales;f__Peptostreptococcales-Tissierellales;g__Anaerosalibacter	0.8747811613739128
42ba93744a3dc420e7b8269be5a50726	d__Bacteria;p__Bacteroidota;c__Bacteroidia;o__Bacteroidales;f__Prevotellaceae;g__Prevotella	0.9126158280969984
8f43d322e3255461066dd99f93b325d1	d__Bacteria;p__Bacteroidota;c__Bacteroidia;o__Bacteroidales;f__Marinifilaceae;g__Odoribacter	0.9794059905504798
9de626795d7842ed748e914c065595d9	d__Bacteria;p__Firmicutes;c__Clostridia;o__Peptostreptococcales-Tissierellales;f__Peptostreptococcaceae	0.9768188390736507
7a6cb708a0b902885f48c1472a39b131	d__Bacteria;p__Firmicutes;c__Clostridia;o__Clostridia;f__Hungateiclostridiaceae;g__Fastidiosipila	0.9965920691117465
0ddc4c7cf280d10178958e2cf27a1cf1	d__Bacteria;p__Spirochaetota;c__Spirochaetia;o__Spirochaetales;f__Spirochaetaceae;g__Sphaerochaeta	0.9715421894728323
02e874c8a607b9e5a8454da3381c6c7b	d__Bacteria;p__Cyanobacteria;c__Vampirivibrionia;o__Gastranaerophilales;f__Gastranaerophilales;g__Gastranaerophilales	0.9533735177089314
a190bc3255d1fab502938e0100d13b08	d__Bacteria;p__Bacteroidota;c__Bacteroidia;o__Bacteroidales;f__Prevotellaceae;g__Prevotella	0.8521858384358427
b7c448bb8d07e1fec15ea3c065de87ab	d__Bacteria;p__Verrucomicrobiota;c__Kiritimatiellae;o__113B434;f__113B434;g__113B434	0.9999999981646681
37d3e8f4b541ca980ba5507bd30bff69	d__Bacteria;p__Bacteroidota;c__Bacteroidia;o__Bacteroidales;f__Bacteroidetes_vadinHA17;g__Bacteroidetes_vadinHA17	0.999999208972858
084ebfb4df258dddb3e4e13d7c526245	d__Bacteria;p__Firmicutes;c__Clostridia;o__Oscillospirales;f__UCG-010;g__UCG-010	0.8391958940911473
e1d31c6a59787f20f72c308b51942bde	d__Bacteria;p__Bacteroidota;c__Bacteroidia;o__Sphingobacteriales;f__Sphingobacteriaceae;g__Sphingobacterium	0.9949313907634122
ac3c195b7ce9c4ce6bd50e3bc235025e	d__Archaea;p__Thermoplasmatota;c__Thermoplasmata;o__Methanomassiliicoccales;f__Methanomethylophilaceae;g__Candidatus_Methanoplasma	0.7386643625919002
3835fff52fb76f2a20878065571f2e5e	d__Bacteria;p__Bacteroidota;c__Bacteroidia;o__Bacteroidales;f__Prevotellaceae;g__Prevotellaceae_UCG-003	0.999997744794519
fce0dbf523ba50a5b31823685f99cc2c	d__Bacteria;p__Proteobacteria;c__Gammaproteobacteria;o__Xanthomonadales;f__Xanthomonadaceae;g__Stenotrophomonas	0.9999885361125566
5633f0ebe38ea3336b1c0bcda26bd634	d__Bacteria;p__Spirochaetota;c__Spirochaetia;o__Spirochaetales;f__Spirochaetaceae;g__Treponema	0.9999999999708922
46d4c7b5b47e4a9c324d91a6a58b1a7e	d__Bacteria;p__Firmicutes;c__Clostridia;o__Clostridia;f__Hungateiclostridiaceae;g__HN-HF0106	0.9621604575330127
49fe5e0aaaffb1b5e721edc0ae3384b9	Unassigned	0.36151124447774474
a3a07382035070261199d4e1d2f79919	d__Bacteria;p__Firmicutes;c__Syntrophomonadia;o__Syntrophomonadales;f__Syntrophomonadaceae;g__Syntrophomonas	0.9998849440808567
ed0a0f44514b5424c10cc31ed42b5c6c	d__Bacteria;p__Firmicutes;c__Thermoanaerobacteria;o__Thermoanaerobacterales;f__SRB2;g__SRB2	0.9761781433197435
e172c8d4ea50237b0507b2d41af897b3	d__Bacteria;p__Firmicutes;c__Bacilli;o__Erysipelotrichales;f__Erysipelotrichaceae;g__Turicibacter	0.99893012066852
6bbe8021694c05f1366ecf6120c487b3	d__Bacteria;p__Firmicutes;c__Clostridia;o__Oscillospirales;f__UCG-010;g__UCG-010	0.7894199499017583
0a47ac79ef4da7af6d795632f2dc3da8	d__Bacteria;p__Firmicutes;c__Clostridia;o__Clostridiales;f__Clostridiaceae;g__Clostridium_sensu_stricto_1	0.953044164369438
5ce387997a1cdd16976e37326979b8c7	d__Bacteria;p__Firmicutes;c__Bacilli;o__Izemoplasmatales;f__Izemoplasmatales;g__Izemoplasmatales	0.9994668270449224
67c42347ecc5371ba13f2d814ca59139	d__Bacteria;p__Firmicutes;c__Clostridia;o__Oscillospirales;f__Oscillospiraceae;g__NK4A214_group	0.9999819848440974
25a4bb092d17a8158f244de55c130976	d__Bacteria;p__Spirochaetota;c__Spirochaetia;o__Spirochaetales;f__Spirochaetaceae;g__Sphaerochaeta	0.9553866466387627
7bb293232a14118661ae0658e2b95ac2	d__Bacteria;p__Firmicutes;c__Bacilli;o__Bacillales;f__Bacillaceae;g__Pseudogracilibacillus	0.74891808102197
2e68ea7dc21642f994fa8da87a23d72e	d__Bacteria;p__Firmicutes;c__Bacilli;o__Lactobacillales;f__Lactobacillaceae;g__Lactobacillus	0.7741015510805688
9e19ef26db37fd68ce6df06355fa5ad6	d__Bacteria;p__Firmicutes;c__Clostridia;o__Clostridiales;f__Clostridiaceae;g__Clostridium_sensu_stricto_1	0.7041754766304283
ca83db65f068e18593b897033f751e74	d__Bacteria;p__Spirochaetota;c__Spirochaetia;o__Spirochaetales;f__Spirochaetaceae;g__Treponema	0.7608012981694671
70ca2a28093a5d3c187a5ead6ef4fcdf	d__Bacteria	0.9317513100600695
1b29bef28813ee8f2feb4558d4a8da03	d__Bacteria;p__Firmicutes;c__Clostridia;o__Peptostreptococcales-Tissierellales;f__Peptostreptococcales-Tissierellales;g__Alkaliphilus	0.9275258575937393
c8f96ce2fdcbead23604df9f4f5eae63	d__Bacteria	0.9999999999808172
8b433090bc9692347012d1f1a284211e	d__Bacteria;p__Firmicutes;c__Clostridia;o__Peptostreptococcales-Tissierellales;f__Peptostreptococcales-Tissierellales;g__uncultured	0.7326320884952129
deba47569372e5cb4b6067bbea8d7923	d__Bacteria;p__Bacteroidota;c__Bacteroidia;o__Bacteroidales;f__Prevotellaceae;g__uncultured	0.9807125525810054
24c17ef57d2bc16b79b344343f5b0f2a	d__Bacteria;p__Firmicutes;c__Clostridia;o__Clostridia_vadinBB60_group;f__Clostridia_vadinBB60_group;g__Clostridia_vadinBB60_group	0.9935398776409049
a553827c32df4d002281c8f196cf8bc4	d__Bacteria;p__Firmicutes;c__Bacilli;o__RF39;f__RF39;g__RF39	0.9999999999992778
4321f942cb189db57d521f9c6dcf4cc3	d__Bacteria;p__Spirochaetota;c__Spirochaetia;o__Spirochaetales;f__Spirochaetaceae;g__Sphaerochaeta	0.7261949554556538
d95f7e61e7b1af5224ab1443b7881952	d__Bacteria	0.999450440711218
7f9db26ede7ea026d0f45f6357162562	d__Bacteria;p__Bacteroidota;c__Bacteroidia;o__Bacteroidales;f__Rikenellaceae;g__Rikenellaceae_RC9_gut_group	0.9307484683602879
f4c66311b28ddf6450648b5f7b8d88ea	d__Bacteria;p__Spirochaetota;c__Spirochaetia;o__Spirochaetales;f__Spirochaetaceae;g__Sphaerochaeta	0.9971085130130432
6197418caa66002827aed018b61387a3	d__Bacteria;p__Proteobacteria;c__Gammaproteobacteria;o__Burkholderiales;f__Sutterellaceae;g__Sutterella	0.9975386270161097
64b67024d5711a124014a6a4dc8d9bb8	d__Archaea;p__Euryarchaeota;c__Methanobacteria;o__Methanobacteriales;f__Methanobacteriaceae;g__Methanosphaera	0.9999999859422506
ba07edff3885fc7050339cf9b50dcb6b	d__Archaea;p__Halobacterota;c__Methanomicrobia;o__Methanomicrobiales;f__Methanomicrobiaceae;g__Methanoculleus	0.9999999904817828
22ecaed0da8306b4471ebb554b29a2ad	d__Bacteria;p__Firmicutes;c__Clostridia;o__Eubacteriales;f__Garciellaceae;g__Irregularibacter	0.9999995818440389
753917be7970e70f2a6d5975b18f2839	d__Bacteria;p__Bacteroidota;c__Bacteroidia;o__Bacteroidales;f__Dysgonomonadaceae;g__Proteiniphilum	0.9999302998904328
3ef1bd0f31fcec5430f93a74fea79924	d__Bacteria;p__Firmicutes;c__Bacilli;o__Lactobacillales;f__Enterococcaceae;g__Enterococcus	0.9982818958800612
d7fbfa5530d643a147bc2e416479b2fa	d__Bacteria;p__Firmicutes;c__Clostridia;o__Lachnospirales;f__Lachnospiraceae	0.9997978846903306
260d2cbe71a341e60910acc515fc4131	d__Bacteria;p__Firmicutes;c__Bacilli;o__Bacillales;f__Planococcaceae	0.8249487904793095
81ebd87fa4d66edfceada87d44874232	d__Bacteria;p__Firmicutes;c__Clostridia;o__Clostridia_UCG-014;f__Clostridia_UCG-014;g__Clostridia_UCG-014	0.7030698992356698
9d04f16241a31cca4d1d90117c23b47b	d__Bacteria;p__Firmicutes;c__Bacilli;o__Bacillales;f__Planococcaceae	0.9298889590817847
69fd7f755489d73a0232412195876b47	d__Bacteria	0.7037183814938422
c1ee70bcf44c75fd6adb61546a58d085	Unassigned	0.8135122887443706
1871c962ef4dc94b875793e9f05fdb94	d__Bacteria;p__Firmicutes;c__Clostridia;o__Peptostreptococcales-Tissierellales;f__Anaerovoracaceae;g__Mogibacterium	0.9998875881100884
872aabad5e8860617fae4e7957e09408	d__Bacteria;p__Firmicutes;c__Clostridia;o__Oscillospirales;f__[Eubacterium]_coprostanoligenes_group;g__[Eubacterium]_coprostanoligenes_group	0.977043035879545
5bfe0d0994124ba4cc8f74f54bf952b4	d__Bacteria;p__Firmicutes;c__Clostridia;o__Oscillospirales;f__Oscillospiraceae;g__uncultured	0.9962075616483591
b37ad4455b0530bccf0e93adcd797ba6	d__Bacteria;p__Verrucomicrobiota;c__Kiritimatiellae;o__WCHB1-41;f__WCHB1-41;g__WCHB1-41	0.9999907254584525
de9420c06fca5ad4fa50cb8b006d5154	d__Bacteria;p__Firmicutes;c__Clostridia;o__Clostridia;f__Hungateiclostridiaceae;g__Fastidiosipila	0.9853159675687909
46583b18d4d0946efa6ca114252679e3	d__Bacteria;p__Bacteroidota;c__Bacteroidia;o__Flavobacteriales;f__Weeksellaceae;g__Chryseobacterium	0.9276583391401497
9f88734b8c64a0e9834835bede01a2b0	d__Bacteria;p__Firmicutes;c__Clostridia;o__Peptostreptococcales-Tissierellales;f__Peptostreptococcaceae;g__Peptostreptococcus	0.999999963062187
13a094f7e7e968e16342dd14fbbe34f0	d__Bacteria	0.793900716411429
b776dc3d39cc7076b260bf7aa57443f6	d__Bacteria;p__Firmicutes;c__Clostridia;o__Oscillospirales;f__Butyricicoccaceae;g__UCG-008	0.9999966623282994
445089bb34764d833f3d7da00b523634	d__Bacteria;p__Actinobacteriota;c__Coriobacteriia;o__Coriobacteriales;f__Atopobiaceae;g__Olsenella	0.7327968856602687
e2f164264d87ec9e7d6375e719a458b2	d__Bacteria;p__Firmicutes;c__Clostridia;o__Oscillospirales;f__Oscillospiraceae;g__UCG-005	0.9209402727404454
db69fd3eb338294e7b01adf679cd04b3	d__Bacteria;p__Firmicutes;c__Clostridia;o__Clostridia;f__Hungateiclostridiaceae	0.9190064568503737
b3046ee936aafabd4d52df40a5937d8b	Unassigned	0.36198103907143175
68fd002db55ce633f4a92098e511398f	d__Bacteria;p__Bacteroidota;c__Bacteroidia;o__Bacteroidales;f__Paludibacteraceae;g__uncultured	0.9886365779200529
153910cc75536d877b16384350b0ab76	d__Bacteria;p__Firmicutes;c__Negativicutes;o__Veillonellales-Selenomonadales;f__Selenomonadaceae	0.9999999980710413
456c4f27c3f0781c4d1ada4680539e6e	d__Bacteria;p__Firmicutes;c__Clostridia;o__Clostridia_UCG-014;f__Clostridia_UCG-014;g__Clostridia_UCG-014	0.9999999999999791
7fd8bcbda5adbc624399bebc2eebf1aa	d__Bacteria;p__Firmicutes;c__Clostridia;o__Clostridiales;f__Clostridiaceae;g__Clostridium_sensu_stricto_1	0.9927735426698904
f20f56af5fea065f5d5a7fbc8ff04eb5	d__Bacteria;p__Desulfobacterota;c__Desulfovibrionia;o__Desulfovibrionales;f__Desulfovibrionaceae;g__Desulfovibrio	0.9999926904717058
e34b3a1ebf0048ecc3420150bda25f82	d__Bacteria;p__Bacteroidota;c__Bacteroidia;o__Bacteroidales;f__Muribaculaceae;g__Muribaculaceae	0.9177697614191265
fc4585759632da2808fe8e5e18203233	d__Bacteria;p__Firmicutes;c__Clostridia;o__Oscillospirales;f__Ruminococcaceae;g__Ruminococcus	0.8732542090384968
bd90d0915c8fb9d7176d25117c664f16	Unassigned	0.8574972493733162
1ac15fd5026382fe68dd66e5fc67ea05	d__Bacteria;p__Firmicutes;c__Bacilli;o__Lactobacillales;f__Streptococcaceae;g__Streptococcus	0.7477796674478702
c0056a4b7c78f47b091c5e0a41e92aa5	d__Bacteria;p__Firmicutes;c__Clostridia;o__Clostridia;f__Hungateiclostridiaceae;g__Fastidiosipila	0.9999991855127298
8f084764539bdddf2d5606fc19f18783	d__Bacteria;p__Firmicutes;c__Bacilli;o__Lactobacillales;f__Lactobacillaceae;g__Lactobacillus	0.9996813898652771
81ef04fc448a46c418860d949afca5be	d__Bacteria;p__Proteobacteria;c__Alphaproteobacteria;o__Rhizobiales;f__Rhizobiaceae;g__Shinella	0.8701529501213798
c7294e9db48b6dc8ce7cb093e8d4702c	d__Bacteria;p__Firmicutes;c__Clostridia;o__Clostridia;f__Hungateiclostridiaceae;g__Fastidiosipila	0.9603093462664052
233cd2823ff784d111bd390e5bff5d01	d__Bacteria;p__Bacteroidota;c__Bacteroidia;o__Bacteroidales;f__Marinifilaceae;g__Sanguibacteroides	0.999994695328071
68cc60020e9149fed5d9e050a79eb484	d__Bacteria;p__Firmicutes;c__Bacilli;o__Lactobacillales;f__Lactobacillaceae;g__Lactobacillus	0.9995853714049767
6e4a3aa6d64b7eba0fba81852b6478eb	d__Bacteria;p__Firmicutes;c__Clostridia;o__Lachnospirales;f__Lachnospiraceae;g__Lachnospira	0.9905550610890033
fd929db33eb51b7ff8fd121f9fed160c	d__Bacteria;p__Bacteroidota;c__Bacteroidia;o__Bacteroidales;f__Rikenellaceae;g__Rikenellaceae_RC9_gut_group	0.9996408784607898
35ac3d1fe9527adc84490aaa082d62bc	d__Bacteria;p__Bacteroidota;c__Bacteroidia;o__Bacteroidales;f__Prevotellaceae;g__Prevotellaceae_NK3B31_group	0.9971028084742041
b8fbdd2fd539a51b068bbc9e7871c33f	d__Bacteria;p__Bacteroidota;c__Bacteroidia;o__Bacteroidales;f__Prevotellaceae;g__Prevotellaceae_UCG-003	0.9994769291660845
073e41ffbb61c3bf0918bc5efb6865c1	d__Bacteria;p__Firmicutes;c__Clostridia;o__Clostridia_UCG-014;f__Clostridia_UCG-014;g__Clostridia_UCG-014	0.999999999999529
1ef20b4809f4cce65356801b39aa34ee	d__Bacteria;p__Bacteroidota;c__Bacteroidia;o__Bacteroidales;f__Rikenellaceae;g__Rikenellaceae_RC9_gut_group	0.908697729617066
b3f8088ea837980f7d53e6aef2ef9bde	d__Bacteria;p__Bacteroidota;c__Bacteroidia;o__Bacteroidales;f__Tannerellaceae;g__Parabacteroides	0.9901019446763183
2e29460c801bc6980af601699166d7c7	d__Bacteria;p__Firmicutes;c__Bacilli;o__Erysipelotrichales;f__Erysipelatoclostridiaceae;g__UCG-004	0.9874900257109399
ca455d3a388c3bd1932e31e3bbee2d6d	d__Bacteria;p__Firmicutes;c__Bacilli;o__Lactobacillales;f__Streptococcaceae;g__Streptococcus	0.9999999922253877
12638e78754de86fdb924a761a9638b6	d__Bacteria;p__Firmicutes;c__Clostridia;o__Clostridiales;f__Clostridiaceae;g__Clostridium_sensu_stricto_1	0.8826092409604761
855914ebfb498b353aa3dba728fd4267	d__Bacteria;p__Bacteroidota;c__Bacteroidia;o__Bacteroidales;f__Dysgonomonadaceae;g__Fermentimonas	0.9907228187624227
a70842522913cb7157a24c6fd6ab311e	d__Bacteria;p__Desulfobacterota;c__Desulfovibrionia;o__Desulfovibrionales;f__Desulfovibrionaceae;g__Desulfovibrio	0.9999997729986548
a0f0576db2317664b4a67c70574997ee	d__Bacteria;p__Firmicutes;c__Clostridia;o__Peptostreptococcales-Tissierellales;f__Peptostreptococcaceae;g__Terrisporobacter	0.9702305811622037
6e0a04aabd1b5821364972e0e33876d7	d__Bacteria;p__Firmicutes;c__Clostridia;o__Peptostreptococcales-Tissierellales;f__Peptostreptococcales-Tissierellales	0.8115681460961379
9bfbba2c8dbbcdcb7f450486a8628e2c	d__Bacteria;p__Firmicutes;c__Bacilli;o__Lactobacillales;f__Carnobacteriaceae;g__Atopostipes	0.9762147907532148
7fa67f92c7e695e0dacb1cc2bb1262d1	d__Bacteria;p__Firmicutes;c__Clostridia;o__Lachnospirales;f__Lachnospiraceae;g__Blautia	0.9366491903627981
1c846411dcf151d3c283e2a0b0fe1ab6	d__Bacteria;p__Firmicutes;c__Clostridia	0.9998747830836369
e56aa5292c2700e758feca57e86107ca	d__Bacteria;p__Verrucomicrobiota;c__Lentisphaeria;o__Victivallales;f__vadinBE97;g__vadinBE97	0.9877758566954908
25c257021d6cffdd00bc557416840b4a	d__Bacteria;p__Fibrobacterota;c__Fibrobacteria;o__Fibrobacterales;f__Fibrobacteraceae;g__Fibrobacter	0.9999999999999479
94e6b36d8f02243cc161b7357557a067	d__Bacteria;p__Firmicutes;c__Clostridia;o__Peptostreptococcales-Tissierellales;f__Peptostreptococcaceae;g__Terrisporobacter	0.987081649094562
636382338d29b7509c322349e377b57e	d__Bacteria;p__Proteobacteria;c__Gammaproteobacteria;o__Aeromonadales;f__Succinivibrionaceae;g__Succinivibrio	0.9258899081567393
43ff98ed270f7c22bde1b1275646ae98	d__Bacteria;p__Firmicutes;c__Clostridia;o__Clostridia;f__Hungateiclostridiaceae;g__Fastidiosipila	0.9996828695165895
0245896fd54566a668da5d2077473c9a	d__Bacteria;p__Firmicutes;c__Clostridia;o__Clostridiales;f__Clostridiaceae;g__Clostridium_sensu_stricto_1	0.9103296271140452
87859b6c6e66e36a64927aa254f909d1	d__Bacteria;p__Firmicutes;c__Clostridia;o__Peptostreptococcales-Tissierellales;f__Peptostreptococcales-Tissierellales;g__Anaerococcus	0.999281702328968
4bf183c835549c71cbf167b3ddf853c5	d__Bacteria;p__Actinobacteriota;c__Coriobacteriia;o__Coriobacteriales;f__Eggerthellaceae	0.9953314734067594
c26113a6ea2cd6e4896b27cc63988ee7	d__Bacteria;p__Firmicutes;c__Negativicutes;o__Acidaminococcales;f__Acidaminococcaceae;g__Phascolarctobacterium	0.9999999524497272
d11647c021e66db4fd78c3461ae3198e	d__Bacteria;p__Actinobacteriota;c__Actinobacteria;o__Glycomycetales;f__Glycomycetaceae;g__Glycomyces	0.9730286447393421
fa2c5694550f0dde04e0d5aa7e677718	d__Bacteria;p__Bacteroidota;c__Bacteroidia;o__Bacteroidales;f__Prevotellaceae;g__Prevotellaceae_NK3B31_group	0.7251293596197157
a19b518bcc8e1965f230f79bf4acf399	d__Bacteria;p__Firmicutes;c__Bacilli;o__Mycoplasmatales;f__Mycoplasmataceae;g__Mycoplasma	0.9988996394502886
6687885c8da2479a849ddcfe6ca39c26	d__Bacteria;p__Firmicutes;c__Clostridia;o__Clostridiales;f__Clostridiaceae;g__Clostridium_sensu_stricto_1	0.7602694014477921
ba598f4ca5fee3d0df0ff7579a0cf52a	d__Archaea;p__Euryarchaeota;c__Methanobacteria;o__Methanobacteriales;f__Methanobacteriaceae;g__Methanosphaera	0.7512444996735971
9b6af7c9c11a75e902d034d3039a2cf2	d__Bacteria;p__Bacteroidota;c__Bacteroidia;o__Bacteroidales;f__Rikenellaceae;g__SP3-e08	0.9983566547570447
0f96fc876628267cddd2edbe3cd13bc1	d__Bacteria;p__Firmicutes;c__Clostridia;o__Christensenellales;f__Christensenellaceae;g__Christensenellaceae_R-7_group	0.9998247429845153
511df6bfd81361304ca9b29642f87dbb	d__Bacteria;p__Actinobacteriota;c__Actinobacteria	0.9999973515835038
92a67c7692312006304ce91f87a073c6	d__Bacteria;p__Patescibacteria;c__Saccharimonadia;o__Saccharimonadales;f__Saccharimonadaceae;g__TM7a	0.9994031162269562
832b41f89c9bbadc36f3a7dcbc32c509	d__Bacteria;p__Firmicutes;c__Clostridia;o__Clostridiales;f__uncultured;g__uncultured	0.91382093418011
c67c6e210930b1e2b392a9577e491e8f	d__Bacteria;p__Spirochaetota;c__Spirochaetia;o__Spirochaetales;f__Spirochaetaceae;g__Sphaerochaeta	0.9908638585224173
475f453bc0b97d8d336591c6b876b55a	d__Bacteria;p__Firmicutes;c__Clostridia;o__Oscillospirales;f__Ruminococcaceae;g__Ruminococcus	0.9102714439382642
918cb1c8e939874ea58d57ceb67c6163	d__Bacteria;p__Firmicutes;c__Clostridia;o__Peptostreptococcales-Tissierellales;f__Peptostreptococcaceae;g__Terrisporobacter	0.7380600436914206
8160d0341440b43a8cd6a2abfa3b1369	d__Bacteria;p__Firmicutes;c__Bacilli;o__Lactobacillales;f__Carnobacteriaceae;g__Trichococcus	0.9863538081868706
9f6ae5e2cdb968c1ca6bfa836bd52114	d__Bacteria;p__Actinobacteriota;c__Actinobacteria;o__Streptosporangiales;f__Nocardiopsaceae;g__Nocardiopsis	0.7315946074139688
47ab8a4d5227b540c60558a07d61ce6c	d__Bacteria;p__Cyanobacteria;c__Vampirivibrionia;o__Gastranaerophilales;f__Gastranaerophilales;g__Gastranaerophilales	0.9687056631612267
8294f1951dd32ac51cd019de0c83031b	d__Bacteria;p__Bacteroidota;c__Bacteroidia;o__Bacteroidales;f__Rikenellaceae;g__Rikenellaceae_RC9_gut_group	0.998874043589416
9a30d6ac98919cbd63861347415bcee2	d__Bacteria;p__Firmicutes;c__Bacilli;o__Erysipelotrichales;f__Erysipelotrichaceae;g__Turicibacter	0.9985019293859058
ed8a43d8efc86f8346570fb523f3364e	d__Bacteria;p__Bacteroidota;c__Bacteroidia;o__Bacteroidales;f__Muribaculaceae;g__Muribaculaceae	0.9999992825520977
6121eab60a086601f541804ffc33d579	d__Bacteria;p__Bacteroidota;c__Bacteroidia;o__Bacteroidales;f__Prevotellaceae;g__Alloprevotella	0.9999999999602752
85d56f5b7412637e33e0b604d538b4bd	d__Bacteria;p__Bacteroidota;c__Bacteroidia;o__Bacteroidales;f__Prevotellaceae;g__Prevotellaceae_NK3B31_group	0.9992294277771757
f615da027f65bcee1301b792825cb345	d__Bacteria;p__Firmicutes;c__Clostridia;o__Peptostreptococcales-Tissierellales;f__Peptostreptococcales-Tissierellales;g__Gallicola	0.9940253598997602
d14b4daf06936bddb47303d5b46ff4ab	d__Bacteria;p__Firmicutes;c__Bacilli;o__Lactobacillales;f__Lactobacillaceae;g__Lactobacillus	0.9986161325504503
e3dd0fea6cf88c1c152516be1a81ca8c	d__Bacteria;p__Bacteroidota;c__Bacteroidia;o__Bacteroidales;f__Prevotellaceae;g__Prevotella	0.7235862782643029
87ca2818c96140eb268f8c9a68c1fb90	d__Bacteria;p__Actinobacteriota;c__Actinobacteria;o__Micrococcales;f__Microbacteriaceae;g__Leucobacter	0.9895831005852073
86ef5a2fc0ea723f9124ad494a26b800	d__Bacteria;p__Spirochaetota;c__Spirochaetia;o__Spirochaetales;f__Spirochaetaceae;g__Treponema	0.9999977364988174
fdcffc3c7b176602ac5523ff88bc00d0	d__Bacteria;p__Bacteroidota;c__Bacteroidia;o__Bacteroidales;f__Prevotellaceae	0.9999998992848436
053b254aa7f0a7206c0d4fbdbe6f4c08	d__Bacteria;p__Bacteroidota;c__Bacteroidia;o__Bacteroidales;f__Prevotellaceae;g__Alloprevotella	0.9999999999019017
0797bbf9950cd6496a45715929acffe3	d__Bacteria;p__Firmicutes;c__Clostridia;o__Clostridiales;f__Clostridiaceae;g__Clostridium_sensu_stricto_1	0.9898503738592335
b8c45112d73ce47b735eb6bcc055113a	d__Bacteria;p__Firmicutes;c__Clostridia;o__Oscillospirales;f__Ruminococcaceae;g__Ruminococcus	0.7958563919348162
416c2341b0a8004acfe7ad4e80706301	d__Bacteria;p__Proteobacteria;c__Gammaproteobacteria;o__Cardiobacteriales;f__Wohlfahrtiimonadaceae;g__Ignatzschineria	0.9999997425458153
87d9b64c1535b42df90123180675be63	d__Bacteria;p__Firmicutes;c__Bacilli;o__Lactobacillales;f__Lactobacillaceae;g__Lactobacillus	0.9993523769115104
8cac4f0a93128846f305e00e2320ab87	d__Bacteria;p__Firmicutes;c__Clostridia;o__Peptostreptococcales-Tissierellales;f__Peptostreptococcaceae;g__Terrisporobacter	0.9960651039368275
76a77442330357f786b40bd0c8d7b969	d__Bacteria;p__Firmicutes;c__Clostridia	0.997274802258278
9a610516b67abffd316810b183f2a4f8	d__Bacteria;p__Bacteroidota;c__Bacteroidia;o__Bacteroidales;f__Rikenellaceae;g__uncultured	0.9999999241574387
84d76f116862e6204fac2e7b8d091eef	d__Bacteria;p__Spirochaetota;c__Spirochaetia;o__Spirochaetales;f__Spirochaetaceae;g__Treponema	0.8699047007780756
f0a969ee40687823b2ba7dd845d0d171	d__Bacteria;p__Verrucomicrobiota;c__Verrucomicrobiae;o__Verrucomicrobiales;f__Akkermansiaceae;g__Akkermansia	0.9999931104696324
0f89c54ca205ede1d7100b26c92d61eb	d__Bacteria;p__Bacteroidota;c__Bacteroidia;o__Bacteroidales;f__Prevotellaceae;g__Prevotellaceae_UCG-001	0.998804368489352
40c8e001be82a16db17c41eee94a77fa	d__Bacteria;p__Bacteroidota;c__Bacteroidia;o__Chitinophagales;f__uncultured;g__uncultured	0.7906257003230431
78aa84401b4e6cda91f765e6fe48d3b5	d__Bacteria;p__Cyanobacteria;c__Vampirivibrionia;o__Gastranaerophilales;f__Gastranaerophilales;g__Gastranaerophilales	0.9437705246489233
4682c07f6492747e6cdb3025248aef29	d__Bacteria;p__Firmicutes;c__Bacilli;o__Lactobacillales;f__Lactobacillaceae;g__Lactobacillus	0.9985030586883891
980f3a4221d78f7bbdf41ed7003660a6	d__Bacteria;p__Spirochaetota;c__Spirochaetia;o__Spirochaetales;f__Spirochaetaceae;g__Sphaerochaeta	0.9726567129430678
b07f42e69010669fb9a3c520e3edcb16	d__Bacteria;p__Firmicutes;c__Bacilli;o__Lactobacillales;f__Lactobacillaceae;g__Lactobacillus	0.9991088480500575
9043b087b78eb641a55e61db798eed58	d__Bacteria;p__Bacteroidota;c__Bacteroidia;o__Sphingobacteriales;f__Sphingobacteriaceae;g__Sphingobacterium	0.870088633133662
80e35352eee3bc3343eeb70b3047ca75	d__Bacteria	0.8352946981650482
a71e59fadfe49e70307bdd1d346210ec	d__Bacteria;p__Firmicutes;c__Clostridia;o__Oscillospirales;f__Oscillospiraceae;g__UCG-005	0.8784092982622442
d08e995b53d6387dffc5d1a997ae7e3c	d__Bacteria;p__Firmicutes;c__Bacilli;o__Lactobacillales;f__Lactobacillaceae;g__Lactobacillus	0.9989883484467555
6ac4d404b574de4ab06712bb38b6e859	d__Bacteria;p__Bacteroidota;c__Bacteroidia;o__Flavobacteriales;f__Weeksellaceae;g__Chryseobacterium	0.9999953618910209
4ab0140b78db79336bbdd3fdb37b597c	d__Bacteria;p__Firmicutes;c__Clostridia;o__Peptostreptococcales-Tissierellales;f__Peptostreptococcaceae;g__Terrisporobacter	0.9987239213452437
7822090f49b4b47a164e49216e9c9f33	d__Bacteria;p__Firmicutes;c__Clostridia;o__Peptostreptococcales-Tissierellales;f__Peptostreptococcales-Tissierellales;g__Anaerococcus	0.7248516708098331
4f580a94929d85ad3059267e2eea7320	d__Bacteria;p__Firmicutes;c__Clostridia;o__Clostridia;f__Hungateiclostridiaceae;g__Fastidiosipila	0.9993993682060986
26d9122c89efc4462703af406a3dc979	d__Bacteria;p__Firmicutes;c__Clostridia;o__Clostridia_vadinBB60_group;f__Clostridia_vadinBB60_group;g__Clostridia_vadinBB60_group	0.9977950076058375
dd315ad3b04420372fe36a10c4dc463b	d__Bacteria;p__Bacteroidota;c__Bacteroidia;o__Bacteroidales;f__Muribaculaceae;g__Muribaculaceae	0.9108526922144076
b6c79ba5c3452edf596425b266b996b3	d__Bacteria;p__Cyanobacteria;c__Vampirivibrionia;o__Gastranaerophilales;f__Gastranaerophilales;g__Gastranaerophilales	0.8673821232764312
393037deac13e894b66a17697b990c83	d__Bacteria;p__Bacteroidota;c__Bacteroidia;o__Bacteroidales;f__Muribaculaceae;g__Muribaculaceae	0.952155056889105
fe1992612e03afd0f6d44248f149eb63	d__Bacteria;p__Spirochaetota;c__Spirochaetia;o__Spirochaetales;f__Spirochaetaceae;g__Treponema	0.716369158049612
87cd8bc9af3b4accf7110e97a662af60	d__Bacteria;p__Firmicutes;c__Clostridia;o__Clostridiales;f__Clostridiaceae;g__Clostridium_sensu_stricto_1	0.7542377880137545
c2d7d5186c3bd35fd52750acc2849abc	d__Bacteria;p__Firmicutes;c__Bacilli;o__Lactobacillales;f__Streptococcaceae;g__Streptococcus	0.9998563429664117
126ed91651269b8f54efd2fc9ea337c2	d__Bacteria;p__Firmicutes;c__Bacilli;o__Lactobacillales	0.9835253087142608
a94516009041ff53831a0d77809333b7	d__Bacteria;p__Actinobacteriota;c__Actinobacteria;o__Micrococcales;f__Dermabacteraceae;g__Brachybacterium	0.9991217916170505
18e832a588df6fc331be863009c71ead	d__Bacteria;p__Firmicutes;c__Bacilli;o__Erysipelotrichales;f__Erysipelotrichaceae;g__Turicibacter	0.9987701793109357
133c9407f18c7726db7b47daa35a5d46	d__Bacteria;p__Firmicutes;c__Clostridia;o__Oscillospirales;f__Ruminococcaceae;g__uncultured	0.9994725899605194
b196cad6bfbe87a4ac073574104c16fb	d__Bacteria;p__Bacteroidota;c__Bacteroidia;o__Flavobacteriales;f__Flavobacteriaceae;g__Aequorivita	0.9999923063020663
d5e6fe3a7a69ba48cf183ebc49168e80	d__Bacteria;p__Firmicutes;c__Clostridia;o__Lachnospirales;f__Lachnospiraceae	0.9999993732876169
ef81dc8ab5e030215291b4a21b4a6397	d__Bacteria;p__Firmicutes;c__Clostridia;o__Clostridiales	0.7621521220417115
cfcb132e5c7f15a45de4359507d8ce0b	d__Bacteria;p__Firmicutes;c__Clostridia;o__Clostridia_UCG-014;f__Clostridia_UCG-014;g__Clostridia_UCG-014	0.9171411024433134
067ee7f150454376fbbf8c59af5fcb21	d__Bacteria;p__Firmicutes;c__Clostridia;o__Peptostreptococcales-Tissierellales;f__Peptostreptococcaceae;g__Terrisporobacter	0.9698175127516484
b86c893fafe0479ea73b2e7e9b0dcb09	d__Bacteria;p__Bacteroidota;c__Bacteroidia;o__Bacteroidales;f__Rikenellaceae	0.9999344241242066
ef45abf7735418c02c26626af95a3301	d__Bacteria;p__Firmicutes;c__Clostridia;o__Peptostreptococcales-Tissierellales;f__Sedimentibacteraceae;g__Sedimentibacter	0.7245692867459606
43f222f4eaa68163870036805e1d8472	d__Bacteria;p__Firmicutes;c__Clostridia;o__Peptostreptococcales-Tissierellales;f__Anaerovoracaceae;g__Family_XIII_AD3011_group	0.8918128887661652
67f648127cd5502f2118f9946ecade37	d__Bacteria;p__Bacteroidota;c__Bacteroidia;o__Bacteroidales;f__Williamwhitmaniaceae;g__Blvii28_wastewater-sludge_group	0.775157463372527
0e79506270891e07a535da7b817d5c9e	d__Bacteria;p__Firmicutes;c__Clostridia;o__Oscillospirales;f__Oscillospiraceae;g__NK4A214_group	0.8483397085401869
6b9cbb9bb55ad92d51727c1e49661e57	d__Bacteria;p__Spirochaetota;c__Spirochaetia;o__Spirochaetales;f__Spirochaetaceae;g__Treponema	0.9999998148460104
aa62380a7be6625042f1bf92b40a5d27	d__Bacteria;p__Firmicutes;c__Negativicutes;o__Acidaminococcales;f__Acidaminococcaceae;g__Succiniclasticum	0.9999502421167109
6ef357b736ee6c62497e69ee28aa1b6e	d__Bacteria;p__Campilobacterota;c__Campylobacteria;o__Campylobacterales;f__Helicobacteraceae;g__Helicobacter	0.9338315420821077
db5b0a6dae682a0fffe9a0e927596ce5	d__Bacteria;p__Verrucomicrobiota;c__Kiritimatiellae;o__WCHB1-41;f__WCHB1-41;g__WCHB1-41	0.9995203926003815
73e449874e3a8caef0e9a244688cd730	d__Bacteria;p__Actinobacteriota;c__Actinobacteria;o__Micrococcales;f__Microbacteriaceae;g__Leucobacter	0.8769061656955341
db29eb66b9d7452ede26a32fc6c803fb	d__Bacteria;p__Firmicutes;c__Bacilli;o__Lactobacillales;f__Streptococcaceae;g__Streptococcus	0.9998688462206561
6a794fbd6ba8660eca1a2776e4003996	d__Bacteria;p__Firmicutes;c__Clostridia;o__Oscillospirales;f__Oscillospiraceae;g__uncultured	0.979159641669605
d526569e616f687a43deee705e2552d2	d__Bacteria;p__Firmicutes;c__Bacilli;o__Erysipelotrichales;f__Erysipelatoclostridiaceae;g__UCG-004	0.9994995849376271
534a5bd9585d42d23b779fe53852313a	d__Bacteria;p__Firmicutes;c__Clostridia;o__Clostridia;f__Hungateiclostridiaceae;g__Fastidiosipila	0.9871554647507871
b56704f5e88ac3b1f0643903b6549972	d__Bacteria;p__Actinobacteriota;c__Actinobacteria;o__Corynebacteriales;f__Corynebacteriaceae;g__Corynebacterium	0.999993116358771
9ba70609362ed5c1594480746b1b65ba	d__Bacteria;p__Firmicutes;c__Bacilli;o__RF39;f__RF39;g__RF39	0.8779215224124737
38a95c799bd36b63ef0eeccf70c79c35	d__Bacteria;p__Verrucomicrobiota;c__Kiritimatiellae;o__WCHB1-41;f__WCHB1-41;g__WCHB1-41	0.9955927428885653
5eb5d7fb32358260b2cd5abc2008a500	d__Bacteria;p__Bacteroidota;c__Bacteroidia;o__Bacteroidales;f__Tannerellaceae;g__Parabacteroides	0.9014938903904045
66977ffc12f986ba97d5eb0efffab72d	d__Bacteria;p__Bacteroidota;c__Bacteroidia;o__Bacteroidales;f__Muribaculaceae;g__Muribaculaceae	0.9952126874320654
aa3bcda73cf33dfad034b2bf357daac5	d__Bacteria;p__Firmicutes;c__Clostridia;o__Clostridiales;f__Clostridiaceae;g__Clostridium_sensu_stricto_1	0.7332265901252742
97317926e4c5c638fc3d65b77f7fdea0	d__Bacteria;p__Firmicutes;c__Bacilli;o__Bacillales;f__Planococcaceae;g__Savagea	0.9999957227425355
30ad5f73d76d382f71176fc96d84372e	d__Bacteria;p__Firmicutes;c__Clostridia;o__Peptostreptococcales-Tissierellales;f__Peptostreptococcaceae;g__uncultured	0.8135817411196615
f9709862c15d9abc0737fa675b18cd33	d__Bacteria;p__Firmicutes;c__Bacilli;o__Staphylococcales;f__Staphylococcaceae;g__Jeotgalicoccus	0.9999988106075447
78c004fbb72e53bd80051934fe81dcf1	d__Bacteria;p__Bacteroidota;c__Bacteroidia;o__Flavobacteriales;f__Flavobacteriaceae;g__Flavobacterium	0.7514430153031438
3845a8ebf59b47e6faf0f833627746f1	d__Bacteria;p__Bacteroidota;c__Bacteroidia;o__Bacteroidales;f__Prevotellaceae;g__Prevotella	0.9991562250754442
dc142b7d0cdd06250dcd52521e623f4d	d__Bacteria;p__Bacteroidota;c__Bacteroidia;o__Bacteroidales;f__Prevotellaceae	0.9999994983026386
d69c9e3b482f67aedead8d927bc6155f	d__Bacteria;p__Firmicutes;c__Bacilli	0.9999911193711285
ee3bc14a86da015b9d93ccdd6160655a	d__Bacteria;p__Firmicutes;c__Clostridia;o__Clostridia;f__Hungateiclostridiaceae	0.9995409099670323
2c93d05141b273937d1446211ee26b94	d__Bacteria;p__Spirochaetota;c__Spirochaetia;o__Spirochaetales;f__Spirochaetaceae;g__Treponema	0.9143670798993152
f0c9b163df17fa910a367e52d9b4c7a6	d__Bacteria;p__Firmicutes;c__Bacilli;o__Bacillales;f__Bacillaceae;g__Pseudogracilibacillus	0.9555563676873327
913e6ad9abe7ebead228cb09c27b86c7	d__Bacteria;p__Firmicutes;c__Bacilli;o__Erysipelotrichales;f__Erysipelatoclostridiaceae;g__UCG-004	0.9962109401700586
0f7e660cf40d6ff671252870a7b596fa	d__Bacteria;p__Firmicutes;c__Bacilli	0.9983213561890397
2979153cb9dfda8cea06f5e75f207419	d__Bacteria;p__Firmicutes;c__Clostridia;o__Peptostreptococcales-Tissierellales;f__Peptostreptococcales-Tissierellales;g__Tissierella	0.8952426555171127
ac636a9478be86ca01c65b17f005c39e	d__Bacteria	0.8892054237150443
aa39f4df1969c8b92d20bb62734e9f34	d__Bacteria;p__Firmicutes;c__Clostridia;o__Clostridia_UCG-014;f__Clostridia_UCG-014;g__Clostridia_UCG-014	0.9999999999999963
8a03fefe1359a2691bbdc547cca2fb5a	d__Bacteria;p__Firmicutes	0.9995256238689161
12f0c5c7d98c4a26e7cead9f4ef730c3	d__Bacteria	0.8292766040977462
45d6be66c2d2c243b837ace8cdae76e6	d__Bacteria	0.9613191059156229
6f8eee749fad390ea6d558e3a778f2ed	d__Bacteria;p__Firmicutes;c__Clostridia;o__Oscillospirales;f__Oscillospiraceae;g__NK4A214_group	0.9999778380629527
ae2e1b10505170d67cb0e3214fb279a9	d__Bacteria;p__Firmicutes;c__Bacilli;o__Erysipelotrichales;f__Erysipelatoclostridiaceae;g__UCG-004	0.8355869702610552
810791460924dd1a52bc1cb509038ce7	d__Bacteria;p__Campilobacterota;c__Campylobacteria;o__Campylobacterales;f__Campylobacteraceae;g__Campylobacter	0.999999999999887
2fc2e62877418ba2192287184d6afa10	d__Bacteria;p__Actinobacteriota;c__Actinobacteria;o__Micrococcales;f__Brevibacteriaceae;g__Brevibacterium	0.9999999999978708
e449dac9dc963befa395d2f566e204e1	d__Bacteria;p__Firmicutes;c__Clostridia;o__Clostridiales;f__Clostridiaceae;g__Clostridium_sensu_stricto_1	0.8223382184162332
2bdaa937f63fe712e3416e5fc86e19b8	d__Bacteria;p__Firmicutes;c__Clostridia;o__Oscillospirales;f__Oscillospiraceae;g__NK4A214_group	0.9999976752232953
d5902fe010df2748a084df38a1b2398e	d__Bacteria;p__Firmicutes;c__Bacilli;o__Bacillales;f__Planococcaceae;g__Rummeliibacillus	0.9878163699289012
d8d135580cd713f29976f0e6f6c513d8	d__Bacteria;p__Firmicutes;c__Bacilli;o__Erysipelotrichales;f__Erysipelatoclostridiaceae;g__UCG-004	0.8379798903912234
5466a390149679050ad86aa80f17c10f	d__Bacteria;p__Bacteroidota;c__Bacteroidia;o__Bacteroidales;f__Dysgonomonadaceae;g__Dysgonomonas	0.8328757598094172
c7df5403333b4fcaa5a42763dd9c89db	d__Bacteria;p__Firmicutes;c__Bacilli;o__Acholeplasmatales;f__Acholeplasmataceae;g__Acholeplasma	0.9714770727519612
02d6116f9b9ee03f9928bd4720a525e3	d__Bacteria;p__Firmicutes;c__Clostridia;o__Clostridia;f__Hungateiclostridiaceae;g__HN-HF0106	0.9575387045292914
091ce4dbaba63f963358fcfac4be461b	d__Bacteria;p__Firmicutes;c__Clostridia;o__Oscillospirales;f__Oscillospiraceae;g__UCG-005	0.9999377405488306
5f91a4f3d88adc039323a8050e551058	d__Bacteria;p__Firmicutes;c__Bacilli;o__Lactobacillales;f__Lactobacillaceae;g__Lactobacillus	0.7216923987825157
e13ef4267f39f22059ff1452a63c6cff	d__Bacteria;p__Firmicutes;c__Bacilli;o__Lactobacillales;f__Lactobacillaceae;g__Lactobacillus	0.9960433881984048
06b38fcd24cd745934a06c16d00933e9	d__Bacteria;p__Firmicutes;c__Clostridia;o__Clostridia_vadinBB60_group;f__Clostridia_vadinBB60_group;g__Clostridia_vadinBB60_group	0.8756152879720772
870d3cead7af274a592cd5c6b70ec16e	d__Bacteria;p__Proteobacteria;c__Gammaproteobacteria;o__Pseudomonadales;f__Moraxellaceae;g__Acinetobacter	0.9496940039117324
d4ff9bacb8477e0c15a1adc4c85c8e82	d__Bacteria;p__Firmicutes;c__Clostridia;o__Oscillospirales;f__UCG-010;g__UCG-010	0.8212178098771626
985b8e301c244c62cb0e63e2aab44a88	d__Bacteria;p__Firmicutes;c__Clostridia;o__Clostridiales;f__Clostridiaceae;g__Clostridium_sensu_stricto_1	0.8347790633883851
78c0049da73ced9bb827727c0a84de58	d__Bacteria;p__Firmicutes;c__Bacilli;o__Bacillales;f__Bacillaceae;g__Paucisalibacillus	0.9995933617965409
7934cbe55dab6e641d5e412a081eb64f	d__Bacteria;p__Firmicutes;c__Bacilli;o__Lactobacillales;f__Carnobacteriaceae;g__Jeotgalibaca	0.86561825271293
9b2279da3b4f09c1b1b792b18e3b1dd4	d__Bacteria;p__Firmicutes;c__Clostridia;o__Peptostreptococcales-Tissierellales;f__Sedimentibacteraceae;g__Sedimentibacter	0.9999999997251113
588c65e1a691890ca174b5e37cb93f6c	d__Bacteria;p__Firmicutes;c__Bacilli;o__Lactobacillales;f__Carnobacteriaceae	0.9795710929025907
ddff6771615dfd6eb34f58f828696fda	d__Bacteria;p__Bacteroidota;c__Bacteroidia;o__Bacteroidales;f__Rikenellaceae;g__Rikenellaceae_RC9_gut_group	0.9918532587427905
920311830ca4383d1e65c8f6dad010f4	d__Bacteria;p__Firmicutes;c__Bacilli;o__Bacillales;f__Bacillaceae	0.9999783952266357
f9823a1d8bba728f00d3efd3c036c182	d__Bacteria;p__Firmicutes;c__Clostridia;o__Clostridiales;f__Clostridiaceae;g__Clostridium_sensu_stricto_1	0.8391096812275952
8869c8435c2818c68743e5b3c99486b0	d__Bacteria;p__Actinobacteriota;c__Actinobacteria;o__Micrococcales;f__Brevibacteriaceae;g__Brevibacterium	0.9999999999779549
6dab095f9aab9bdd21263b3e79df9381	d__Bacteria;p__Proteobacteria;c__Gammaproteobacteria;o__Xanthomonadales;f__Xanthomonadaceae;g__Stenotrophomonas	0.9999544019255091
798e69af310fec522bb39ff710fcb90f	d__Bacteria;p__Actinobacteriota;c__Coriobacteriia;o__Coriobacteriales;f__Eggerthellaceae;g__Paraeggerthella	0.7193600228633167
b099fff90e5be70bae91d4031e62f5df	d__Bacteria;p__Bacteroidota;c__Bacteroidia;o__Bacteroidales;f__Prevotellaceae;g__Alloprevotella	0.999999604339557
fdbedafd0b06be316ce2187b6eb0c888	d__Bacteria;p__Firmicutes;c__Bacilli;o__Lactobacillales;f__Lactobacillaceae;g__Lactobacillus	0.9999733093115588
a3b5f1ea7566b11cf0488ad0532e90a6	d__Bacteria;p__Proteobacteria;c__Gammaproteobacteria;o__Burkholderiales;f__Oxalobacteraceae;g__Oxalobacter	0.9023939811800558
7499b8d965399b8cff8e028c45c19b83	d__Bacteria;p__Firmicutes;c__Clostridia;o__Peptostreptococcales-Tissierellales;f__Peptostreptococcaceae	0.9999897821857682
c249e13f87573f6526e7be5173dca2ea	d__Bacteria;p__Firmicutes;c__Bacilli;o__Erysipelotrichales;f__Erysipelotrichaceae;g__Turicibacter	0.9990940395929919
16e966313097b0882c1101928d972027	d__Bacteria;p__Firmicutes;c__Clostridia;o__Oscillospirales;f__Ruminococcaceae;g__Ruminococcus	0.7677018047275271
46717dde7409e75db4cc0f3daf61ab62	d__Bacteria;p__Firmicutes;c__Bacilli;o__Lactobacillales;f__Streptococcaceae;g__Streptococcus	0.9999947762406052
95a4ca9696865754b884c570b4ceaf8e	d__Bacteria;p__Bacteroidota;c__Bacteroidia;o__Bacteroidales;f__Dysgonomonadaceae;g__Proteiniphilum	0.834381263038429
020f32b19fd5714d5ab36cc23c8a5a1c	d__Bacteria;p__Firmicutes;c__Bacilli;o__Erysipelotrichales;f__Erysipelatoclostridiaceae;g__UCG-004	0.9956331657362978
1711de4863c3743ae1f22e6d1c146b92	d__Bacteria;p__Bacteroidota;c__Bacteroidia;o__Bacteroidales;f__Rikenellaceae;g__Rikenellaceae_RC9_gut_group	0.9867577742901068
4633c933bb4cd0c40b2a88953f1f986e	d__Bacteria;p__Firmicutes;c__Clostridia;o__Clostridia_vadinBB60_group;f__Clostridia_vadinBB60_group;g__Clostridia_vadinBB60_group	0.9999999909753821
9a0b70e6fac3a72fee23b067934e9076	d__Bacteria;p__Proteobacteria;c__Gammaproteobacteria;o__Pseudomonadales;f__Moraxellaceae;g__Acinetobacter	0.9999999781566861
ca1f787f115e662c43e4ced8c45d46a5	d__Bacteria;p__Firmicutes;c__Bacilli	0.9999997268329939
296e3c9dcbd86f74f25b8d6af488c8d8	d__Bacteria;p__Firmicutes;c__Clostridia;o__Oscillospirales;f__Oscillospiraceae	0.9985659947552021
c2acc02f2543519e820c67c26f5d7d84	d__Bacteria;p__Firmicutes;c__Clostridia;o__Peptostreptococcales-Tissierellales;f__Peptostreptococcales-Tissierellales;g__Anaerococcus	0.9999747604146785
1c5fb66a1cd07b0929beb50dbb16e1e7	d__Bacteria;p__Firmicutes;c__Bacilli	0.9997210574076846
72ecedf0e8596e657b678f8beb447d4c	d__Bacteria;p__Firmicutes;c__Clostridia;o__Lachnospirales;f__Lachnospiraceae	0.9980057374430416
bbe66ecbf3b30077a8bf56c3ef0b3dbf	d__Bacteria;p__Firmicutes;c__Bacilli;o__RF39;f__RF39;g__RF39	0.9737719466809273
cacbad1e45df6ca5b59713a06feb48b6	d__Bacteria;p__Bacteroidota;c__Bacteroidia;o__Sphingobacteriales;f__Sphingobacteriaceae;g__Mucilaginibacter	0.9999573773122911
6c47f31f1f1ee5b7359df0b42e8bdee6	d__Bacteria;p__Bacteroidota;c__Bacteroidia;o__Bacteroidales;f__Prevotellaceae;g__Alloprevotella	0.9999996930912021
f774cf439331d2fd0d5e4e28ed75e70d	d__Bacteria;p__Firmicutes;c__Clostridia;o__Peptostreptococcales-Tissierellales;f__Peptostreptococcaceae;g__uncultured	0.8974713291311462
bb2c2d52995a3c2ee7884ed6a24a8f7e	d__Bacteria;p__Firmicutes;c__Clostridia;o__Clostridia;f__Hungateiclostridiaceae;g__Fastidiosipila	0.9989425518750256
a77b4a422933980bafc8994f6578e91d	d__Bacteria;p__Firmicutes;c__Clostridia;o__Peptostreptococcales-Tissierellales;f__Peptostreptococcaceae;g__Romboutsia	0.7009850697566853
6e802059994239fd047936c1729acf83	d__Bacteria;p__Firmicutes;c__Clostridia;o__Oscillospirales;f__Butyricicoccaceae;g__Butyricicoccus	0.9999847346776809
10d9ea2f177e0d04b475e37f9f62fce4	d__Bacteria;p__Firmicutes;c__Clostridia;o__Lachnospirales;f__Lachnospiraceae;g__Lachnospiraceae_NC2004_group	0.8162565464006383
f8e5e1134d3570c476459ec20f193170	d__Bacteria;p__Bacteroidota;c__Bacteroidia;o__Bacteroidales;f__Dysgonomonadaceae;g__Fermentimonas	0.8907252758508459
e49f703d39660ba7357eaf793fed9fd9	d__Bacteria;p__Firmicutes;c__Clostridia;o__Oscillospirales;f__Ruminococcaceae;g__[Eubacterium]_siraeum_group	0.752657057372673
fe5787c83b3b1e2d3371948a651ac987	d__Bacteria;p__Firmicutes;c__Clostridia;o__Peptostreptococcales-Tissierellales;f__Peptostreptococcales-Tissierellales;g__Peptoniphilus	0.9979442774802069
a1358c5fb366cceb82a2e22cbd24c837	d__Bacteria;p__Firmicutes;c__Clostridia;o__Clostridia_UCG-014;f__Clostridia_UCG-014;g__Clostridia_UCG-014	0.9982662771391085
1234b2d9eabfaf7edfb8e15cbd2c89e2	d__Bacteria;p__Firmicutes;c__Bacilli;o__Acholeplasmatales;f__Acholeplasmataceae;g__Acholeplasma	0.9999999999996874
ae5586cb41e24ac1aa5cd8f9ad37defa	d__Bacteria;p__Firmicutes;c__Clostridia;o__Oscillospirales;f__Ruminococcaceae;g__uncultured	0.9969701910382563
b8598d5bfa238438c3c49f7bdd17eb14	d__Bacteria;p__Firmicutes;c__Clostridia;o__Clostridiales;f__Clostridiaceae;g__Clostridium_sensu_stricto_1	0.9999782465588472
21484f1d41b433fa4eed4535335fe647	d__Bacteria;p__Actinobacteriota;c__Coriobacteriia;o__Coriobacteriales;f__Eggerthellaceae;g__uncultured	0.9977870273121874
876f23f1aa79e4fd01428541fcdfaf23	d__Bacteria;p__Firmicutes;c__Clostridia;o__Peptostreptococcales-Tissierellales;f__Peptostreptococcales-Tissierellales;g__Tissierella	0.8558168603611233
6f44b3d3098818ef252dbb7b614ec34a	d__Bacteria;p__Actinobacteriota;c__Coriobacteriia;o__Coriobacteriales;f__uncultured;g__uncultured	0.996705257282631
f664a73e7de6e00ff70e013369499cbd	d__Bacteria;p__Firmicutes;c__Clostridia;o__Lachnospirales;f__Lachnospiraceae;g__Lachnospira	0.9987289275583631
32fbde48158c684454c756e115a78e3e	d__Bacteria;p__Actinobacteriota;c__Actinobacteria;o__Micrococcales;f__Micrococcaceae;g__Renibacterium	0.8588301458305643
75714e29ff167be663f2590e1f090abd	d__Bacteria;p__Bacteroidota;c__Bacteroidia;o__Bacteroidales;f__Prevotellaceae;g__Alloprevotella	0.9999999998371387
07d5eee83d94b837bbacb98d7337a3fb	d__Bacteria;p__Proteobacteria;c__Gammaproteobacteria;o__Aeromonadales;f__Succinivibrionaceae;g__Succinivibrio	0.8604348204656398
96c8f64c72face61c72378e19caea04f	d__Bacteria;p__Bacteroidota;c__Bacteroidia;o__Bacteroidales;f__Bacteroidaceae;g__Bacteroides	0.9999180058136844
3bccbd9bf9d45dc02ab67f9f9be428f0	Unassigned	0.7644386676093853
dba0c16ad2bde83e0553befa290218fe	d__Bacteria;p__Firmicutes;c__Bacilli;o__Lactobacillales;f__Streptococcaceae;g__Streptococcus	0.999879712378766
9f5c609175e8effe26be3f19b14d96d1	d__Bacteria;p__Firmicutes;c__Clostridia;o__Oscillospirales;f__Ruminococcaceae;g__uncultured	0.9427278397029749
dfb0cf3f205113de3fb08a439446154b	d__Bacteria;p__Bacteroidota;c__Bacteroidia;o__Flavobacteriales;f__Flavobacteriaceae	0.9999729241192291
73c6c22fb787abdf699e0c05672ae222	d__Bacteria;p__Firmicutes;c__Bacilli;o__Lactobacillales;f__Streptococcaceae;g__Streptococcus	0.9999768209589055
0ad13e4994565fd9bc61d271b9cf48ab	d__Bacteria;p__Firmicutes;c__Bacilli;o__Lactobacillales;f__Leuconostocaceae;g__Weissella	0.9888454137291447
a0b6b0904340762afffb375f0c0811a4	d__Archaea;p__Euryarchaeota;c__Methanobacteria;o__Methanobacteriales;f__Methanobacteriaceae;g__Methanosphaera	0.8717563044776394
e8a97b4369c808d39ffa9d4176cd57e2	d__Bacteria;p__Firmicutes;c__Clostridia;o__Peptostreptococcales-Tissierellales;f__Peptostreptococcaceae;g__Terrisporobacter	0.9935213513305914
c85132e97a07cfe77f7a332d5d6283da	d__Bacteria;p__Bacteroidota;c__Bacteroidia;o__Bacteroidales;f__Prevotellaceae;g__Prevotellaceae_NK3B31_group	0.9989447850195926
a3d4c4eb1c09abad83195f02113c3289	d__Bacteria;p__Firmicutes;c__Clostridia;o__Clostridiales;f__Clostridiaceae;g__Clostridium_sensu_stricto_1	0.7619788319016393
6bf6978bffe97128f610ed1d22789d25	d__Bacteria;p__Bacteroidota;c__Bacteroidia;o__Bacteroidales;f__Dysgonomonadaceae;g__Proteiniphilum	0.7882815894059891
4579ec52ebbb9f0b86f787f1f6bcced8	d__Bacteria;p__Bacteroidota;c__Bacteroidia;o__Bacteroidales;f__Rikenellaceae;g__Rikenellaceae_RC9_gut_group	0.9077426188931095
6ef15179e36c276e8ba60e2a853b07dc	d__Bacteria;p__Bacteroidota;c__Bacteroidia;o__Bacteroidales;f__Dysgonomonadaceae;g__Proteiniphilum	0.7638046165067329
d7de2cb50c8734bf31187304dd33ea3f	d__Bacteria;p__Firmicutes;c__Clostridia;o__Clostridia;f__Hungateiclostridiaceae;g__Fastidiosipila	0.9801720904872737
31cfa47921b43ee1652f460b8612ba70	d__Bacteria;p__Firmicutes;c__Clostridia;o__Clostridiales;f__Clostridiaceae;g__Clostridium_sensu_stricto_1	0.9907838650956974
fa46c897281b1aa1abe9c2e4efd301c5	d__Bacteria;p__Firmicutes;c__Clostridia;o__Peptostreptococcales-Tissierellales;f__Peptostreptococcales-Tissierellales;g__Anaerococcus	0.7305403405113434
9f4b8e6dfc476ba2983f3f3691495b73	d__Bacteria;p__Actinobacteriota;c__Coriobacteriia;o__Coriobacteriales;f__Eggerthellaceae;g__Paraeggerthella	0.8131692695286572
1b71f17c9ad59afca98b020d11ca420a	d__Bacteria;p__Actinobacteriota;c__Actinobacteria;o__Micrococcales;f__Dermabacteraceae;g__Brachybacterium	0.9962416517508964
be17b89b1e7f7d3c7d35a2372abc11e2	d__Bacteria;p__Bacteroidota;c__Bacteroidia;o__Flavobacteriales;f__Weeksellaceae;g__Ornithobacterium	0.7385476090467934
1ae05d37512a58c4e76e6579c204aa85	d__Bacteria;p__Bacteroidota;c__Bacteroidia;o__Bacteroidales;f__F082;g__F082	0.830892024612785
8314186e105945890f6028b016971d75	d__Bacteria;p__Firmicutes;c__Bacilli;o__Lactobacillales;f__Carnobacteriaceae;g__uncultured	0.9878807165895468
54f367a1baae681f50c80e6acedcd836	d__Bacteria;p__Bacteroidota;c__Bacteroidia;o__Bacteroidales;f__Rikenellaceae	0.9999990641950649
388e9fbdc45b45eadf460d559c36be96	d__Bacteria;p__Firmicutes;c__Clostridia;o__Clostridia_UCG-014;f__Clostridia_UCG-014;g__Clostridia_UCG-014	0.909997255566964
b91d89d8b5595b8cbbb74ed289d253a8	d__Bacteria;p__Firmicutes;c__Bacilli;o__Erysipelotrichales;f__Erysipelotrichaceae;g__Turicibacter	0.9953861931390471
b33993ecb07be61566d1aa0efda63f99	d__Bacteria;p__Proteobacteria;c__Alphaproteobacteria;o__Rhizobiales;f__Rhizobiaceae;g__Aminobacter	0.8298923349299183
93bb360babc6aa9591cee0e5a3f8608d	d__Bacteria;p__Bacteroidota;c__Bacteroidia;o__Bacteroidales;f__Dysgonomonadaceae;g__Fermentimonas	0.79505256919762
9dafd6591aad72276d258d902e9d5cf4	d__Bacteria;p__Firmicutes;c__Clostridia;o__Clostridiales;f__Clostridiaceae;g__Clostridium_sensu_stricto_1	0.8161331335266576
f310f7df42a519fda73298dd8b1d4e2a	d__Bacteria;p__Planctomycetota;c__Planctomycetes;o__Pirellulales;f__Pirellulaceae	0.9999999999957563
6f282ff4fe35c9b13d5ea3a1e84a3df9	d__Bacteria;p__Firmicutes;c__Clostridia;o__Clostridiales	0.9999979224525508
097e62ec29c92fa00eb5bf16d3cd2919	d__Bacteria;p__Bacteroidota;c__Bacteroidia;o__Bacteroidales;f__Prevotellaceae;g__Alloprevotella	0.7381346228912946
a52ea14592f0c1c8d832aba8022e90ea	d__Bacteria;p__Firmicutes;c__Clostridia;o__Lachnospirales;f__Lachnospiraceae;g__Lachnospiraceae_AC2044_group	0.8284347495485709
da9c4d3bf4bc5465d5ac4244121adce4	d__Bacteria;p__Bacteroidota;c__Bacteroidia;o__Bacteroidales;f__PeH15;g__PeH15	0.997112118590004
f315c298b12a20fcf2cbc180a2fd45de	d__Bacteria;p__Bacteroidota;c__Bacteroidia;o__Flavobacteriales;f__Flavobacteriaceae;g__Myroides	0.7379279054002007
1e8e3605e76d0ef62723935c8b7f9373	d__Bacteria;p__Bacteroidota;c__Bacteroidia;o__Bacteroidales;f__Prevotellaceae;g__Prevotella	0.947826770726645
12cd9e8f4de3ccc882bf83e5926843d5	d__Bacteria;p__Firmicutes;c__Clostridia;o__Lachnospirales;f__Lachnospiraceae	0.999445008079719
0ada9c37410b5e358d36fd396e645aff	d__Bacteria;p__Firmicutes;c__Clostridia;o__Lachnospirales;f__Lachnospiraceae	0.9999990555229371
a2a8fe992fdaf1187c86d8c009fceacd	d__Bacteria;p__Bacteroidota;c__Bacteroidia;o__Bacteroidales;f__Rikenellaceae;g__Rikenellaceae_RC9_gut_group	0.9977596579865233
5b46f7cf1041607afcc00b92d091d159	d__Bacteria;p__Desulfobacterota;c__Desulfovibrionia;o__Desulfovibrionales;f__Desulfovibrionaceae;g__Desulfovibrio	0.8027803062370295
4a3d3cd9f9e5f9beebfdc7ca6e278f7c	d__Bacteria;p__Firmicutes;c__Thermacetogenia;o__Thermacetogeniales;f__Thermacetogeniaceae;g__Syntrophaceticus	0.9994003323421105
98b675a4e3b5d6c01a2034874cbcbff8	d__Bacteria;p__Firmicutes;c__Clostridia;o__Oscillospirales;f__Ruminococcaceae;g__Ruminococcus	0.9779564116667862
9d0881faf96bd14e3f12a715d5f21ee6	d__Bacteria;p__Firmicutes;c__Clostridia;o__Clostridiales;f__Clostridiaceae;g__Clostridium_sensu_stricto_1	0.91222532379507
2734a30964ed219050c38bb0ec3f8785	d__Bacteria;p__Firmicutes;c__Bacilli;o__Lactobacillales;f__Lactobacillaceae;g__Lactobacillus	0.7135387686853734
d0fcc4128ad41dd9cd5710436d2a3a5b	d__Bacteria;p__Firmicutes;c__Clostridia;o__Clostridiales;f__Clostridiaceae;g__Clostridium_sensu_stricto_1	0.999323124600386
35d0c24540142d0a637436735a297eb5	d__Bacteria;p__Bacteroidota;c__Bacteroidia;o__Bacteroidales;f__Dysgonomonadaceae;g__Fermentimonas	0.978634827466347
ba2c4a61c96219ce0880164d0e93e7b3	d__Bacteria;p__Actinobacteriota;c__Actinobacteria;o__Micrococcales;f__Promicromonosporaceae;g__Cellulosimicrobium	0.9953996606680918
4a569209edbe37bba7ec26aaac083402	d__Bacteria;p__Bacteroidota;c__Bacteroidia;o__Bacteroidales;f__Paludibacteraceae;g__uncultured	0.9749493162088706
5b1ade3805d913839d32a4a453d4b843	d__Bacteria;p__Firmicutes;c__Clostridia;o__Peptostreptococcales-Tissierellales;f__Peptostreptococcales-Tissierellales;g__Gallicola	0.9820962891696953
28bd18ba86cefe02e617e87aed55238e	d__Bacteria;p__Bacteroidota;c__Bacteroidia;o__Bacteroidales;f__Muribaculaceae;g__Muribaculaceae	0.9774935999926465
e14f0abbf5c4fd43463e6b3a27f6520f	d__Bacteria;p__Bacteroidota;c__Bacteroidia;o__Bacteroidales;f__Prevotellaceae;g__Prevotellaceae_NK3B31_group	0.9982238405097451
2204baf88a09222ed63202a8e11c6e63	d__Bacteria;p__Firmicutes;c__Clostridia;o__Peptostreptococcales-Tissierellales;f__Anaerovoracaceae;g__Mogibacterium	0.9972971438707322
2dcac7b8f08e530e53f60e12f1b5966b	d__Bacteria;p__Actinobacteriota;c__Coriobacteriia;o__Coriobacteriales;f__Atopobiaceae;g__uncultured	0.9999999999799627
2d9159db3b864b98f9cefc0f4f28f948	d__Bacteria;p__Firmicutes;c__Clostridia;o__Peptostreptococcales-Tissierellales;f__Peptostreptococcales-Tissierellales;g__Gallicola	0.7433770499311761
71159bd4eb32e2be3ed5f4de138fcbdf	d__Bacteria;p__Bacteroidota;c__Bacteroidia;o__Bacteroidales;f__Bacteroidaceae;g__Bacteroides	0.843564650150065
a68ff5a3d0586c8ea6a1309b610bd8ce	d__Bacteria;p__Firmicutes;c__Clostridia;o__Clostridiales;f__Clostridiaceae;g__Clostridium_sensu_stricto_1	0.9999833331578641
47be1729abb094314256056adc1e37e6	d__Bacteria;p__Firmicutes;c__Clostridia;o__Peptostreptococcales-Tissierellales;f__Peptostreptococcales-Tissierellales;g__Peptoniphilus	0.9999392242981641
a50aac06a55112cc92cc1e0f3a05f4f1	d__Bacteria;p__Firmicutes;c__Clostridia;o__Peptostreptococcales-Tissierellales;f__Peptostreptococcales-Tissierellales;g__W5053	0.9948131026526201
cc5fbd9d521d40c4a93b0a3c79f82941	d__Bacteria;p__Firmicutes;c__Bacilli;o__Lactobacillales;f__Streptococcaceae;g__Streptococcus	0.9999960420956902
3827d9f9f6595d3fffbeef997ae26a07	d__Bacteria;p__Actinobacteriota;c__Actinobacteria;o__Actinomycetales;f__Actinomycetaceae;g__Trueperella	0.9713392419798613
53a264816affeb967714241bd318bd53	d__Bacteria;p__Firmicutes;c__Bacilli;o__Staphylococcales;f__Staphylococcaceae;g__Staphylococcus	0.9995985013835711
aa4986bc33e37170c5ca99419fe7bd2f	d__Bacteria;p__Bacteroidota;c__Bacteroidia;o__Bacteroidales;f__Prevotellaceae;g__Alloprevotella	0.9618464736748122
b492679122553f3d8f8a24fef0d43f67	d__Bacteria;p__Bacteroidota;c__Bacteroidia;o__Bacteroidales;f__p-251-o5;g__p-251-o5	0.9999995871392855
147b46a10146288461e9effcb23dd625	d__Bacteria;p__Spirochaetota;c__Spirochaetia;o__Spirochaetales;f__Spirochaetaceae;g__Sphaerochaeta	0.9899063744038884
69c02bab7d31ecf6e2f8264058c63525	d__Bacteria;p__Proteobacteria;c__Gammaproteobacteria;o__Pseudomonadales;f__Pseudomonadaceae;g__Pseudomonas	0.997508869148149
74886e6d3f3cfc18989e0144dbac2391	d__Bacteria;p__Proteobacteria;c__Gammaproteobacteria;o__Cardiobacteriales;f__Wohlfahrtiimonadaceae;g__Ignatzschineria	0.9999999231036755
ebeff0d2ab57b57763c656813721456b	d__Bacteria;p__Firmicutes;c__Clostridia;o__Clostridia;f__Hungateiclostridiaceae;g__Fastidiosipila	0.7152412889027624
621d8be3130aab193aecf8ecd6f2ff02	d__Bacteria;p__Firmicutes;c__Bacilli;o__Lactobacillales;f__Streptococcaceae;g__Streptococcus	0.9999509133237579
28d7c1ce185a4daf023adcdd12d94220	d__Bacteria;p__Firmicutes;c__Clostridia;o__Peptostreptococcales-Tissierellales;f__Peptostreptococcaceae	0.999477984265373
3ac7ddc7638525c48e33da5f0ec3b889	d__Bacteria;p__Firmicutes;c__Clostridia;o__Oscillospirales;f__Ruminococcaceae;g__[Eubacterium]_siraeum_group	0.9996554564748821
a9927f05974d7884baa8353f8eed2dff	d__Bacteria;p__Bacteroidota;c__Bacteroidia;o__Bacteroidales	0.768448996213545
5d0f3b462115d293d960e478465790fd	d__Bacteria;p__Firmicutes;c__Clostridia;o__Oscillospirales;f__Ruminococcaceae;g__uncultured	0.9937182213100636
a70978067c0710ffe1e241bf28083593	d__Bacteria;p__Firmicutes;c__Bacilli;o__Lactobacillales;f__Carnobacteriaceae;g__uncultured	0.9999778690442558
d720c92c2d839464c3d369b2da4163f6	d__Bacteria;p__Actinobacteriota;c__Actinobacteria;o__Propionibacteriales;f__Nocardioidaceae;g__Nocardioides	0.9492259776047797
b2ff6f3cfa57cfc9b2df5f2a1388132e	d__Bacteria;p__Actinobacteriota;c__Actinobacteria;o__Micrococcales;f__Bogoriellaceae;g__Bogoriella	0.8485804044739226
aebcd5642a76c88db3fce42533fe451b	d__Bacteria;p__Firmicutes;c__Bacilli;o__Erysipelotrichales;f__Erysipelotrichaceae;g__Turicibacter	0.9978791042242032
20321c3096bbea4408db265e1e943c38	d__Bacteria;p__Bacteroidota;c__Bacteroidia;o__Bacteroidales;f__Bacteroidales_RF16_group;g__Bacteroidales_RF16_group	0.9993903517223955
fb23b539508b6943964d6864f77c3c02	d__Bacteria;p__Firmicutes;c__Bacilli;o__Erysipelotrichales;f__Erysipelotrichaceae;g__Turicibacter	0.9946655447811188
44e65f1c6fbad920d2b15f98d0d54737	d__Bacteria;p__Desulfobacterota;c__Desulfovibrionia;o__Desulfovibrionales;f__Desulfovibrionaceae;g__Desulfovibrio	0.9999935665317331
26a6eca2329432e8f8d21fc7126ac6b0	d__Bacteria;p__Firmicutes;c__Clostridia;o__Christensenellales;f__Christensenellaceae;g__Christensenellaceae_R-7_group	0.8005149583294161
609926c07417897f2facd132df42296f	d__Bacteria;p__Bacteroidota;c__Bacteroidia;o__Bacteroidales;f__Tannerellaceae;g__Parabacteroides	0.9793705199862773
6502957c1309dfd5869009ab971e86a5	d__Bacteria;p__Actinobacteriota;c__Coriobacteriia;o__Coriobacteriales;f__Eggerthellaceae;g__uncultured	0.9895128380616189
397de8ec14964e68ad71b583078b7178	d__Bacteria;p__Actinobacteriota;c__Actinobacteria;o__Micrococcales;f__Dermatophilaceae;g__uncultured	0.8800496565091337
e31dce98a34831f7db6a94260e8e651e	Unassigned	0.34263390475838573
da6cc53a20426803bc15cad040181574	Unassigned	0.6381552125733306
44d8bb5e3dda0f0d1477602c842de66f	d__Bacteria;p__Proteobacteria;c__Gammaproteobacteria;o__Xanthomonadales;f__Xanthomonadaceae;g__Stenotrophomonas	0.9999950022282603
c86dee79132ebd94cd3d5fb1cc2574ed	d__Bacteria	0.8034651499619012
d1360bf7fa47253b95a27913da7d87a7	d__Bacteria;p__Firmicutes;c__Clostridia;o__Oscillospirales;f__Ruminococcaceae;g__[Eubacterium]_siraeum_group	0.716584930691067
538145788ed53ca58e5dd3afc536dcbf	d__Bacteria;p__Bacteroidota;c__Bacteroidia;o__Bacteroidales;f__Dysgonomonadaceae;g__Fermentimonas	0.8823656814258358
8d946b6b7ae998497e20339997a114c0	d__Bacteria;p__Verrucomicrobiota;c__Lentisphaeria;o__Victivallales;f__Victivallaceae;g__Victivallaceae	0.8721123819341883
a611f20f58f9bc9e3ad0b8e01c6aeea6	d__Bacteria;p__Proteobacteria;c__Alphaproteobacteria;o__Rhodobacterales;f__Rhodobacteraceae;g__Roseovarius	0.9106498746481999
0b0150bcf8926f018b16b0f4220a6187	d__Bacteria;p__Firmicutes;c__Clostridia;o__Oscillospirales;f__Oscillospiraceae;g__UCG-005	0.8427596229216509
e345f3e759e2646fc7e2d1c5a3931d22	d__Bacteria;p__Firmicutes;c__Clostridia;o__Oscillospirales;f__Ruminococcaceae;g__Ruminococcus	0.9912557773475971
bb90068d2a78247d6969699cbad6937c	d__Bacteria;p__Spirochaetota;c__Spirochaetia;o__Spirochaetales;f__Spirochaetaceae;g__Sphaerochaeta	0.9986149591061245
359a0e91f17f57bc8424f7ffe326d206	d__Bacteria;p__Cyanobacteria;c__Vampirivibrionia;o__Gastranaerophilales;f__Gastranaerophilales;g__Gastranaerophilales	0.9303660314143181
a296e62077a896f6411b1345b4bfbbb1	d__Bacteria;p__Bacteroidota;c__Bacteroidia;o__Bacteroidales;f__Bacteroidaceae;g__Bacteroides	0.9999999996346259
46581ecd114ad7703773e368f2ca5c40	d__Bacteria;p__Firmicutes;c__Clostridia;o__Christensenellales;f__Christensenellaceae;g__uncultured	0.9014382933418282
466d2a55e55d5809d41f9216196bce32	d__Bacteria;p__Cyanobacteria;c__Vampirivibrionia;o__Gastranaerophilales;f__Gastranaerophilales;g__Gastranaerophilales	0.9355533430687748
be5d4cf81713ede5ec84a8ba06d60483	d__Bacteria;p__Synergistota;c__Synergistia;o__Synergistales;f__Synergistaceae;g__Pyramidobacter	0.9999663557315072
2e0031c31371d065a372901477bf52af	d__Bacteria;p__Bacteroidota;c__Bacteroidia;o__Bacteroidales;f__Rikenellaceae;g__DMER64	0.7793392626775805
a9059d43ff3f7c2310fd7a486ed76cb7	d__Bacteria;p__Firmicutes;c__Bacilli;o__Acholeplasmatales;f__Acholeplasmataceae;g__Acholeplasma	0.9988565831200589
bdf0f0ff5407b65e65399e29a9370c5e	d__Bacteria;p__Firmicutes;c__Clostridia;o__Oscillospirales;f__Oscillospiraceae	0.8516559594149975
caed4b8ca61755e51be8222f77f44c66	d__Bacteria;p__Firmicutes;c__Clostridia;o__Oscillospirales;f__Oscillospiraceae;g__NK4A214_group	0.8559331665217712
df20ec67da5c1c8253cb3b8544431bba	d__Bacteria;p__Firmicutes;c__Clostridia;o__Monoglobales;f__Monoglobaceae;g__Monoglobus	0.9328678404756606
64bb639732c779ff00539cd8b24c79e6	d__Bacteria;p__Firmicutes;c__Clostridia;o__Monoglobales;f__Monoglobaceae;g__Monoglobus	0.9789165533949341
6b6c4d7c66d60ffe8bf048a9235594ee	d__Bacteria;p__Bacteroidota;c__Bacteroidia;o__Bacteroidales;f__Prevotellaceae;g__Alloprevotella	0.9446864366705504
08186f7610a3dc8fba2552f21c928c51	d__Bacteria;p__Firmicutes;c__Clostridia;o__Clostridia;f__Hungateiclostridiaceae;g__Fastidiosipila	0.7567627711851261
3cb80e7b1e338040fc76c07ed68a0f2e	d__Bacteria;p__Firmicutes;c__Clostridia;o__Peptostreptococcales-Tissierellales;f__Peptostreptococcales-Tissierellales;g__Anaerosalibacter	0.9652764458536635
13468a34f2c9c5a125989ee378d86f32	d__Bacteria;p__Firmicutes;c__Clostridia;o__Oscillospirales;f__Butyricicoccaceae;g__UCG-008	0.9995671067250202
52c1c3e37022243c2f0af56c6c9967ef	d__Bacteria;p__Firmicutes;c__Clostridia;o__Peptostreptococcales-Tissierellales;f__Peptostreptococcaceae;g__Terrisporobacter	0.9987248136917353
a8f3507ee57026a970e37ec26a53554f	d__Bacteria;p__Proteobacteria;c__Gammaproteobacteria;o__Burkholderiales;f__Sutterellaceae;g__Parasutterella	0.7846767596653458
b8ee35125d289de08a8ec998ca5d4937	d__Bacteria;p__Firmicutes;c__Moorellia;o__Desulfitibacterales;f__Desulfitibacteraceae;g__Desulfitibacter	0.9993233297641286
a0562ddb79948aaead8aa08bc3233b88	d__Bacteria;p__Firmicutes;c__Bacilli;o__Lactobacillales;f__Carnobacteriaceae;g__Atopostipes	0.9728967971211335
0aaa811b30a8f73dc5b9974ba633917d	d__Bacteria;p__Firmicutes;c__Clostridia;o__Oscillospirales;f__Oscillospiraceae;g__Oscillibacter	0.8216638752585657
12a9192102bdcaa719aecc5b7bea989d	d__Bacteria;p__Firmicutes;c__Clostridia;o__Peptostreptococcales-Tissierellales;f__Peptostreptococcales-Tissierellales;g__Guggenheimella	0.9999992125705122
d0a6915cb9ce1f7bdb5da5b026f4e5e1	d__Bacteria;p__Firmicutes;c__Clostridia;o__Peptostreptococcales-Tissierellales;f__Peptostreptococcales-Tissierellales;g__Anaerosphaera	0.9998669711054055
0027c1b10e23aceb4d696bb66d0d98fe	d__Bacteria;p__Firmicutes;c__Clostridia;o__Clostridia;f__Hungateiclostridiaceae;g__uncultured	0.8779457437816257
7f041a0d33233d5f23ee3ce43ba1147b	d__Bacteria;p__Synergistota;c__Synergistia;o__Synergistales;f__Synergistaceae;g__uncultured	0.9962050538201552
24d2568057a7cf939b7439d6e067e9b6	d__Bacteria;p__Firmicutes;c__Clostridia;o__Oscillospirales;f__UCG-010;g__UCG-010	0.8653412083342337
f1c9d3b112f9f909faca879def0b5f89	d__Bacteria;p__Bacteroidota;c__Bacteroidia;o__Bacteroidales;f__Prevotellaceae;g__Prevotella	0.857433805567248
f023fe560d42c15cf1f9186c62f74f2f	d__Bacteria;p__Deferribacterota;c__Deferribacteres;o__Deferribacterales;f__Deferribacteraceae;g__Mucispirillum	0.9905175583001407
806acf2fb2c8b001099578acdee8ac7f	d__Bacteria;p__Verrucomicrobiota;c__Verrucomicrobiae;o__Opitutales;f__Puniceicoccaceae;g__uncultured	0.9962410939338914
7899276bb80fa3652458fb6dafd9cf51	d__Bacteria;p__Firmicutes;c__Bacilli;o__RF39;f__RF39;g__RF39	0.8125930733968523
f7237250fafddc852daf7fd4f0cb1167	d__Bacteria;p__Proteobacteria;c__Gammaproteobacteria;o__Pseudomonadales;f__Pseudomonadaceae;g__Pseudomonas	0.9579390468292921
6b85ab3469ea5c8fec4ee7b2f7ada4f6	d__Bacteria;p__Bacteroidota;c__Bacteroidia;o__Bacteroidales;f__Prevotellaceae;g__Prevotellaceae_NK3B31_group	0.9183757322237036
da5b234c0eb1b1adf07e63e9ebdd7b1e	d__Bacteria;p__Bacteroidota;c__Bacteroidia;o__Bacteroidales;f__Rikenellaceae;g__Rikenellaceae_RC9_gut_group	0.9125089263478502
85509e9aa9d7e78ae7f29ce86acc6de8	d__Bacteria;p__Bacteroidota;c__Bacteroidia;o__Bacteroidales;f__Dysgonomonadaceae;g__Fermentimonas	0.994079878774583
edc7689fe3ecef565d83c93441cf88c4	d__Bacteria;p__Firmicutes;c__Clostridia;o__Clostridiales;f__Clostridiaceae;g__Clostridium_sensu_stricto_1	0.745247011300156
02cbc49e54970a8f7cf27a3a63106e26	d__Bacteria;p__Firmicutes;c__Clostridia;o__Peptostreptococcales-Tissierellales;f__Peptostreptococcaceae;g__Romboutsia	0.9343726025855184
745a5935f39f72e7def60bc58c62afb5	d__Bacteria;p__Spirochaetota;c__Spirochaetia;o__Spirochaetales;f__Spirochaetaceae;g__Sphaerochaeta	0.9999999997545785
419e198d1d28c79e3fb870c1c44d9ac9	d__Bacteria;p__Bacteroidota;c__Bacteroidia;o__Bacteroidales;f__Porphyromonadaceae;g__Porphyromonas	0.9806083148147207
d1af99e7f84d702787b795cd1a13460b	d__Bacteria;p__Bacteroidota;c__Bacteroidia;o__Bacteroidales	0.996423373152942
6b91c9db033ae0759ab600b5b4d42855	d__Bacteria;p__Actinobacteriota;c__Actinobacteria;o__Corynebacteriales;f__Corynebacteriaceae;g__Corynebacterium	0.9987444630883731
f7face2390cb772a8ef30e9d79aafc89	d__Bacteria;p__Firmicutes;c__Bacilli;o__Erysipelotrichales;f__Erysipelotrichaceae;g__Turicibacter	0.9978250666759915
50d3c06adf5944880d68f70d7c190a5c	d__Bacteria;p__Firmicutes;c__Bacilli;o__Erysipelotrichales;f__Erysipelatoclostridiaceae;g__UCG-004	0.9989859059926607
3ad54954f8f621d9c95cf553f3920b63	d__Bacteria;p__Chloroflexi;c__Anaerolineae;o__Anaerolineales;f__Anaerolineaceae;g__uncultured	0.7283808669052753
0c4f950a6b3c5ad0fb9d8edb1a94fdd0	d__Bacteria;p__Firmicutes;c__Bacilli;o__Erysipelotrichales;f__Erysipelatoclostridiaceae;g__UCG-004	0.9388490497177387
1a9d76b7a2ad3ffaee1c85f01cfa07fa	d__Bacteria;p__Firmicutes;c__Clostridia;o__Peptostreptococcales-Tissierellales;f__Peptostreptococcales-Tissierellales;g__Tepidimicrobium	0.9642825746039966
a201675fa99562f5fe9cd2c7629456c5	d__Bacteria;p__Bacteroidota;c__Bacteroidia;o__Bacteroidales;f__Dysgonomonadaceae;g__Proteiniphilum	0.9978936084387321
5eda5f86acf582d802210f03693f5d6e	d__Bacteria;p__Firmicutes;c__Clostridia;o__Peptostreptococcales-Tissierellales;f__Sedimentibacteraceae;g__Sedimentibacter	0.9999999796363346
f2dec2d9079f5a2f584063919516adf8	d__Bacteria;p__Firmicutes;c__Clostridia;o__Clostridia_UCG-014;f__Clostridia_UCG-014;g__Clostridia_UCG-014	0.9999999999971392
e36c7d9620a68e399221ecde3dc55f41	d__Bacteria;p__Firmicutes;c__Clostridia;o__Lachnospirales;f__Lachnospiraceae;g__uncultured	0.8042319282854548
6a851465974d079e6e3f3d7f552e3f9c	d__Bacteria;p__Firmicutes;c__Bacilli;o__Bacillales;f__Planococcaceae;g__Savagea	0.9977904660571525
c8aca7b09b949015e4b3fac4fdbfc5ae	d__Bacteria;p__Firmicutes;c__Negativicutes;o__Veillonellales-Selenomonadales;f__Veillonellaceae;g__Dialister	0.999999787427979
d7f6d5d4f2f39017ee50f8084d9d975c	d__Bacteria;p__Firmicutes;c__Clostridia;o__Oscillospirales;f__[Eubacterium]_coprostanoligenes_group;g__[Eubacterium]_coprostanoligenes_group	0.9756850155345711
7dd3d10612ed7d0a6e1049af8af81366	d__Bacteria;p__Bacteroidota;c__Bacteroidia;o__Bacteroidales;f__Rikenellaceae;g__Rikenellaceae_RC9_gut_group	0.9999354783693417
687b677c2b690746ad090f2cb0772c0d	d__Bacteria;p__Firmicutes;c__Clostridia;o__Clostridiales;f__Clostridiaceae;g__Clostridium_sensu_stricto_1	0.9798112526732969
15e98f773a785d68a7d2e8d5fae0a22e	d__Bacteria;p__Firmicutes;c__Clostridia;o__Peptostreptococcales-Tissierellales;f__Peptostreptococcaceae;g__Peptostreptococcus	0.9999990550264883
4a5671e2c81b6bf74b6e1eb3fbc56641	d__Bacteria;p__Firmicutes;c__Clostridia;o__Peptostreptococcales-Tissierellales;f__Peptostreptococcales-Tissierellales;g__Soehngenia	0.7172144184285472
173ae6d1f9eb9067ae43e77a19a3c2a8	d__Bacteria;p__Firmicutes;c__Bacilli;o__Bacillales	0.8874673027119031
3a2b50df40f2bb242fd0dd8fb5d36907	d__Bacteria	0.9004501158979435
d35c8896d5f304c9f6490ac6a8d15e14	d__Bacteria;p__Firmicutes;c__Clostridia;o__Clostridia;f__Hungateiclostridiaceae;g__Fastidiosipila	0.9956210635393804
8ac4b2188387cec43bd4955aeb28e4ac	d__Bacteria;p__Firmicutes;c__Clostridia;o__Monoglobales;f__Monoglobaceae;g__Monoglobus	0.8904882235369946
37c9894fa08f540c206dc782162d1888	d__Bacteria;p__Actinobacteriota;c__Coriobacteriia;o__Coriobacteriales;f__Coriobacteriales_Incertae_Sedis;g__uncultured	0.9999657201797207
7b17ee276ddd7ba02d57f4036efe0cc2	d__Bacteria;p__Firmicutes;c__Bacilli;o__Acholeplasmatales;f__Acholeplasmataceae;g__Acholeplasma	0.7893763893355994
1b12eacbe4429995d0296eafb2efbd5b	d__Bacteria;p__Firmicutes;c__Bacilli;o__Acholeplasmatales;f__Acholeplasmataceae;g__Acholeplasma	0.9959476827055593
d8e16e0f8dbacc54b748bea2111b5e18	d__Bacteria;p__Firmicutes;c__Clostridia;o__Peptostreptococcales-Tissierellales;f__Peptostreptococcaceae;g__Terrisporobacter	0.724320173023112
34d5cc9b9b7d7d60ec04ddc18da95488	d__Bacteria;p__Firmicutes;c__Bacilli;o__Bacillales;f__Planococcaceae;g__Rummeliibacillus	0.7985548104570016
05c4e903a38a1ffe0111f927193f540e	d__Bacteria;p__Firmicutes;c__Clostridia;o__Oscillospirales;f__Oscillospiraceae;g__NK4A214_group	0.9999844331028895
d7957e240774ed2e9851c56500405815	d__Bacteria;p__Firmicutes;c__Clostridia;o__Clostridia_UCG-014;f__Clostridia_UCG-014;g__Clostridia_UCG-014	0.9999999998476067
3cf5c6a3045e8d3f703b960695b180f0	d__Bacteria;p__Bacteroidota;c__Bacteroidia;o__Bacteroidales;f__Prevotellaceae;g__Prevotellaceae_UCG-003	0.9997541211198786
74e5ad831c618b4af87c9c7d652b4ada	d__Bacteria;p__Firmicutes;c__Clostridia;o__Oscillospirales;f__Butyricicoccaceae;g__Butyricicoccus	0.9176385112865783
1ed45314cfea4d802987c6cfcde42c93	d__Bacteria;p__Spirochaetota;c__Spirochaetia;o__Spirochaetales;f__Spirochaetaceae;g__Sphaerochaeta	0.9980870934876139
9c222271270cd7263de4d338ac99c8f2	d__Bacteria;p__Bacteroidota;c__Bacteroidia;o__Bacteroidales;f__Dysgonomonadaceae;g__Fermentimonas	0.9875513306132211
11854777c0713c205809bf9aa7eaa9ca	d__Bacteria;p__Firmicutes;c__Bacilli;o__Bacillales;f__Planococcaceae;g__Rummeliibacillus	0.9727426994681201
bcd6f4e08e370357b0a70b7833dbb4b7	d__Bacteria;p__Verrucomicrobiota;c__Lentisphaeria;o__Victivallales;f__vadinBE97;g__vadinBE97	0.9999999998665058
